universe_version,as_of_date,security_id,current_ticker,company_name,market_group,market_name,instrument_type,is_active,include_in_v1,official_source_name,official_source_reference,official_source_date,official_source_url,source_record_checksum,notes,candidate_ticker,exclusion_reason,source_market,source_instrument_type,cross_check_status
bist_active_universe_v1,2026-07-29,SEC_9759d53e8a00,A1CAP,A1 CAPİTAL YATIRIM MENKUL DEĞERLER A.Ş.,PAY PİYASASI,YILDIZ PAZAR,EQUITY,True,True,KAP_MARKETS,KAP_MARKET:4028328c550642950155066367d0001b:4028328c6d92933b016e21b838963f42:4028e4a1416e696301416f37201c5f2e:A1CAP,2026-07-29,https://www.kap.org.tr/tr/Pazarlar,5f08218c0e5c09aff0fa0797226fc495ed0cbbc6f17885fbb4ad97abf9069f96,Exact as-of source observation; no liquidity filter applied.,A1CAP,,YILDIZ PAZAR,EQUITY,PASS_BORSA_ISTANBUL_KAP_REFERENCE
bist_active_universe_v1,2026-07-29,SEC_2bf2a28b69fc,A1YEN,A1 YENİLENEBİLİR ENERJİ ÜRETİM A.Ş.,PAY PİYASASI,ANA PAZAR,EQUITY,True,True,KAP_MARKETS,KAP_MARKET:4028328c550642950155066367d0001b:33E5FED802CC00EAE0530A4A622B2AEA:8acae2c5794d3d66017a62a693be689d:A1YEN,2026-07-29,https://www.kap.org.tr/tr/Pazarlar,ab8c975e71873581d2402d79eeda7f5dc46a6710ffd1ea1a555ed14482e34133,Exact as-of source observation; no liquidity filter applied.,A1YEN,,ANA PAZAR,EQUITY,PASS_BORSA_ISTANBUL_KAP_REFERENCE
bist_active_universe_v1,2026-07-29,SEC_b1fec42fc59c,AAGYO,AĞAOĞLU AVRASYA GAYRİMENKUL YATIRIM ORTAKLIĞI A.Ş.,PAY PİYASASI,YILDIZ PAZAR,EQUITY,True,True,KAP_MARKETS,KAP_MARKET:4028328c550642950155066367d0001b:4028328c6d92933b016e21b838963f42:8acae2c49c81f743019d2dfb40633db8:AAGYO,2026-07-29,https://www.kap.org.tr/tr/Pazarlar,4565c5031ee28bc9aabf3eebc9c19b699985528f1da99c8fa2c1dfdbacfe2303,Exact as-of source observation; no liquidity filter applied.,AAGYO,,YILDIZ PAZAR,EQUITY,PASS_BORSA_ISTANBUL_KAP_REFERENCE
bist_active_universe_v1,2026-07-29,SEC_2bb23a16cab2,ACSEL,ACISELSAN ACIPAYAM SELÜLOZ SANAYİ VE TİCARET A.Ş.,PAY PİYASASI,ANA PAZAR,EQUITY,True,True,KAP_MARKETS,KAP_MARKET:4028328c550642950155066367d0001b:33E5FED802CC00EAE0530A4A622B2AEA:4028e4a2420327a4014209c55161144d:ACSEL,2026-07-29,https://www.kap.org.tr/tr/Pazarlar,8ecf17889421445563d4d1022467089de21de650e0d3ce3069f71e2cd8944b10,Exact as-of source observation; no liquidity filter applied.,ACSEL,,ANA PAZAR,EQUITY,PASS_BORSA_ISTANBUL_KAP_REFERENCE
bist_active_universe_v1,2026-07-29,SEC_524470aba2cb,ADEL,ADEL KALEMCİLİK TİCARET VE SANAYİ A.Ş.,PAY PİYASASI,ANA PAZAR,EQUITY,True,True,KAP_MARKETS,KAP_MARKET:4028328c550642950155066367d0001b:33E5FED802CC00EAE0530A4A622B2AEA:4028e4a240e8d16e0140e8f159dc0033:ADEL,2026-07-29,https://www.kap.org.tr/tr/Pazarlar,4ee9b8ad7e3b54684757d33c8f461c88dd46be46923db1eac9b3840e164e8c81,Exact as-of source observation; no liquidity filter applied.,ADEL,,ANA PAZAR,EQUITY,PASS_BORSA_ISTANBUL_KAP_REFERENCE
bist_active_universe_v1,2026-07-29,SEC_3c1ae3db077b,ADESE,ADESE GAYRİMENKUL YATIRIM A.Ş.,PAY PİYASASI,ANA PAZAR,EQUITY,True,True,KAP_MARKETS,KAP_MARKET:4028328c550642950155066367d0001b:33E5FED802CC00EAE0530A4A622B2AEA:4028e4a140f2ed720141164431b905a5:ADESE,2026-07-29,https://www.kap.org.tr/tr/Pazarlar,ed46fdabf0e5403d07c6ae09aabcae1e21b32da7c9a7d6813d18783ba365d6c3,Exact as-of source observation; no liquidity filter applied.,ADESE,,ANA PAZAR,EQUITY,PASS_BORSA_ISTANBUL_KAP_REFERENCE
bist_active_universe_v1,2026-07-29,SEC_0c6a02f7af22,ADGYO,ADRA GAYRİMENKUL YATIRIM ORTAKLIĞI A.Ş.,PAY PİYASASI,YILDIZ PAZAR,EQUITY,True,True,KAP_MARKETS,KAP_MARKET:4028328c550642950155066367d0001b:4028328c6d92933b016e21b838963f42:8acae2c586d22c53018a737800f804ae:ADGYO,2026-07-29,https://www.kap.org.tr/tr/Pazarlar,d432bc564ca5e8352507c72d21103884f6ffba3dc57822051e58efaeeb7a42d9,Exact as-of source observation; no liquidity filter applied.,ADGYO,,YILDIZ PAZAR,EQUITY,PASS_BORSA_ISTANBUL_KAP_REFERENCE
bist_active_universe_v1,2026-07-29,SEC_12d182ed0464,AEFES,ANADOLU EFES BİRACILIK VE MALT SANAYİİ A.Ş.,PAY PİYASASI,YILDIZ PAZAR,EQUITY,True,True,KAP_MARKETS,KAP_MARKET:4028328c550642950155066367d0001b:4028328c6d92933b016e21b838963f42:4028e4a140e95bea0140ed2fde10009d:AEFES,2026-07-29,https://www.kap.org.tr/tr/Pazarlar,7b33bcb1f8e397b2bb5e471b1f6ad3556c9daf959b0f26ca286aa38ffab2e4b0,Exact as-of source observation; no liquidity filter applied.,AEFES,,YILDIZ PAZAR,EQUITY,PASS_BORSA_ISTANBUL_KAP_REFERENCE
bist_active_universe_v1,2026-07-29,SEC_a089fd1996ff,AFYON,AFYON ÇİMENTO SANAYİ T.A.Ş.,PAY PİYASASI,ANA PAZAR,EQUITY,True,True,KAP_MARKETS,KAP_MARKET:4028328c550642950155066367d0001b:33E5FED802CC00EAE0530A4A622B2AEA:4028e4a24158e42401415af83d607fd3:AFYON,2026-07-29,https://www.kap.org.tr/tr/Pazarlar,a0b24c4f907c7f960fb619eddcb26b100784129633eb18271a6ee59f1dd193ec,Exact as-of source observation; no liquidity filter applied.,AFYON,,ANA PAZAR,EQUITY,PASS_BORSA_ISTANBUL_KAP_REFERENCE
bist_active_universe_v1,2026-07-29,SEC_2f75f3f50d8e,AGESA,AGESA HAYAT VE EMEKLİLİK A.Ş.,PAY PİYASASI,YILDIZ PAZAR,EQUITY,True,True,KAP_MARKETS,KAP_MARKET:4028328c550642950155066367d0001b:4028328c6d92933b016e21b838963f42:4028e4a140e95bea0140edeb7a54015d:AGESA,2026-07-29,https://www.kap.org.tr/tr/Pazarlar,1b19733d1297f5581ae2eb87869d08bb3dbb2832b9dde713e4d25d029dd73c3c,Exact as-of source observation; no liquidity filter applied.,AGESA,,YILDIZ PAZAR,EQUITY,PASS_BORSA_ISTANBUL_KAP_REFERENCE
bist_active_universe_v1,2026-07-29,SEC_4bbbfe816bf4,AGHOL,AG ANADOLU GRUBU HOLDİNG A.Ş.,PAY PİYASASI,YILDIZ PAZAR,EQUITY,True,True,KAP_MARKETS,KAP_MARKET:4028328c550642950155066367d0001b:4028328c6d92933b016e21b838963f42:4028e4a240f2ef4c014101b18dc000f7:AGHOL,2026-07-29,https://www.kap.org.tr/tr/Pazarlar,87f0292e3ab1db4b3d4b3906a7cde44e0c7f42e48f86dacd38524b6b947e0f24,Exact as-of source observation; no liquidity filter applied.,AGHOL,,YILDIZ PAZAR,EQUITY,PASS_BORSA_ISTANBUL_KAP_REFERENCE
bist_active_universe_v1,2026-07-29,SEC_f8006ae5caa8,AGROT,AGROTECH YÜKSEK TEKNOLOJİ VE YATIRIM A.Ş.,PAY PİYASASI,YILDIZ PAZAR,EQUITY,True,True,KAP_MARKETS,KAP_MARKET:4028328c550642950155066367d0001b:4028328c6d92933b016e21b838963f42:8acae2c48b2fa259018bb9e449415e84:AGROT,2026-07-29,https://www.kap.org.tr/tr/Pazarlar,0aef2095de21b30d188abbc71de5ae88b5abb860019b6bf6f6fe5ff3dd0296b3,Exact as-of source observation; no liquidity filter applied.,AGROT,,YILDIZ PAZAR,EQUITY,PASS_BORSA_ISTANBUL_KAP_REFERENCE
bist_active_universe_v1,2026-07-29,SEC_ee1d7bc1f60a,AGYO,ATAKULE GAYRİMENKUL YATIRIM ORTAKLIĞI A.Ş.,PAY PİYASASI,ALT PAZAR,EQUITY,True,True,KAP_MARKETS,KAP_MARKET:4028328c550642950155066367d0001b:4028328c6d92933b016e21b91b463f54:4028e4a240f2ef4c0141164a06d8043a:AGYO,2026-07-29,https://www.kap.org.tr/tr/Pazarlar,d6418637bce620fe1e0cd5619b12d886f214938d88cf27e49d344b33b67947e8,Exact as-of source observation; no liquidity filter applied.,AGYO,,ALT PAZAR,EQUITY,PASS_BORSA_ISTANBUL_KAP_REFERENCE
bist_active_universe_v1,2026-07-29,SEC_7670d2df18aa,AHGAZ,AHLATCI DOĞAL GAZ DAĞITIM ENERJİ VE YATIRIM A.Ş.,PAY PİYASASI,YILDIZ PAZAR,EQUITY,True,True,KAP_MARKETS,KAP_MARKET:4028328c550642950155066367d0001b:4028328c6d92933b016e21b838963f42:4028e4a14203278a0142095715f914d0:AHGAZ,2026-07-29,https://www.kap.org.tr/tr/Pazarlar,7ef1d4cf20b616ee6e220777ea11dda9ef5e2acb81c5d9964edbb4d3d80814e0,Exact as-of source observation; no liquidity filter applied.,AHGAZ,,YILDIZ PAZAR,EQUITY,PASS_BORSA_ISTANBUL_KAP_REFERENCE
bist_active_universe_v1,2026-07-29,SEC_b65dac6e20ff,AHSGY,AHES GAYRİMENKUL YATIRIM ORTAKLIĞI A.Ş.,PAY PİYASASI,ANA PAZAR,EQUITY,True,True,KAP_MARKETS,KAP_MARKET:4028328c550642950155066367d0001b:33E5FED802CC00EAE0530A4A622B2AEA:8acae2c59145e00a01915a44a01d1179:AHSGY,2026-07-29,https://www.kap.org.tr/tr/Pazarlar,6e0297d30a1972d27e66f08dd43d76d31b6dddd02c89535c166dc94b4fc3f0a5,Exact as-of source observation; no liquidity filter applied.,AHSGY,,ANA PAZAR,EQUITY,PASS_BORSA_ISTANBUL_KAP_REFERENCE
bist_active_universe_v1,2026-07-29,SEC_43ac4f9b6585,AKBNK,AKBANK T.A.Ş.,PAY PİYASASI,YILDIZ PAZAR,EQUITY,True,True,KAP_MARKETS,KAP_MARKET:4028328c550642950155066367d0001b:4028328c6d92933b016e21b838963f42:4028e4a240e8d1830140e905edcd0006:AKBNK,2026-07-29,https://www.kap.org.tr/tr/Pazarlar,6176652e9dc9beb4e6244fd4a26ffeb9ba501dad1ffd8d06d70923c326160762,Exact as-of source observation; no liquidity filter applied.,AKBNK,,YILDIZ PAZAR,EQUITY,PASS_BORSA_ISTANBUL_KAP_REFERENCE
bist_active_universe_v1,2026-07-29,SEC_1929347af0a1,AKCNS,AKÇANSA ÇİMENTO SANAYİ VE TİCARET A.Ş.,PAY PİYASASI,YILDIZ PAZAR,EQUITY,True,True,KAP_MARKETS,KAP_MARKET:4028328c550642950155066367d0001b:4028328c6d92933b016e21b838963f42:4028e4a140e8cfa00140e92b0c380016:AKCNS,2026-07-29,https://www.kap.org.tr/tr/Pazarlar,84398e54a921c542861a30267cd6a850808f65ea00a7c5a03cf650a4aeeb24d0,Exact as-of source observation; no liquidity filter applied.,AKCNS,,YILDIZ PAZAR,EQUITY,PASS_BORSA_ISTANBUL_KAP_REFERENCE
bist_active_universe_v1,2026-07-29,SEC_0216f2eb2517,AKENR,AKENERJİ ELEKTRİK ÜRETİM A.Ş.,PAY PİYASASI,ANA PAZAR,EQUITY,True,True,KAP_MARKETS,KAP_MARKET:4028328c550642950155066367d0001b:33E5FED802CC00EAE0530A4A622B2AEA:4028e4a14184e9cf01419bffce0b5a69:AKENR,2026-07-29,https://www.kap.org.tr/tr/Pazarlar,513ae5f9e6e605e68a0e64f23625e664860cb6f7cdda7086f213f3338c7fe061,Exact as-of source observation; no liquidity filter applied.,AKENR,,ANA PAZAR,EQUITY,PASS_BORSA_ISTANBUL_KAP_REFERENCE
bist_active_universe_v1,2026-07-29,SEC_815d6bf9688f,AKFGY,AKFEN GAYRİMENKUL YATIRIM ORTAKLIĞI A.Ş.,PAY PİYASASI,YILDIZ PAZAR,EQUITY,True,True,KAP_MARKETS,KAP_MARKET:4028328c550642950155066367d0001b:4028328c6d92933b016e21b838963f42:4028e4a141733b56014183c1c6ed426e:AKFGY,2026-07-29,https://www.kap.org.tr/tr/Pazarlar,3336875f15741969ca7d3988cc7379e81817509baf267e3f20e02b13ef00e8b8,Exact as-of source observation; no liquidity filter applied.,AKFGY,,YILDIZ PAZAR,EQUITY,PASS_BORSA_ISTANBUL_KAP_REFERENCE
bist_active_universe_v1,2026-07-29,SEC_6f47c88b6e8b,AKFIS,AKFEN İNŞAAT TURİZM VE TİCARET A.Ş.,PAY PİYASASI,YILDIZ PAZAR,EQUITY,True,True,KAP_MARKETS,KAP_MARKET:4028328c550642950155066367d0001b:4028328c6d92933b016e21b838963f42:8acae2c59145e00a0192aedf5db86688:AKFIS,2026-07-29,https://www.kap.org.tr/tr/Pazarlar,f5a77f8eab3ee28fc5460a7b0b7ad0966655f19f2131974bab4113e0c87e1477,Exact as-of source observation; no liquidity filter applied.,AKFIS,,YILDIZ PAZAR,EQUITY,PASS_BORSA_ISTANBUL_KAP_REFERENCE
bist_active_universe_v1,2026-07-29,SEC_531fb1252815,AKFYE,AKFEN YENİLENEBİLİR ENERJİ A.Ş.,PAY PİYASASI,YILDIZ PAZAR,EQUITY,True,True,KAP_MARKETS,KAP_MARKET:4028328c550642950155066367d0001b:4028328c6d92933b016e21b838963f42:8acae2c48304fe9e0186a66e7a9568ea:AKFYE,2026-07-29,https://www.kap.org.tr/tr/Pazarlar,f2f89b65d0518322f8b0ff4e52d6c403e70a52608b4c66557147b219be1f216d,Exact as-of source observation; no liquidity filter applied.,AKFYE,,YILDIZ PAZAR,EQUITY,PASS_BORSA_ISTANBUL_KAP_REFERENCE
bist_active_universe_v1,2026-07-29,SEC_91bf2c4037a8,AKGRT,AKSİGORTA A.Ş.,PAY PİYASASI,YILDIZ PAZAR,EQUITY,True,True,KAP_MARKETS,KAP_MARKET:4028328c550642950155066367d0001b:4028328c6d92933b016e21b838963f42:4028e4a140e95be70140ed12e1f4002c:AKGRT,2026-07-29,https://www.kap.org.tr/tr/Pazarlar,6adea0a69fb01cbdcd675b885c2e896f4cd028a8e40027358b1513fae1bfde22,Exact as-of source observation; no liquidity filter applied.,AKGRT,,YILDIZ PAZAR,EQUITY,PASS_BORSA_ISTANBUL_KAP_REFERENCE
bist_active_universe_v1,2026-07-29,SEC_13959c05932c,AKHAN,AKHAN UN FABRİKASI VE TARIM ÜRÜNLERİ GIDA SANAYİ TİCARET A.Ş.,PAY PİYASASI,ANA PAZAR,EQUITY,True,True,KAP_MARKETS,KAP_MARKET:4028328c550642950155066367d0001b:33E5FED802CC00EAE0530A4A622B2AEA:8acae2c49b85f8ce019beef9720d5cc5:AKHAN,2026-07-29,https://www.kap.org.tr/tr/Pazarlar,2c90be1a75c22acc56aa4f32487fa2ed68c0f86dff7bac278ee00e2a50962f09,Exact as-of source observation; no liquidity filter applied.,AKHAN,,ANA PAZAR,EQUITY,PASS_BORSA_ISTANBUL_KAP_REFERENCE
bist_active_universe_v1,2026-07-29,SEC_ee94df734aa8,AKMGY,AKMERKEZ GAYRİMENKUL YATIRIM ORTAKLIĞI A.Ş.,PAY PİYASASI,ANA PAZAR,EQUITY,True,True,KAP_MARKETS,KAP_MARKET:4028328c550642950155066367d0001b:33E5FED802CC00EAE0530A4A622B2AEA:4028e4a240e95dc30140ecc218b30032:AKMGY,2026-07-29,https://www.kap.org.tr/tr/Pazarlar,5e7097ca659019bb5c1e5a5413bf4d3899eafa17f1c86ec4ffff60ad8e5edf78,Exact as-of source observation; no liquidity filter applied.,AKMGY,,ANA PAZAR,EQUITY,PASS_BORSA_ISTANBUL_KAP_REFERENCE
bist_active_universe_v1,2026-07-29,SEC_e5a5c59486fe,AKSA,AKSA AKRİLİK KİMYA SANAYİİ A.Ş.,PAY PİYASASI,YILDIZ PAZAR,EQUITY,True,True,KAP_MARKETS,KAP_MARKET:4028328c550642950155066367d0001b:4028328c6d92933b016e21b838963f42:4028e4a240f2ef470141175e189f0453:AKSA,2026-07-29,https://www.kap.org.tr/tr/Pazarlar,6f109876eebe6baf22d8b71d75ef95930698bf9b86e5b3bb1dd4d5a938f612a7,Exact as-of source observation; no liquidity filter applied.,AKSA,,YILDIZ PAZAR,EQUITY,PASS_BORSA_ISTANBUL_KAP_REFERENCE
bist_active_universe_v1,2026-07-29,SEC_fbe7a990badb,AKSEN,AKSA ENERJİ ÜRETİM A.Ş.,PAY PİYASASI,YILDIZ PAZAR,EQUITY,True,True,KAP_MARKETS,KAP_MARKET:4028328c550642950155066367d0001b:4028328c6d92933b016e21b838963f42:4028e4a241733d42014179341a147ddb:AKSEN,2026-07-29,https://www.kap.org.tr/tr/Pazarlar,0b91257604c3312a93492b39e458f5048a26a34d2dc7a5299ea5588b8bd4fcbd,Exact as-of source observation; no liquidity filter applied.,AKSEN,,YILDIZ PAZAR,EQUITY,PASS_BORSA_ISTANBUL_KAP_REFERENCE
bist_active_universe_v1,2026-07-29,SEC_f51df401bcec,AKSGY,AKİŞ GAYRİMENKUL YATIRIM ORTAKLIĞI A.Ş.,PAY PİYASASI,YILDIZ PAZAR,EQUITY,True,True,KAP_MARKETS,KAP_MARKET:4028328c550642950155066367d0001b:4028328c6d92933b016e21b838963f42:4028e4a14158e41f01415a865c0e4d13:AKSGY,2026-07-29,https://www.kap.org.tr/tr/Pazarlar,8e0202a5886a1bc1c41209fd7bd6616ad393d3fa704f2eb0a0467b8537fbe6b0,Exact as-of source observation; no liquidity filter applied.,AKSGY,,YILDIZ PAZAR,EQUITY,PASS_BORSA_ISTANBUL_KAP_REFERENCE
bist_active_universe_v1,2026-07-29,SEC_83762d5485b0,AKSUE,AKSU ENERJİ VE TİCARET A.Ş.,PAY PİYASASI,ANA PAZAR,EQUITY,True,True,KAP_MARKETS,KAP_MARKET:4028328c550642950155066367d0001b:33E5FED802CC00EAE0530A4A622B2AEA:4028e4a140f2ed7201413a20480e0851:AKSUE,2026-07-29,https://www.kap.org.tr/tr/Pazarlar,5ae7bda82508b1f991f07c650405da6e8d649fe0987ef24fadc35a4b670c8dea,Exact as-of source observation; no liquidity filter applied.,AKSUE,,ANA PAZAR,EQUITY,PASS_BORSA_ISTANBUL_KAP_REFERENCE
bist_active_universe_v1,2026-07-29,SEC_2c887b37a9a8,AKYHO,AKDENİZ YATIRIM HOLDİNG A.Ş.,PAY PİYASASI,ALT PAZAR,EQUITY,True,True,KAP_MARKETS,KAP_MARKET:4028328c550642950155066367d0001b:4028328c6d92933b016e21b91b463f54:4028e4a1415f4d9901416dc64bd161cb:AKYHO,2026-07-29,https://www.kap.org.tr/tr/Pazarlar,55dccec500c53cbd15d17b1ff65dc21c05a17ccaceed372f1205ae1cdb97a2b5,Exact as-of source observation; no liquidity filter applied.,AKYHO,,ALT PAZAR,EQUITY,PASS_BORSA_ISTANBUL_KAP_REFERENCE
bist_active_universe_v1,2026-07-29,SEC_ce700f7367e4,ALARK,ALARKO HOLDİNG A.Ş.,PAY PİYASASI,YILDIZ PAZAR,EQUITY,True,True,KAP_MARKETS,KAP_MARKET:4028328c550642950155066367d0001b:4028328c6d92933b016e21b838963f42:4028e4a241462fd80141500c738e36be:ALARK,2026-07-29,https://www.kap.org.tr/tr/Pazarlar,1f3e13f79a151e3911aa1f4a7975dbf9bec813b2033c203cf936789bef58afbc,Exact as-of source observation; no liquidity filter applied.,ALARK,,YILDIZ PAZAR,EQUITY,PASS_BORSA_ISTANBUL_KAP_REFERENCE
bist_active_universe_v1,2026-07-29,SEC_1cab4adbc587,ALBRK,ALBARAKA TÜRK KATILIM BANKASI A.Ş.,PAY PİYASASI,YILDIZ PAZAR,EQUITY,True,True,KAP_MARKETS,KAP_MARKET:4028328c550642950155066367d0001b:4028328c6d92933b016e21b838963f42:4028e4a240f2ef4c014106a1c5ef016d:ALBRK,2026-07-29,https://www.kap.org.tr/tr/Pazarlar,1b12d734bb206e39122b0b6ea7716a2a03b934d293d7c2344c9ee869c14ae172,Exact as-of source observation; no liquidity filter applied.,ALBRK,,YILDIZ PAZAR,EQUITY,PASS_BORSA_ISTANBUL_KAP_REFERENCE
bist_active_universe_v1,2026-07-29,SEC_5c263e01d510,ALBTN,ALBAYRAK HAZIR BETON SANAYİ VE TİCARET A.Ş.,PAY PİYASASI,YILDIZ PAZAR,EQUITY,True,True,KAP_MARKETS,KAP_MARKET:4028328c550642950155066367d0001b:4028328c6d92933b016e21b838963f42:8acae2c49f52d9d8019f6edc29f30cc2:ALBTN,2026-07-29,https://www.kap.org.tr/tr/Pazarlar,cef1d4ea705a009d5f1381fe1e7a6b11818e5d4ed874f27f575521f5fb8523a1,Exact as-of source observation; no liquidity filter applied.,ALBTN,,YILDIZ PAZAR,EQUITY,PASS_BORSA_ISTANBUL_KAP_REFERENCE
bist_active_universe_v1,2026-07-29,SEC_59a26a95c395,ALCAR,ALARKO CARRIER SANAYİ VE TİCARET A.Ş.,PAY PİYASASI,ANA PAZAR,EQUITY,True,True,KAP_MARKETS,KAP_MARKET:4028328c550642950155066367d0001b:33E5FED802CC00EAE0530A4A622B2AEA:4028e4a241558bd9014155e085e305fd:ALCAR,2026-07-29,https://www.kap.org.tr/tr/Pazarlar,ead78cc2ac321d5d37aedec65625aa34c833a0a3bccc317f9279027eee3bbef3,Exact as-of source observation; no liquidity filter applied.,ALCAR,,ANA PAZAR,EQUITY,PASS_BORSA_ISTANBUL_KAP_REFERENCE
bist_active_universe_v1,2026-07-29,SEC_8aafa1b90b5b,ALCTL,ALCATEL LUCENT TELETAŞ TELEKOMÜNİKASYON A.Ş.,PAY PİYASASI,ANA PAZAR,EQUITY,True,True,KAP_MARKETS,KAP_MARKET:4028328c550642950155066367d0001b:33E5FED802CC00EAE0530A4A622B2AEA:4028e4a140f2ed71014110e38acb01b5:ALCTL,2026-07-29,https://www.kap.org.tr/tr/Pazarlar,f5d5b695cdb951bf736ffdc4a34ab4f96b67035548977fbaa60abf5925d544e3,Exact as-of source observation; no liquidity filter applied.,ALCTL,,ANA PAZAR,EQUITY,PASS_BORSA_ISTANBUL_KAP_REFERENCE
bist_active_universe_v1,2026-07-29,SEC_486308fcd63a,ALFAS,ALFA SOLAR ENERJİ SANAYİ VE TİCARET A.Ş.,PAY PİYASASI,YILDIZ PAZAR,EQUITY,True,True,KAP_MARKETS,KAP_MARKET:4028328c550642950155066367d0001b:4028328c6d92933b016e21b838963f42:8acae2c5830502c30183559e2336223e:ALFAS,2026-07-29,https://www.kap.org.tr/tr/Pazarlar,e3ca255d5224e6c31059b2100ad5303641d31b0152cf4c4b9c56d97c22aee8ae,Exact as-of source observation; no liquidity filter applied.,ALFAS,,YILDIZ PAZAR,EQUITY,PASS_BORSA_ISTANBUL_KAP_REFERENCE
bist_active_universe_v1,2026-07-29,SEC_08a3167c964e,ALGYO,ALARKO GAYRİMENKUL YATIRIM ORTAKLIĞI A.Ş.,PAY PİYASASI,YILDIZ PAZAR,EQUITY,True,True,KAP_MARKETS,KAP_MARKET:4028328c550642950155066367d0001b:4028328c6d92933b016e21b838963f42:4028e4a241462fd801415005df1c3612:ALGYO,2026-07-29,https://www.kap.org.tr/tr/Pazarlar,7bc574cd694147c41973256f2bebd6c6b91f6549408e12787d763ab4fc686baf,Exact as-of source observation; no liquidity filter applied.,ALGYO,,YILDIZ PAZAR,EQUITY,PASS_BORSA_ISTANBUL_KAP_REFERENCE
bist_active_universe_v1,2026-07-29,SEC_bd85e86554dc,ALKA,ALKİM KAĞIT SANAYİ VE TİCARET A.Ş.,PAY PİYASASI,ANA PAZAR,EQUITY,True,True,KAP_MARKETS,KAP_MARKET:4028328c550642950155066367d0001b:33E5FED802CC00EAE0530A4A622B2AEA:4028e4a2416e697d01416f39965a5eb5:ALKA,2026-07-29,https://www.kap.org.tr/tr/Pazarlar,edd495f5a11ee111f7c78be089405f2a5b109c36cd09bf31f8b124b67dcd61d4,Exact as-of source observation; no liquidity filter applied.,ALKA,,ANA PAZAR,EQUITY,PASS_BORSA_ISTANBUL_KAP_REFERENCE
bist_active_universe_v1,2026-07-29,SEC_5506f4edb3e3,ALKIM,ALKİM ALKALİ KİMYA A.Ş.,PAY PİYASASI,ANA PAZAR,EQUITY,True,True,KAP_MARKETS,KAP_MARKET:4028328c550642950155066367d0001b:33E5FED802CC00EAE0530A4A622B2AEA:4028e4a140e95be70140ed147846003c:ALKIM,2026-07-29,https://www.kap.org.tr/tr/Pazarlar,e66b03796073dd6e01f1e785f68e6848d2ee273ac2c7f25791ee5888e5a2e42e,Exact as-of source observation; no liquidity filter applied.,ALKIM,,ANA PAZAR,EQUITY,PASS_BORSA_ISTANBUL_KAP_REFERENCE
bist_active_universe_v1,2026-07-29,SEC_01101a451dad,ALKLC,ALTINKILIÇ GIDA VE SÜT SANAYİ TİCARET A.Ş.,PAY PİYASASI,ANA PAZAR,EQUITY,True,True,KAP_MARKETS,KAP_MARKET:4028328c550642950155066367d0001b:33E5FED802CC00EAE0530A4A622B2AEA:8acae2c48c3efac0018fabe7ce965048:ALKLC,2026-07-29,https://www.kap.org.tr/tr/Pazarlar,1a1c15d3cd142f25eb4bb79db36ebaee6347e15f8fcd0653b39a632ffb076072,Exact as-of source observation; no liquidity filter applied.,ALKLC,,ANA PAZAR,EQUITY,PASS_BORSA_ISTANBUL_KAP_REFERENCE
bist_active_universe_v1,2026-07-29,SEC_570f2896d5c7,ALTNY,ALTINAY SAVUNMA TEKNOLOJİLERİ A.Ş.,PAY PİYASASI,YILDIZ PAZAR,EQUITY,True,True,KAP_MARKETS,KAP_MARKET:4028328c550642950155066367d0001b:4028328c6d92933b016e21b838963f42:8acae2c58b2fa64e018f3d2d712476e2:ALTNY,2026-07-29,https://www.kap.org.tr/tr/Pazarlar,722805298e9ef0977e7ff11eb295ddf38f86f368ca5f2ee022867c838e7b70ef,Exact as-of source observation; no liquidity filter applied.,ALTNY,,YILDIZ PAZAR,EQUITY,PASS_BORSA_ISTANBUL_KAP_REFERENCE
bist_active_universe_v1,2026-07-29,SEC_ca62a45e1887,ALVES,ALVES KABLO SANAYİ VE TİCARET A.Ş.,PAY PİYASASI,ANA PAZAR,EQUITY,True,True,KAP_MARKETS,KAP_MARKET:4028328c550642950155066367d0001b:33E5FED802CC00EAE0530A4A622B2AEA:8acae2c58b2fa64e018dc0263b1377aa:ALVES,2026-07-29,https://www.kap.org.tr/tr/Pazarlar,58d07eeb2a3340025bc856534f3c37e8f68d3d80853c994386df75b5ff24a14f,Exact as-of source observation; no liquidity filter applied.,ALVES,,ANA PAZAR,EQUITY,PASS_BORSA_ISTANBUL_KAP_REFERENCE
bist_active_universe_v1,2026-07-29,SEC_3be1679a1693,ANELE,ANEL ELEKTRİK PROJE TAAHHÜT VE TİCARET A.Ş.,PAY PİYASASI,ANA PAZAR,EQUITY,True,True,KAP_MARKETS,KAP_MARKET:4028328c550642950155066367d0001b:33E5FED802CC00EAE0530A4A622B2AEA:4028e4a1416e696301416ecd11a12b86:ANELE,2026-07-29,https://www.kap.org.tr/tr/Pazarlar,26ce49dfd564f1cc45dc4b79fbb0b734ad6e68189b0dd57604170635f6232f9b,Exact as-of source observation; no liquidity filter applied.,ANELE,,ANA PAZAR,EQUITY,PASS_BORSA_ISTANBUL_KAP_REFERENCE
bist_active_universe_v1,2026-07-29,SEC_e71d97bb7d86,ANGEN,ANATOLİA TANI VE BİYOTEKNOLOJİ ÜRÜNLERİ ARAŞTIRMA GELİŞTİRME SANAYİ VE TİCARET A.Ş.,PAY PİYASASI,ANA PAZAR,EQUITY,True,True,KAP_MARKETS,KAP_MARKET:4028328c550642950155066367d0001b:33E5FED802CC00EAE0530A4A622B2AEA:8acae2c47afb298b017bed9f037a7185:ANGEN,2026-07-29,https://www.kap.org.tr/tr/Pazarlar,29d963b76e73773a79fd141d816e395aa3f70d23d4ca4c68bca2338ec8046a6d,Exact as-of source observation; no liquidity filter applied.,ANGEN,,ANA PAZAR,EQUITY,PASS_BORSA_ISTANBUL_KAP_REFERENCE
bist_active_universe_v1,2026-07-29,SEC_2e4fa4b6a67c,ANHYT,ANADOLU HAYAT EMEKLİLİK A.Ş.,PAY PİYASASI,YILDIZ PAZAR,EQUITY,True,True,KAP_MARKETS,KAP_MARKET:4028328c550642950155066367d0001b:4028328c6d92933b016e21b838963f42:4028e4a140e95be70140ed40cb930098:ANHYT,2026-07-29,https://www.kap.org.tr/tr/Pazarlar,23d5f7fbec20778f0abdacca622791841b6f9a1b7c7aecc176b65fb114723ec2,Exact as-of source observation; no liquidity filter applied.,ANHYT,,YILDIZ PAZAR,EQUITY,PASS_BORSA_ISTANBUL_KAP_REFERENCE
bist_active_universe_v1,2026-07-29,SEC_c346c9a9abd2,ANSGR,ANADOLU ANONİM TÜRK SİGORTA ŞİRKETİ,PAY PİYASASI,YILDIZ PAZAR,EQUITY,True,True,KAP_MARKETS,KAP_MARKET:4028328c550642950155066367d0001b:4028328c6d92933b016e21b838963f42:4028e4a140e95bea0140ed21b5c10078:ANSGR,2026-07-29,https://www.kap.org.tr/tr/Pazarlar,3590a9b0d910f436aa24865bfa926c9dbc89deb3e229f1fa3b16edada293dbea,Exact as-of source observation; no liquidity filter applied.,ANSGR,,YILDIZ PAZAR,EQUITY,PASS_BORSA_ISTANBUL_KAP_REFERENCE
bist_active_universe_v1,2026-07-29,SEC_f60d5adf6e21,ARASE,DOĞU ARAS ENERJİ YATIRIMLARI A.Ş.,PAY PİYASASI,YILDIZ PAZAR,EQUITY,True,True,KAP_MARKETS,KAP_MARKET:4028328c550642950155066367d0001b:4028328c6d92933b016e21b838963f42:8acae2c47afb298b017ccb97632144e5:ARASE,2026-07-29,https://www.kap.org.tr/tr/Pazarlar,ec7248483662918ec4c57f752287d782716a3c465e56d31ee941801b83d270b7,Exact as-of source observation; no liquidity filter applied.,ARASE,,YILDIZ PAZAR,EQUITY,PASS_BORSA_ISTANBUL_KAP_REFERENCE
bist_active_universe_v1,2026-07-29,SEC_210a9cc69077,ARCLK,ARÇELİK A.Ş.,PAY PİYASASI,YILDIZ PAZAR,EQUITY,True,True,KAP_MARKETS,KAP_MARKET:4028328c550642950155066367d0001b:4028328c6d92933b016e21b838963f42:4028e4a240e95dc90140ed55b43900cf:ARCLK,2026-07-29,https://www.kap.org.tr/tr/Pazarlar,d816352de5396c09edda3dd6b7f57f0c5004b21b7ed28ab1b925695e49948bdf,Exact as-of source observation; no liquidity filter applied.,ARCLK,,YILDIZ PAZAR,EQUITY,PASS_BORSA_ISTANBUL_KAP_REFERENCE
bist_active_universe_v1,2026-07-29,SEC_6177fc71d60f,ARDYZ,ARD GRUP BİLİŞİM TEKNOLOJİLERİ A.Ş.,PAY PİYASASI,YILDIZ PAZAR,EQUITY,True,True,KAP_MARKETS,KAP_MARKET:4028328c550642950155066367d0001b:4028328c6d92933b016e21b838963f42:8acae2c46d7599a6016dde9d93aa2b52:ARDYZ,2026-07-29,https://www.kap.org.tr/tr/Pazarlar,90afdbdd17900ec5db28d0133056f6a72f1a3575556da37e79f991573fbfe6ba,Exact as-of source observation; no liquidity filter applied.,ARDYZ,,YILDIZ PAZAR,EQUITY,PASS_BORSA_ISTANBUL_KAP_REFERENCE
bist_active_universe_v1,2026-07-29,SEC_c84877b00ce6,ARENA,ARENA BİLGİSAYAR SANAYİ VE TİCARET A.Ş.,PAY PİYASASI,ANA PAZAR,EQUITY,True,True,KAP_MARKETS,KAP_MARKET:4028328c550642950155066367d0001b:33E5FED802CC00EAE0530A4A622B2AEA:4028e4a140e95bea0140ed5af3a000da:ARENA,2026-07-29,https://www.kap.org.tr/tr/Pazarlar,758c2d1bf7047f9726f9807dd04890165de4fb22d25d87b9446c0d0a043830ff,Exact as-of source observation; no liquidity filter applied.,ARENA,,ANA PAZAR,EQUITY,PASS_BORSA_ISTANBUL_KAP_REFERENCE
bist_active_universe_v1,2026-07-29,SEC_4ed60b990009,ARFYE,ARF BİO YENİLENEBİLİR ENERJİ ÜRETİM A.Ş.,PAY PİYASASI,ANA PAZAR,EQUITY,True,True,KAP_MARKETS,KAP_MARKET:4028328c550642950155066367d0001b:33E5FED802CC00EAE0530A4A622B2AEA:8acae2c4998f24d8019b3576c66b77ad:ARFYE,2026-07-29,https://www.kap.org.tr/tr/Pazarlar,2a52b0be7963d40ed9f45915db7e87f334464f49090ea705c1a62376f5080179,Exact as-of source observation; no liquidity filter applied.,ARFYE,,ANA PAZAR,EQUITY,PASS_BORSA_ISTANBUL_KAP_REFERENCE
bist_active_universe_v1,2026-07-29,SEC_2cbf518ac1df,ARMGD,ARMADA GIDA TİCARET SANAYİ A.Ş.,PAY PİYASASI,YILDIZ PAZAR,EQUITY,True,True,KAP_MARKETS,KAP_MARKET:4028328c550642950155066367d0001b:4028328c6d92933b016e21b838963f42:8acae2c59145e00e0193f29ce775161c:ARMGD,2026-07-29,https://www.kap.org.tr/tr/Pazarlar,e69e4e416ba6d5a621e0d85ffde51bde379f7aece6a4dc9fef2addac6396bb99,Exact as-of source observation; no liquidity filter applied.,ARMGD,,YILDIZ PAZAR,EQUITY,PASS_BORSA_ISTANBUL_KAP_REFERENCE
bist_active_universe_v1,2026-07-29,SEC_95eeb29f40b5,ARSAN,ARSAN HOLDİNG A.Ş.,PAY PİYASASI,ANA PAZAR,EQUITY,True,True,KAP_MARKETS,KAP_MARKET:4028328c550642950155066367d0001b:33E5FED802CC00EAE0530A4A622B2AEA:4028e4a14158e41f01415b1862696142:ARSAN,2026-07-29,https://www.kap.org.tr/tr/Pazarlar,8b15d24d6a1af6bc9007f7eb01c83e5009cdda13c22b2ac2b82784c271a51695,Exact as-of source observation; no liquidity filter applied.,ARSAN,,ANA PAZAR,EQUITY,PASS_BORSA_ISTANBUL_KAP_REFERENCE
bist_active_universe_v1,2026-07-29,SEC_fac5c636c98e,ARTMS,ARTEMİS HALI A.Ş.,PAY PİYASASI,ANA PAZAR,EQUITY,True,True,KAP_MARKETS,KAP_MARKET:4028328c550642950155066367d0001b:33E5FED802CC00EAE0530A4A622B2AEA:8acae2c48c3efac0018dd4c742665c88:ARTMS,2026-07-29,https://www.kap.org.tr/tr/Pazarlar,da44c7e11982cc7edab6352f520bf294c650c89be38502e5b2bad4c520947d8a,Exact as-of source observation; no liquidity filter applied.,ARTMS,,ANA PAZAR,EQUITY,PASS_BORSA_ISTANBUL_KAP_REFERENCE
bist_active_universe_v1,2026-07-29,SEC_cf5e8e1a1950,ARZUM,ARZUM ELEKTRİKLİ EV ALETLERİ SANAYİ VE TİCARET A.Ş.,PAY PİYASASI,ANA PAZAR,EQUITY,True,True,KAP_MARKETS,KAP_MARKET:4028328c550642950155066367d0001b:33E5FED802CC00EAE0530A4A622B2AEA:4028e4a1415f4d990141600875c531b9:ARZUM,2026-07-29,https://www.kap.org.tr/tr/Pazarlar,336c1d01af4db8f489927aaddc0c92787f12504df0c29732f9cfa861887d79c1,Exact as-of source observation; no liquidity filter applied.,ARZUM,,ANA PAZAR,EQUITY,PASS_BORSA_ISTANBUL_KAP_REFERENCE
bist_active_universe_v1,2026-07-29,SEC_2ccc705a12fa,ASELS,ASELSAN ELEKTRONİK SANAYİ VE TİCARET A.Ş.,PAY PİYASASI,YILDIZ PAZAR,EQUITY,True,True,KAP_MARKETS,KAP_MARKET:4028328c550642950155066367d0001b:4028328c6d92933b016e21b838963f42:4028e4a1413b7ef401413bc2251e0047:ASELS,2026-07-29,https://www.kap.org.tr/tr/Pazarlar,7c800bd2f87eba0ae4f229d667deb4c9ef37dad1c50325d7302a096f61812aad,Exact as-of source observation; no liquidity filter applied.,ASELS,,YILDIZ PAZAR,EQUITY,PASS_BORSA_ISTANBUL_KAP_REFERENCE
bist_active_universe_v1,2026-07-29,SEC_1ab4b07161e3,ASGYO,ASCE GAYRİMENKUL YATIRIM ORTAKLIĞI A.Ş.,PAY PİYASASI,YILDIZ PAZAR,EQUITY,True,True,KAP_MARKETS,KAP_MARKET:4028328c550642950155066367d0001b:4028328c6d92933b016e21b838963f42:8acae2c562329bd1016464c3796e08a0:ASGYO,2026-07-29,https://www.kap.org.tr/tr/Pazarlar,e45d385e7006796542a2ababc96e1180cceeb82e17bbf48fe6119e52b5b88ce6,Exact as-of source observation; no liquidity filter applied.,ASGYO,,YILDIZ PAZAR,EQUITY,PASS_BORSA_ISTANBUL_KAP_REFERENCE
bist_active_universe_v1,2026-07-29,SEC_d4ce0399a809,ASTOR,ASTOR ENERJİ A.Ş.,PAY PİYASASI,YILDIZ PAZAR,EQUITY,True,True,KAP_MARKETS,KAP_MARKET:4028328c550642950155066367d0001b:4028328c6d92933b016e21b838963f42:8acae2c562329bd10164405fe6c17996:ASTOR,2026-07-29,https://www.kap.org.tr/tr/Pazarlar,6b6c4ab9aac9b8fbd85c0c2a8e96a7892372fb74995f79d01405b24f14ba0074,Exact as-of source observation; no liquidity filter applied.,ASTOR,,YILDIZ PAZAR,EQUITY,PASS_BORSA_ISTANBUL_KAP_REFERENCE
bist_active_universe_v1,2026-07-29,SEC_4ed369e7014d,ASUZU,ANADOLU ISUZU OTOMOTİV SANAYİ VE TİCARET A.Ş.,PAY PİYASASI,YILDIZ PAZAR,EQUITY,True,True,KAP_MARKETS,KAP_MARKET:4028328c550642950155066367d0001b:4028328c6d92933b016e21b838963f42:4028e4a140e95be70140ed43c4fe00a9:ASUZU,2026-07-29,https://www.kap.org.tr/tr/Pazarlar,7a64069b815bcdc1b6b2f13fc0aa73d59483370e622dc923451d6231199b763b,Exact as-of source observation; no liquidity filter applied.,ASUZU,,YILDIZ PAZAR,EQUITY,PASS_BORSA_ISTANBUL_KAP_REFERENCE
bist_active_universe_v1,2026-07-29,SEC_ae30447eec9d,ATAGY,ATA GAYRİMENKUL YATIRIM ORTAKLIĞI A.Ş.,PAY PİYASASI,ALT PAZAR,EQUITY,True,True,KAP_MARKETS,KAP_MARKET:4028328c550642950155066367d0001b:4028328c6d92933b016e21b91b463f54:4028e4a140e95bea0140eddf432a0115:ATAGY,2026-07-29,https://www.kap.org.tr/tr/Pazarlar,37ec865addd3d769740ee7fce245059293fe62d3979086a8e3db43c7dc43ad07,Exact as-of source observation; no liquidity filter applied.,ATAGY,,ALT PAZAR,EQUITY,PASS_BORSA_ISTANBUL_KAP_REFERENCE
bist_active_universe_v1,2026-07-29,SEC_e67b4c869803,ATAKP,ATAKEY PATATES GIDA SANAYİ VE TİCARET A.Ş.,PAY PİYASASI,YILDIZ PAZAR,EQUITY,True,True,KAP_MARKETS,KAP_MARKET:4028328c550642950155066367d0001b:4028328c6d92933b016e21b838963f42:8acae2c586d22c53018953500b004578:ATAKP,2026-07-29,https://www.kap.org.tr/tr/Pazarlar,8dcb3c566dc3e2047593b6c235be19435e764285f6520708965273b2bee33bac,Exact as-of source observation; no liquidity filter applied.,ATAKP,,YILDIZ PAZAR,EQUITY,PASS_BORSA_ISTANBUL_KAP_REFERENCE
bist_active_universe_v1,2026-07-29,SEC_4bc9c1317e1f,ATATP,ATP YAZILIM VE TEKNOLOJİ A.Ş.,PAY PİYASASI,YILDIZ PAZAR,EQUITY,True,True,KAP_MARKETS,KAP_MARKET:4028328c550642950155066367d0001b:4028328c6d92933b016e21b838963f42:8acae2c4794d364801798f781baf0fad:ATATP,2026-07-29,https://www.kap.org.tr/tr/Pazarlar,4439c9080f7ea999c380f83152ffa125e9e5d702749a4a9e453ac81794d8e1f2,Exact as-of source observation; no liquidity filter applied.,ATATP,,YILDIZ PAZAR,EQUITY,PASS_BORSA_ISTANBUL_KAP_REFERENCE
bist_active_universe_v1,2026-07-29,SEC_dc761317f440,ATATR,ATA TURİZM İŞLETMECİLİK TAŞIMACILIK MADENCİLİK KUYUMCULUK SANAYİ VE DIŞ TİCARET A.Ş.,PAY PİYASASI,YILDIZ PAZAR,EQUITY,True,True,KAP_MARKETS,KAP_MARKET:4028328c550642950155066367d0001b:4028328c6d92933b016e21b838963f42:8acae2c59b85fa06019c31d76d8707fb:ATATR,2026-07-29,https://www.kap.org.tr/tr/Pazarlar,235f4eef82a5491bc178af855f610b94a0763192a3c04d094147cc16c26c1f98,Exact as-of source observation; no liquidity filter applied.,ATATR,,YILDIZ PAZAR,EQUITY,PASS_BORSA_ISTANBUL_KAP_REFERENCE
bist_active_universe_v1,2026-07-29,SEC_510cb8b7c846,ATEKS,AKIN TEKSTİL A.Ş.,PAY PİYASASI,YAKIN İZLEME PAZARI,EQUITY,True,True,KAP_MARKETS,KAP_MARKET:4028328c550642950155066367d0001b:33E5FED802BE00EAE0530A4A622B2AEA:4028e4a140f2ed7101412c13ba8303a8:ATEKS,2026-07-29,https://www.kap.org.tr/tr/Pazarlar,2ced46abd78f38109b194acc57e7b8fc0227774d079f4c268aed2d200f4d842c,Exact as-of source observation; no liquidity filter applied.,ATEKS,,YAKIN İZLEME PAZARI,EQUITY,PASS_BORSA_ISTANBUL_KAP_REFERENCE
bist_active_universe_v1,2026-07-29,SEC_965305e06748,ATLAS,ATLAS MENKUL KIYMETLER YATIRIM ORTAKLIĞI A.Ş.,PAY PİYASASI,ALT PAZAR,EQUITY,True,True,KAP_MARKETS,KAP_MARKET:4028328c550642950155066367d0001b:4028328c6d92933b016e21b91b463f54:4028e4a240f2ef4c0141029fff920169:ATLAS,2026-07-29,https://www.kap.org.tr/tr/Pazarlar,682788c69b6df71e0a837a763d4e6888cb7e6dd3794b2d87adefa23ce41600cb,Exact as-of source observation; no liquidity filter applied.,ATLAS,,ALT PAZAR,EQUITY,PASS_BORSA_ISTANBUL_KAP_REFERENCE
bist_active_universe_v1,2026-07-29,SEC_1403c112c87f,ATSYH,ATLANTİS YATIRIM HOLDİNG A.Ş.,PAY PİYASASI,YAKIN İZLEME PAZARI,EQUITY,True,True,KAP_MARKETS,KAP_MARKET:4028328c550642950155066367d0001b:33E5FED802BE00EAE0530A4A622B2AEA:4028e4a241558bd9014155dde60a05e7:ATSYH,2026-07-29,https://www.kap.org.tr/tr/Pazarlar,bedeef57b7f4dce97dd56c91a220f2158d9f497716c7d6054c895f537103fc88,Exact as-of source observation; no liquidity filter applied.,ATSYH,,YAKIN İZLEME PAZARI,EQUITY,PASS_BORSA_ISTANBUL_KAP_REFERENCE
bist_active_universe_v1,2026-07-29,SEC_ed2a5dcf8cf6,AVGYO,AVRASYA GAYRİMENKUL YATIRIM ORTAKLIĞI A.Ş.,PAY PİYASASI,ANA PAZAR,EQUITY,True,True,KAP_MARKETS,KAP_MARKET:4028328c550642950155066367d0001b:33E5FED802CC00EAE0530A4A622B2AEA:4028e4a240f2ef4c0141029cf7680164:AVGYO,2026-07-29,https://www.kap.org.tr/tr/Pazarlar,008dfecbfeced7e57746944d06ebd1e2ff0def4a10c4ed4ea85d1cae07ec6570,Exact as-of source observation; no liquidity filter applied.,AVGYO,,ANA PAZAR,EQUITY,PASS_BORSA_ISTANBUL_KAP_REFERENCE
bist_active_universe_v1,2026-07-29,SEC_de13e49c48ff,AVHOL,AVRUPA YATIRIM HOLDİNG A.Ş.,PAY PİYASASI,ANA PAZAR,EQUITY,True,True,KAP_MARKETS,KAP_MARKET:4028328c550642950155066367d0001b:33E5FED802CC00EAE0530A4A622B2AEA:1DE05DAA81E9073AE0530A4A622A2EBD:AVHOL,2026-07-29,https://www.kap.org.tr/tr/Pazarlar,48d73c72ffb1b08f53ec75af94fba77be7ee3b929b8cbe3123aa544dd620aeba,Exact as-of source observation; no liquidity filter applied.,AVHOL,,ANA PAZAR,EQUITY,PASS_BORSA_ISTANBUL_KAP_REFERENCE
bist_active_universe_v1,2026-07-29,SEC_a649b4ef2cfa,AVOD,A.V.O.D. KURUTULMUŞ GIDA VE TARIM ÜRÜNLERİ SANAYİ TİCARET A.Ş.,PAY PİYASASI,ANA PAZAR,EQUITY,True,True,KAP_MARKETS,KAP_MARKET:4028328c550642950155066367d0001b:33E5FED802CC00EAE0530A4A622B2AEA:4028e4a140f2ed72014107916fed023d:AVOD,2026-07-29,https://www.kap.org.tr/tr/Pazarlar,5f874ce0338a0ab9b9ebe4e0f6f68073c21588e3e7753963c7edd6766ab5108d,Exact as-of source observation; no liquidity filter applied.,AVOD,,ANA PAZAR,EQUITY,PASS_BORSA_ISTANBUL_KAP_REFERENCE
bist_active_universe_v1,2026-07-29,SEC_056160ae882f,AVPGY,AVRUPAKENT GAYRİMENKUL YATIRIM ORTAKLIĞI A.Ş.,PAY PİYASASI,YILDIZ PAZAR,EQUITY,True,True,KAP_MARKETS,KAP_MARKET:4028328c550642950155066367d0001b:4028328c6d92933b016e21b838963f42:8acae2c48c3efabf018c4824da4a0623:AVPGY,2026-07-29,https://www.kap.org.tr/tr/Pazarlar,ad4df406ea8e94f06ee9d7159f955fdfa3063d608b5cc3b239929fb9b029dcf9,Exact as-of source observation; no liquidity filter applied.,AVPGY,,YILDIZ PAZAR,EQUITY,PASS_BORSA_ISTANBUL_KAP_REFERENCE
bist_active_universe_v1,2026-07-29,SEC_353c673a9040,AVTUR,AVRASYA PETROL VE TURİSTİK TESİSLER YATIRIMLAR A.Ş.,PAY PİYASASI,ALT PAZAR,EQUITY,True,True,KAP_MARKETS,KAP_MARKET:4028328c550642950155066367d0001b:4028328c6d92933b016e21b91b463f54:4028e4a241733d42014182b942a247e4:AVTUR,2026-07-29,https://www.kap.org.tr/tr/Pazarlar,c291c628cad1fa22c863bec0388c1e307bb55ebe3a2526d1337464a9792cc6fa,Exact as-of source observation; no liquidity filter applied.,AVTUR,,ALT PAZAR,EQUITY,PASS_BORSA_ISTANBUL_KAP_REFERENCE
bist_active_universe_v1,2026-07-29,SEC_f46bab7a8fa0,AYCES,ALTIN YUNUS ÇEŞME TURİSTİK TESİSLER A.Ş.,PAY PİYASASI,ANA PAZAR,EQUITY,True,True,KAP_MARKETS,KAP_MARKET:4028328c550642950155066367d0001b:33E5FED802CC00EAE0530A4A622B2AEA:4028e4a240e95dc90140ed1bc88e0071:AYCES,2026-07-29,https://www.kap.org.tr/tr/Pazarlar,8042bfb29c499d5519df94a47a753bf8b3b2ba32d82b76516c1ba3a43b92e8a4,Exact as-of source observation; no liquidity filter applied.,AYCES,,ANA PAZAR,EQUITY,PASS_BORSA_ISTANBUL_KAP_REFERENCE
bist_active_universe_v1,2026-07-29,SEC_c5466df78eff,AYDEM,AYDEM YENİLENEBİLİR ENERJİ A.Ş.,PAY PİYASASI,YILDIZ PAZAR,EQUITY,True,True,KAP_MARKETS,KAP_MARKET:4028328c550642950155066367d0001b:4028328c6d92933b016e21b838963f42:8acae2c4782a4d580178b56e7c5c4404:AYDEM,2026-07-29,https://www.kap.org.tr/tr/Pazarlar,10a0eab717b49f60d9d757784f2ada44bea524f6a4fe20b195ff5bfb9ad681fd,Exact as-of source observation; no liquidity filter applied.,AYDEM,,YILDIZ PAZAR,EQUITY,PASS_BORSA_ISTANBUL_KAP_REFERENCE
bist_active_universe_v1,2026-07-29,SEC_970b3868ff03,AYEN,AYEN ENERJİ A.Ş.,PAY PİYASASI,ANA PAZAR,EQUITY,True,True,KAP_MARKETS,KAP_MARKET:4028328c550642950155066367d0001b:33E5FED802CC00EAE0530A4A622B2AEA:4028e4a240e95dc90140edf072ef0165:AYEN,2026-07-29,https://www.kap.org.tr/tr/Pazarlar,c7e8180ddbde82dfd3f8dc7974256aed0dd61e2900b274034daf1674f9ea96da,Exact as-of source observation; no liquidity filter applied.,AYEN,,ANA PAZAR,EQUITY,PASS_BORSA_ISTANBUL_KAP_REFERENCE
bist_active_universe_v1,2026-07-29,SEC_92e14a9aaa73,AYES,AYES ÇELİK HASIR VE ÇİT SANAYİ A.Ş.,PAY PİYASASI,PİYASA ÖNCESİ İŞLEM PLATFORMU,EQUITY,True,True,KAP_MARKETS,KAP_MARKET:4028328c550642950155066367d0001b:33E5FED802B000EAE0530A4A622B2AEA:4028e4a1416f846101416f85f6730028:AYES,2026-07-29,https://www.kap.org.tr/tr/Pazarlar,76b6cf06341a26a9285db33ba935ab1a54dc0d0aa1cd1e8868ffb422d7260d39,Exact as-of source observation; no liquidity filter applied.,AYES,,PİYASA ÖNCESİ İŞLEM PLATFORMU,EQUITY,PASS_BORSA_ISTANBUL_KAP_REFERENCE
bist_active_universe_v1,2026-07-29,SEC_8b6fa36202bf,AYGAZ,AYGAZ A.Ş.,PAY PİYASASI,YILDIZ PAZAR,EQUITY,True,True,KAP_MARKETS,KAP_MARKET:4028328c550642950155066367d0001b:4028328c6d92933b016e21b838963f42:4028e4a140e95be70140ee03bd6000e0:AYGAZ,2026-07-29,https://www.kap.org.tr/tr/Pazarlar,1709c6ef0fed97cf7fb9eb837a0136b0d71d2f13bc9c73de67d64ab013bf67ed,Exact as-of source observation; no liquidity filter applied.,AYGAZ,,YILDIZ PAZAR,EQUITY,PASS_BORSA_ISTANBUL_KAP_REFERENCE
bist_active_universe_v1,2026-07-29,SEC_0f4bd7b320a7,AZTEK,AZTEK TEKNOLOJİ ÜRÜNLERİ TİCARET A.Ş.,PAY PİYASASI,ANA PAZAR,EQUITY,True,True,KAP_MARKETS,KAP_MARKET:4028328c550642950155066367d0001b:33E5FED802CC00EAE0530A4A622B2AEA:8acae2c4819d0efe01826e96dd896e0e:AZTEK,2026-07-29,https://www.kap.org.tr/tr/Pazarlar,37b3d0f7738c1e70359cce37865397cc249fd9fc3dbb4a8e3c9cbbc3712cee36,Exact as-of source observation; no liquidity filter applied.,AZTEK,,ANA PAZAR,EQUITY,PASS_BORSA_ISTANBUL_KAP_REFERENCE
bist_active_universe_v1,2026-07-29,SEC_02c07712da92,BAGFS,BAGFAŞ BANDIRMA GÜBRE FABRİKALARI A.Ş.,PAY PİYASASI,ANA PAZAR,EQUITY,True,True,KAP_MARKETS,KAP_MARKET:4028328c550642950155066367d0001b:33E5FED802CC00EAE0530A4A622B2AEA:4028e4a240f2ef4701410810f53601c4:BAGFS,2026-07-29,https://www.kap.org.tr/tr/Pazarlar,6d6d8f5866956af5e6119814b9695941360f84f5c467a06a32d31962b706dd6e,Exact as-of source observation; no liquidity filter applied.,BAGFS,,ANA PAZAR,EQUITY,PASS_BORSA_ISTANBUL_KAP_REFERENCE
bist_active_universe_v1,2026-07-29,SEC_af818e0fa46e,BAHKM,BAHADIR KİMYA SANAYİ VE TİCARET A.Ş.,PAY PİYASASI,ANA PAZAR,EQUITY,True,True,KAP_MARKETS,KAP_MARKET:4028328c550642950155066367d0001b:33E5FED802CC00EAE0530A4A622B2AEA:8acae2c48c3efabf0191137b972152e7:BAHKM,2026-07-29,https://www.kap.org.tr/tr/Pazarlar,855f7d58a02b62db0fd252c1a12031c40bbc038dedba90bed95950298d8a5c15,Exact as-of source observation; no liquidity filter applied.,BAHKM,,ANA PAZAR,EQUITY,PASS_BORSA_ISTANBUL_KAP_REFERENCE
bist_active_universe_v1,2026-07-29,SEC_e291110e7349,BAKAB,BAK AMBALAJ SANAYİ VE TİCARET A.Ş.,PAY PİYASASI,ANA PAZAR,EQUITY,True,True,KAP_MARKETS,KAP_MARKET:4028328c550642950155066367d0001b:33E5FED802CC00EAE0530A4A622B2AEA:4028e4a1415f4d9b01415fdc75f12f64:BAKAB,2026-07-29,https://www.kap.org.tr/tr/Pazarlar,a5b88abfb71e4c2cfe2838db8e4f2d423c43dc38c7a80485576fc43d86809902,Exact as-of source observation; no liquidity filter applied.,BAKAB,,ANA PAZAR,EQUITY,PASS_BORSA_ISTANBUL_KAP_REFERENCE
bist_active_universe_v1,2026-07-29,SEC_b7016a47d8fe,BALAT,BALATACILAR BALATACILIK SANAYİ VE TİCARET A.Ş.,PAY PİYASASI,PİYASA ÖNCESİ İŞLEM PLATFORMU,EQUITY,True,True,KAP_MARKETS,KAP_MARKET:4028328c550642950155066367d0001b:33E5FED802B000EAE0530A4A622B2AEA:4028e4a1416e696501416ee5a3d939ad:BALAT,2026-07-29,https://www.kap.org.tr/tr/Pazarlar,8fde366d945f0c1c072ac0f6138ab602f7b7f3ad4e6e836ca793f5f8cb3ce112,Exact as-of source observation; no liquidity filter applied.,BALAT,,PİYASA ÖNCESİ İŞLEM PLATFORMU,EQUITY,PASS_BORSA_ISTANBUL_KAP_REFERENCE
bist_active_universe_v1,2026-07-29,SEC_3469d05177da,BALSU,BALSU GIDA SANAYİ VE TİCARET A.Ş.,PAY PİYASASI,YILDIZ PAZAR,EQUITY,True,True,KAP_MARKETS,KAP_MARKET:4028328c550642950155066367d0001b:4028328c6d92933b016e21b838963f42:8acae2c580e9103101811f4715cc1821:BALSU,2026-07-29,https://www.kap.org.tr/tr/Pazarlar,c4cab1e345180d3541a342433163d43207e257c58b35ed41d721dd466045f4bd,Exact as-of source observation; no liquidity filter applied.,BALSU,,YILDIZ PAZAR,EQUITY,PASS_BORSA_ISTANBUL_KAP_REFERENCE
bist_active_universe_v1,2026-07-29,SEC_c094fdf9811c,BANVT,BANVİT BANDIRMA VİTAMİNLİ YEM SANAYİ A.Ş.,PAY PİYASASI,ANA PAZAR,EQUITY,True,True,KAP_MARKETS,KAP_MARKET:4028328c550642950155066367d0001b:33E5FED802CC00EAE0530A4A622B2AEA:4028e4a1415f4d990141601902e33250:BANVT,2026-07-29,https://www.kap.org.tr/tr/Pazarlar,2368551ae7c18fd1ece7cb4486e8f505f30f6d5d4697d92b2a78a7e123729a95,Exact as-of source observation; no liquidity filter applied.,BANVT,,ANA PAZAR,EQUITY,PASS_BORSA_ISTANBUL_KAP_REFERENCE
bist_active_universe_v1,2026-07-29,SEC_486cad6cc587,BARMA,BAREM AMBALAJ SANAYİ VE TİCARET A.Ş.,PAY PİYASASI,YILDIZ PAZAR,EQUITY,True,True,KAP_MARKETS,KAP_MARKET:4028328c550642950155066367d0001b:4028328c6d92933b016e21b838963f42:8acae2c47f7cb491017fb5f0afdf174a:BARMA,2026-07-29,https://www.kap.org.tr/tr/Pazarlar,f3e11e0a4513ee495f9bfaa497052512ec1ad4c03ee7f0473d91281ffc3fe7dd,Exact as-of source observation; no liquidity filter applied.,BARMA,,YILDIZ PAZAR,EQUITY,PASS_BORSA_ISTANBUL_KAP_REFERENCE
bist_active_universe_v1,2026-07-29,SEC_efe25fab9175,BASCM,BAŞTAŞ BAŞKENT ÇİMENTO SANAYİ VE TİCARET A.Ş.,PAY PİYASASI,PİYASA ÖNCESİ İŞLEM PLATFORMU,EQUITY,True,True,KAP_MARKETS,KAP_MARKET:4028328c550642950155066367d0001b:33E5FED802B000EAE0530A4A622B2AEA:4028e4a140f2ed7201413a4092720892:BASCM,2026-07-29,https://www.kap.org.tr/tr/Pazarlar,0c51aff6a7627f8c828521049a704a627db9d6ae0a9676dd2ba62d38a4830c19,Exact as-of source observation; no liquidity filter applied.,BASCM,,PİYASA ÖNCESİ İŞLEM PLATFORMU,EQUITY,PASS_BORSA_ISTANBUL_KAP_REFERENCE
bist_active_universe_v1,2026-07-29,SEC_40b7b85e4757,BASGZ,BAŞKENT DOĞALGAZ DAĞITIM GAYRİMENKUL YATIRIM ORTAKLIĞI A.Ş.,PAY PİYASASI,YILDIZ PAZAR,EQUITY,True,True,KAP_MARKETS,KAP_MARKET:4028328c550642950155066367d0001b:4028328c6d92933b016e21b838963f42:4028e4a240f2ef4701413a3410a605ce:BASGZ,2026-07-29,https://www.kap.org.tr/tr/Pazarlar,f03deb919de7d6947cf16d8fbbf8411b343a7a7efd71768928c7bc8b8a1c4368,Exact as-of source observation; no liquidity filter applied.,BASGZ,,YILDIZ PAZAR,EQUITY,PASS_BORSA_ISTANBUL_KAP_REFERENCE
bist_active_universe_v1,2026-07-29,SEC_25e8b012c26e,BAYRK,BAYRAK EBT TABAN SANAYİ VE TİCARET A.Ş.,PAY PİYASASI,ANA PAZAR,EQUITY,True,True,KAP_MARKETS,KAP_MARKET:4028328c550642950155066367d0001b:33E5FED802CC00EAE0530A4A622B2AEA:8acae2c56faf888c0170a0e2d88d77c3:BAYRK,2026-07-29,https://www.kap.org.tr/tr/Pazarlar,a9333114358067e3fa688d8fc071282f662ffa142544031b42106fbd648ee3fa,Exact as-of source observation; no liquidity filter applied.,BAYRK,,ANA PAZAR,EQUITY,PASS_BORSA_ISTANBUL_KAP_REFERENCE
bist_active_universe_v1,2026-07-29,SEC_2a55d9032bec,BEGYO,BATI EGE GAYRİMENKUL YATIRIM ORTAKLIĞI A.Ş.,PAY PİYASASI,ANA PAZAR,EQUITY,True,True,KAP_MARKETS,KAP_MARKET:4028328c550642950155066367d0001b:33E5FED802CC00EAE0530A4A622B2AEA:8acae2c48b2fa25a018c01ae7c3973de:BEGYO,2026-07-29,https://www.kap.org.tr/tr/Pazarlar,65801d9af0929f1a82bdd3116a3e98ddfba668b730e87e0def3c32e6771f5765,Exact as-of source observation; no liquidity filter applied.,BEGYO,,ANA PAZAR,EQUITY,PASS_BORSA_ISTANBUL_KAP_REFERENCE
bist_active_universe_v1,2026-07-29,SEC_3d025ed0ccf7,BERA,BERA HOLDİNG A.Ş.,PAY PİYASASI,YILDIZ PAZAR,EQUITY,True,True,KAP_MARKETS,KAP_MARKET:4028328c550642950155066367d0001b:4028328c6d92933b016e21b838963f42:4028e4a241733d42014174023cb0192b:BERA,2026-07-29,https://www.kap.org.tr/tr/Pazarlar,6add886c3c4c3e289946f13617d0ae9fd0cfd413d355fd1145eae38316e1a98a,Exact as-of source observation; no liquidity filter applied.,BERA,,YILDIZ PAZAR,EQUITY,PASS_BORSA_ISTANBUL_KAP_REFERENCE
bist_active_universe_v1,2026-07-29,SEC_8f48d837d021,BESLR,BESLER GIDA VE KİMYA SANAYİ VE TİCARET A.Ş.,PAY PİYASASI,YILDIZ PAZAR,EQUITY,True,True,KAP_MARKETS,KAP_MARKET:4028328c550642950155066367d0001b:4028328c6d92933b016e21b838963f42:4028e4a1416e696301416ec5743e289d:BESLR,2026-07-29,https://www.kap.org.tr/tr/Pazarlar,566de51ff74caa5300e61b17455129ba2813ae36965aa2449db3e0df0bd915ac,Exact as-of source observation; no liquidity filter applied.,BESLR,,YILDIZ PAZAR,EQUITY,PASS_BORSA_ISTANBUL_KAP_REFERENCE
bist_active_universe_v1,2026-07-29,SEC_df215ba5cb04,BESTE,BEST BRANDS GRUP ENERJİ YATIRIM A.Ş.,PAY PİYASASI,ANA PAZAR,EQUITY,True,True,KAP_MARKETS,KAP_MARKET:4028328c550642950155066367d0001b:33E5FED802CC00EAE0530A4A622B2AEA:8acae2c49b85f8ce019c0d9c2cc26b56:BESTE,2026-07-29,https://www.kap.org.tr/tr/Pazarlar,e50b1d650d5e7e5923a45e021291e8b0b6f4ca3df033d11bab20cee6684b8f6c,Exact as-of source observation; no liquidity filter applied.,BESTE,,ANA PAZAR,EQUITY,PASS_BORSA_ISTANBUL_KAP_REFERENCE
bist_active_universe_v1,2026-07-29,SEC_a0bf94682b4a,BETAE,BETA ENERJİ VE TEKNOLOJİ A.Ş.,PAY PİYASASI,YILDIZ PAZAR,EQUITY,True,True,KAP_MARKETS,KAP_MARKET:4028328c550642950155066367d0001b:4028328c6d92933b016e21b838963f42:8acae2c5794d3d6a01797a0d1ebd088c:BETAE,2026-07-29,https://www.kap.org.tr/tr/Pazarlar,5d15108f7716bc2e61433225b1070660bc23ae57c8949cbd90acbafd3c4d29e6,Exact as-of source observation; no liquidity filter applied.,BETAE,,YILDIZ PAZAR,EQUITY,PASS_BORSA_ISTANBUL_KAP_REFERENCE
bist_active_universe_v1,2026-07-29,SEC_b27b5e40362b,BEYAZ,BEYAZ FİLO OTO KİRALAMA A.Ş.,PAY PİYASASI,ANA PAZAR,EQUITY,True,True,KAP_MARKETS,KAP_MARKET:4028328c550642950155066367d0001b:33E5FED802CC00EAE0530A4A622B2AEA:4028e4a141558bdd01415619e62c0577:BEYAZ,2026-07-29,https://www.kap.org.tr/tr/Pazarlar,c21b2ff94a5a1f2303aebacac8ad03da4078cf12a4b29f90c4ce9ba276275302,Exact as-of source observation; no liquidity filter applied.,BEYAZ,,ANA PAZAR,EQUITY,PASS_BORSA_ISTANBUL_KAP_REFERENCE
bist_active_universe_v1,2026-07-29,SEC_1b713a6c91fe,BFREN,BOSCH FREN SİSTEMLERİ SANAYİ VE TİCARET A.Ş.,PAY PİYASASI,YILDIZ PAZAR,EQUITY,True,True,KAP_MARKETS,KAP_MARKET:4028328c550642950155066367d0001b:4028328c6d92933b016e21b838963f42:4028e4a140e95bea0140ee30fb6001b9:BFREN,2026-07-29,https://www.kap.org.tr/tr/Pazarlar,3a3dcf44399799c1bf69224e2d866ec237f7246fc874ac93342de9def09913da,Exact as-of source observation; no liquidity filter applied.,BFREN,,YILDIZ PAZAR,EQUITY,PASS_BORSA_ISTANBUL_KAP_REFERENCE
bist_active_universe_v1,2026-07-29,SEC_286dee27e1fa,BIENY,BİEN YAPI ÜRÜNLERİ SANAYİ TURİZM VE TİCARET A.Ş.,PAY PİYASASI,YILDIZ PAZAR,EQUITY,True,True,KAP_MARKETS,KAP_MARKET:4028328c550642950155066367d0001b:4028328c6d92933b016e21b838963f42:4028e4a24a5df6e7014ba1e60b464173:BIENY,2026-07-29,https://www.kap.org.tr/tr/Pazarlar,0c3a988ebbb0379273a41f922dad918766160bf230a74d62f6349be57af3fc29,Exact as-of source observation; no liquidity filter applied.,BIENY,,YILDIZ PAZAR,EQUITY,PASS_BORSA_ISTANBUL_KAP_REFERENCE
bist_active_universe_v1,2026-07-29,SEC_54d1a934a592,BIGCH,BÜYÜK ŞEFLER GIDA TURİZM TEKSTİL DANIŞMANLIK ORGANİZASYON EĞİTİM SANAYİ VE TİCARET A.Ş.,PAY PİYASASI,ANA PAZAR,EQUITY,True,True,KAP_MARKETS,KAP_MARKET:4028328c550642950155066367d0001b:33E5FED802CC00EAE0530A4A622B2AEA:8acae2c486d22a3a0187c6822e7324e6:BIGCH,2026-07-29,https://www.kap.org.tr/tr/Pazarlar,292700366fab3abea95160d95b17f6cf3e498fa23bcf0c7090ddd89193afd2b6,Exact as-of source observation; no liquidity filter applied.,BIGCH,,ANA PAZAR,EQUITY,PASS_BORSA_ISTANBUL_KAP_REFERENCE
bist_active_universe_v1,2026-07-29,SEC_f06cb2b68a3f,BIGEN,BİRLEŞİM GRUP ENERJİ YATIRIMLARI A.Ş.,PAY PİYASASI,YILDIZ PAZAR,EQUITY,True,True,KAP_MARKETS,KAP_MARKET:4028328c550642950155066367d0001b:4028328c6d92933b016e21b838963f42:8acae2c49145e00b01949842f70b1a46:BIGEN,2026-07-29,https://www.kap.org.tr/tr/Pazarlar,3b8ad8e38051490f5c07173c69ffc11fe8481a93450496343c58ea7891e827f0,Exact as-of source observation; no liquidity filter applied.,BIGEN,,YILDIZ PAZAR,EQUITY,PASS_BORSA_ISTANBUL_KAP_REFERENCE
bist_active_universe_v1,2026-07-29,SEC_e6762b24ca1c,BIGTK,BİG MEDYA TEKNOLOJİ A.Ş.,PAY PİYASASI,ANA PAZAR,EQUITY,True,True,KAP_MARKETS,KAP_MARKET:4028328c550642950155066367d0001b:33E5FED802CC00EAE0530A4A622B2AEA:4028e4a240ee866c0140f2066a0400b8:BIGTK,2026-07-29,https://www.kap.org.tr/tr/Pazarlar,75825204e47b173822eece553701534d81cfc7edf2234db70fbdb7e91ec8888b,Exact as-of source observation; no liquidity filter applied.,BIGTK,,ANA PAZAR,EQUITY,PASS_BORSA_ISTANBUL_KAP_REFERENCE
bist_active_universe_v1,2026-07-29,SEC_eb7820adc817,BIMAS,BİM BİRLEŞİK MAĞAZALAR A.Ş.,PAY PİYASASI,YILDIZ PAZAR,EQUITY,True,True,KAP_MARKETS,KAP_MARKET:4028328c550642950155066367d0001b:4028328c6d92933b016e21b838963f42:4028e4a140e95be70140ee1b7b030119:BIMAS,2026-07-29,https://www.kap.org.tr/tr/Pazarlar,eb5565c62afbd305ea04d1c74ee2a1f8eb42294fa250fb6ec134e79f8b6bd20a,Exact as-of source observation; no liquidity filter applied.,BIMAS,,YILDIZ PAZAR,EQUITY,PASS_BORSA_ISTANBUL_KAP_REFERENCE
bist_active_universe_v1,2026-07-29,SEC_ad4e666e633b,BINBN,BİN ULAŞIM VE AKILLI ŞEHİR TEKNOLOJİLERİ A.Ş.,PAY PİYASASI,YILDIZ PAZAR,EQUITY,True,True,KAP_MARKETS,KAP_MARKET:4028328c550642950155066367d0001b:4028328c6d92933b016e21b838963f42:8acae2c49145e00b01922d34585110b6:BINBN,2026-07-29,https://www.kap.org.tr/tr/Pazarlar,c701030bd1a7db0a35126593410998b52925d0ee7b87c104bf904a114d3cc6f0,Exact as-of source observation; no liquidity filter applied.,BINBN,,YILDIZ PAZAR,EQUITY,PASS_BORSA_ISTANBUL_KAP_REFERENCE
bist_active_universe_v1,2026-07-29,SEC_c8c83b0a4313,BINHO,1000 YATIRIMLAR HOLDİNG A.Ş.,PAY PİYASASI,YILDIZ PAZAR,EQUITY,True,True,KAP_MARKETS,KAP_MARKET:4028328c550642950155066367d0001b:4028328c6d92933b016e21b838963f42:8acae2c48b2fa25a018bba0a5034596d:BINHO,2026-07-29,https://www.kap.org.tr/tr/Pazarlar,bd29ae2bfedb87192a3381f056cdbcc33c49a7109eb41fce43bfb2831c11cb57,Exact as-of source observation; no liquidity filter applied.,BINHO,,YILDIZ PAZAR,EQUITY,PASS_BORSA_ISTANBUL_KAP_REFERENCE
bist_active_universe_v1,2026-07-29,SEC_b4e69db5a2b7,BIOEN,BİOTREND ÇEVRE VE ENERJİ YATIRIMLARI A.Ş.,PAY PİYASASI,YILDIZ PAZAR,EQUITY,True,True,KAP_MARKETS,KAP_MARKET:4028328c550642950155066367d0001b:4028328c6d92933b016e21b838963f42:8acae2c4780814e2017826e1e07318d8:BIOEN,2026-07-29,https://www.kap.org.tr/tr/Pazarlar,813de372ba0cbe67ccf4723c74ee533f80cfbc408d11e98cca8497eec7088429,Exact as-of source observation; no liquidity filter applied.,BIOEN,,YILDIZ PAZAR,EQUITY,PASS_BORSA_ISTANBUL_KAP_REFERENCE
bist_active_universe_v1,2026-07-29,SEC_0fd09e17c997,BIZIM,BİZİM TOPTAN SATIŞ MAĞAZALARI A.Ş.,PAY PİYASASI,ANA PAZAR,EQUITY,True,True,KAP_MARKETS,KAP_MARKET:4028328c550642950155066367d0001b:33E5FED802CC00EAE0530A4A622B2AEA:4028e4a1416e696301416ec4471d280d:BIZIM,2026-07-29,https://www.kap.org.tr/tr/Pazarlar,315ea400fbba0c2d3f156f8fa2e44ec77c4e0830f4cc8d0014edcd234b42338a,Exact as-of source observation; no liquidity filter applied.,BIZIM,,ANA PAZAR,EQUITY,PASS_BORSA_ISTANBUL_KAP_REFERENCE
bist_active_universe_v1,2026-07-29,SEC_e67a4f461a08,BJKAS,BEŞİKTAŞ FUTBOL YATIRIMLARI SANAYİ VE TİCARET A.Ş.,PAY PİYASASI,YILDIZ PAZAR,EQUITY,True,True,KAP_MARKETS,KAP_MARKET:4028328c550642950155066367d0001b:4028328c6d92933b016e21b838963f42:4028e4a241a25fcb0141a276cda10189:BJKAS,2026-07-29,https://www.kap.org.tr/tr/Pazarlar,0bc43a02727bcc90c47331fcb21eb7958a01eebbd942fcb9e78edf5473c69e71,Exact as-of source observation; no liquidity filter applied.,BJKAS,,YILDIZ PAZAR,EQUITY,PASS_BORSA_ISTANBUL_KAP_REFERENCE
bist_active_universe_v1,2026-07-29,SEC_8a25ed2dc366,BLCYT,BİLİCİ YATIRIM SANAYİ VE TİCARET A.Ş.,PAY PİYASASI,ANA PAZAR,EQUITY,True,True,KAP_MARKETS,KAP_MARKET:4028328c550642950155066367d0001b:33E5FED802CC00EAE0530A4A622B2AEA:4028e4a2413b80d1014144caf7b90037:BLCYT,2026-07-29,https://www.kap.org.tr/tr/Pazarlar,74555f0c55433c5f513daec8083b6b17112c3e261f4a5a72b547f11269e8168b,Exact as-of source observation; no liquidity filter applied.,BLCYT,,ANA PAZAR,EQUITY,PASS_BORSA_ISTANBUL_KAP_REFERENCE
bist_active_universe_v1,2026-07-29,SEC_46cbc274b8f8,BLUME,BLUME METAL KİMYA A.Ş.,PAY PİYASASI,ANA PAZAR,EQUITY,True,True,KAP_MARKETS,KAP_MARKET:4028328c550642950155066367d0001b:33E5FED802CC00EAE0530A4A622B2AEA:4028e4a240f2ef4c0140f2f8fdcd0002:BLUME,2026-07-29,https://www.kap.org.tr/tr/Pazarlar,205f11d178e91f500689b60e50c7d3c8b3e28d8a4e9ab75eea9ad9b0c237d9a4,Exact as-of source observation; no liquidity filter applied.,BLUME,,ANA PAZAR,EQUITY,PASS_BORSA_ISTANBUL_KAP_REFERENCE
bist_active_universe_v1,2026-07-29,SEC_f9b88b8c198c,BMSCH,BMS ÇELİK HASIR SANAYİ VE TİCARET A.Ş.,PAY PİYASASI,ANA PAZAR,EQUITY,True,True,KAP_MARKETS,KAP_MARKET:4028328c550642950155066367d0001b:33E5FED802CC00EAE0530A4A622B2AEA:8acae2c56eccfc0c016f18f5b1e21747:BMSCH,2026-07-29,https://www.kap.org.tr/tr/Pazarlar,ab45320e95dbf43e428ef342797468ce8b4e43b817b721709eea0fcf65b049ba,Exact as-of source observation; no liquidity filter applied.,BMSCH,,ANA PAZAR,EQUITY,PASS_BORSA_ISTANBUL_KAP_REFERENCE
bist_active_universe_v1,2026-07-29,SEC_7921eb2827b6,BMSTL,BMS BİRLEŞİK METAL SANAYİ VE TİCARET A.Ş.,PAY PİYASASI,ANA PAZAR,EQUITY,True,True,KAP_MARKETS,KAP_MARKET:4028328c550642950155066367d0001b:33E5FED802CC00EAE0530A4A622B2AEA:8acae2c47f7cb49201802bda6cbf6b77:BMSTL,2026-07-29,https://www.kap.org.tr/tr/Pazarlar,b0c683c02fbcd56b7c610194de376d9aaca42dcdcd73e81b2f81967962d6d087,Exact as-of source observation; no liquidity filter applied.,BMSTL,,ANA PAZAR,EQUITY,PASS_BORSA_ISTANBUL_KAP_REFERENCE
bist_active_universe_v1,2026-07-29,SEC_4db9a339610a,BNTAS,BANTAŞ BANDIRMA AMBALAJ SANAYİ VE TİCARET A.Ş.,PAY PİYASASI,ANA PAZAR,EQUITY,True,True,KAP_MARKETS,KAP_MARKET:4028328c550642950155066367d0001b:33E5FED802CC00EAE0530A4A622B2AEA:402821824da3aa9b014ef2c4cda22947:BNTAS,2026-07-29,https://www.kap.org.tr/tr/Pazarlar,45b4766a79eff158c000d13fd00691cdbbb51b4b1f7454326c79718c17853121,Exact as-of source observation; no liquidity filter applied.,BNTAS,,ANA PAZAR,EQUITY,PASS_BORSA_ISTANBUL_KAP_REFERENCE
bist_active_universe_v1,2026-07-29,SEC_f5169b532994,BOBET,BOĞAZİÇİ BETON SANAYİ VE TİCARET A.Ş.,PAY PİYASASI,YILDIZ PAZAR,EQUITY,True,True,KAP_MARKETS,KAP_MARKET:4028328c550642950155066367d0001b:4028328c6d92933b016e21b838963f42:8acae2c4782a4d560178d45481dc5948:BOBET,2026-07-29,https://www.kap.org.tr/tr/Pazarlar,7cf695da89f92ba81f2937d5bd53f30325f6a52037d6dc32fe8be1f8fa60a1c9,Exact as-of source observation; no liquidity filter applied.,BOBET,,YILDIZ PAZAR,EQUITY,PASS_BORSA_ISTANBUL_KAP_REFERENCE
bist_active_universe_v1,2026-07-29,SEC_a37242ff0246,BORLS,BORLEASE OTOMOTİV A.Ş.,PAY PİYASASI,YILDIZ PAZAR,EQUITY,True,True,KAP_MARKETS,KAP_MARKET:4028328c550642950155066367d0001b:4028328c6d92933b016e21b838963f42:8acae2c486d22a3a018b03b5cfbe29b8:BORLS,2026-07-29,https://www.kap.org.tr/tr/Pazarlar,da5af4d2cc2a993a03371cd1c222045b9ba05d603236ad0b0960f9596ca51ef2,Exact as-of source observation; no liquidity filter applied.,BORLS,,YILDIZ PAZAR,EQUITY,PASS_BORSA_ISTANBUL_KAP_REFERENCE
bist_active_universe_v1,2026-07-29,SEC_bc2acfaed205,BORSK,BOR ŞEKER A.Ş.,PAY PİYASASI,ANA PAZAR,EQUITY,True,True,KAP_MARKETS,KAP_MARKET:4028328c550642950155066367d0001b:33E5FED802CC00EAE0530A4A622B2AEA:8acae2c58b2fa64e018d63bcd2684e71:BORSK,2026-07-29,https://www.kap.org.tr/tr/Pazarlar,1bc4cef3ecc831f22982ed7ea884fce4713628de01f28a2ea70c598c29a49c54,Exact as-of source observation; no liquidity filter applied.,BORSK,,ANA PAZAR,EQUITY,PASS_BORSA_ISTANBUL_KAP_REFERENCE
bist_active_universe_v1,2026-07-29,SEC_798ed0104aaf,BOSSA,BOSSA TİCARET VE SANAYİ İŞLETMELERİ T.A.Ş.,PAY PİYASASI,ANA PAZAR,EQUITY,True,True,KAP_MARKETS,KAP_MARKET:4028328c550642950155066367d0001b:33E5FED802CC00EAE0530A4A622B2AEA:4028e4a1415f4d9b014160053ed13d39:BOSSA,2026-07-29,https://www.kap.org.tr/tr/Pazarlar,10c34706621060318728ad3514504d1a72114f3b8ae8a059186277c3b4d43da8,Exact as-of source observation; no liquidity filter applied.,BOSSA,,ANA PAZAR,EQUITY,PASS_BORSA_ISTANBUL_KAP_REFERENCE
bist_active_universe_v1,2026-07-29,SEC_756ef6b2df7a,BRISA,BRİSA BRİDGESTONE SABANCI LASTİK SANAYİ VE TİCARET A.Ş.,PAY PİYASASI,YILDIZ PAZAR,EQUITY,True,True,KAP_MARKETS,KAP_MARKET:4028328c550642950155066367d0001b:4028328c6d92933b016e21b838963f42:4028e4a140e95bea0140ee33bff201cd:BRISA,2026-07-29,https://www.kap.org.tr/tr/Pazarlar,e29e2f9f1cdeaaf3ec61995de593f8ce2143f9fae87bd2d94a9d89d75bd12d9f,Exact as-of source observation; no liquidity filter applied.,BRISA,,YILDIZ PAZAR,EQUITY,PASS_BORSA_ISTANBUL_KAP_REFERENCE
bist_active_universe_v1,2026-07-29,SEC_0ecfe0489a66,BRKO,BİRKO BİRLEŞİK KOYUNLULULAR MENSUCAT TİCARET VE SANAYİ A.Ş.,PAY PİYASASI,YAKIN İZLEME PAZARI,EQUITY,True,True,KAP_MARKETS,KAP_MARKET:4028328c550642950155066367d0001b:33E5FED802BE00EAE0530A4A622B2AEA:4028e4a240e95dc90140ee21c40601aa:BRKO,2026-07-29,https://www.kap.org.tr/tr/Pazarlar,082c3de2c765884e5e4e68f89ff069cb3321c1ddef7f27affea5f1adf2d6ce42,Exact as-of source observation; no liquidity filter applied.,BRKO,,YAKIN İZLEME PAZARI,EQUITY,PASS_BORSA_ISTANBUL_KAP_REFERENCE
bist_active_universe_v1,2026-07-29,SEC_724d849fd1ee,BRKSN,BERKOSAN YALITIM VE TECRİT MADDELERİ ÜRETİM VE TİCARET A.Ş.,PAY PİYASASI,ALT PAZAR,EQUITY,True,True,KAP_MARKETS,KAP_MARKET:4028328c550642950155066367d0001b:4028328c6d92933b016e21b91b463f54:4028e4a1413b7ef4014144cf3f7b0075:BRKSN,2026-07-29,https://www.kap.org.tr/tr/Pazarlar,584d128a9430ca3af118d2d2547f51ff35cc386c01bc97e880faaa84050e2eb8,Exact as-of source observation; no liquidity filter applied.,BRKSN,,ALT PAZAR,EQUITY,PASS_BORSA_ISTANBUL_KAP_REFERENCE
bist_active_universe_v1,2026-07-29,SEC_e3386777a5b6,BRKVY,BİRİKİM VARLIK YÖNETİM A.Ş.,PAY PİYASASI,ANA PAZAR,EQUITY,True,True,KAP_MARKETS,KAP_MARKET:4028328c550642950155066367d0001b:33E5FED802CC00EAE0530A4A622B2AEA:8acae2c562329bd10162b9ff7a6b53d6:BRKVY,2026-07-29,https://www.kap.org.tr/tr/Pazarlar,c82587bee234ff289f95f10a07d18c0547381c24915cce0821adddc64b6b296f,Exact as-of source observation; no liquidity filter applied.,BRKVY,,ANA PAZAR,EQUITY,PASS_BORSA_ISTANBUL_KAP_REFERENCE
bist_active_universe_v1,2026-07-29,SEC_228d9c57706e,BRLSM,BİRLEŞİM MÜHENDİSLİK ISITMA SOĞUTMA HAVALANDIRMA SANAYİ VE TİCARET A.Ş.,PAY PİYASASI,ANA PAZAR,EQUITY,True,True,KAP_MARKETS,KAP_MARKET:4028328c550642950155066367d0001b:33E5FED802CC00EAE0530A4A622B2AEA:8acae2c4794d3648017aa01a43690c1f:BRLSM,2026-07-29,https://www.kap.org.tr/tr/Pazarlar,f4446f4393353fd9ec2f153ebcd8d085d9d42754b2a1089bca5c8f83b23ca649,Exact as-of source observation; no liquidity filter applied.,BRLSM,,ANA PAZAR,EQUITY,PASS_BORSA_ISTANBUL_KAP_REFERENCE
bist_active_universe_v1,2026-07-29,SEC_9f2bd2dffbf3,BRMEN,BİRLİK MENSUCAT TİCARET VE SANAYİ İŞLETMESİ A.Ş.,PAY PİYASASI,YAKIN İZLEME PAZARI,EQUITY,True,True,KAP_MARKETS,KAP_MARKET:4028328c550642950155066367d0001b:33E5FED802BE00EAE0530A4A622B2AEA:4028e4a240e95dc90140ee243b5b01ba:BRMEN,2026-07-29,https://www.kap.org.tr/tr/Pazarlar,6db6511018156b5e3738c3e32b36a9fb651db48d324734aac67e0d3917592260,Exact as-of source observation; no liquidity filter applied.,BRMEN,,YAKIN İZLEME PAZARI,EQUITY,PASS_BORSA_ISTANBUL_KAP_REFERENCE
bist_active_universe_v1,2026-07-29,SEC_c891611db6d8,BRSAN,BORUSAN BİRLEŞİK BORU FABRİKALARI SANAYİ VE TİCARET A.Ş.,PAY PİYASASI,YILDIZ PAZAR,EQUITY,True,True,KAP_MARKETS,KAP_MARKET:4028328c550642950155066367d0001b:4028328c6d92933b016e21b838963f42:4028e4a140f2ed7201412ac9ca5d06e6:BRSAN,2026-07-29,https://www.kap.org.tr/tr/Pazarlar,901c8be92b3ad7174c7e6268bf9bcab1d85eeeaeaaf79c3fb701a7c3473d2969,Exact as-of source observation; no liquidity filter applied.,BRSAN,,YILDIZ PAZAR,EQUITY,PASS_BORSA_ISTANBUL_KAP_REFERENCE
bist_active_universe_v1,2026-07-29,SEC_70fa6a6024bb,BRYAT,BORUSAN YATIRIM VE PAZARLAMA A.Ş.,PAY PİYASASI,YILDIZ PAZAR,EQUITY,True,True,KAP_MARKETS,KAP_MARKET:4028328c550642950155066367d0001b:4028328c6d92933b016e21b838963f42:4028e4a1415f4d9b0141603cd3904103:BRYAT,2026-07-29,https://www.kap.org.tr/tr/Pazarlar,5dc497b27f280db0105153517ed3b8833fd0f55eecf7b3af2cab040addde0986,Exact as-of source observation; no liquidity filter applied.,BRYAT,,YILDIZ PAZAR,EQUITY,PASS_BORSA_ISTANBUL_KAP_REFERENCE
bist_active_universe_v1,2026-07-29,SEC_0bcae4923a97,BSOKE,BATIÇİM ÇİMENTO SANAYİ A.Ş.,PAY PİYASASI,YILDIZ PAZAR,EQUITY,True,True,KAP_MARKETS,KAP_MARKET:4028328c550642950155066367d0001b:4028328c6d92933b016e21b838963f42:4028e4a24158e42401415920fc3308c5:BSOKE,2026-07-29,https://www.kap.org.tr/tr/Pazarlar,332e2047d7dc360efab3b013b274303cbc2126c7eec43e3016139c7bed832c97,Exact as-of source observation; no liquidity filter applied.,BSOKE,,YILDIZ PAZAR,EQUITY,PASS_BORSA_ISTANBUL_KAP_REFERENCE
bist_active_universe_v1,2026-07-29,SEC_5e1cd2148896,BTCIM,BATIÇİM BATI ANADOLU SANAYİ VE TİCARET A.Ş.,PAY PİYASASI,YILDIZ PAZAR,EQUITY,True,True,KAP_MARKETS,KAP_MARKET:4028328c550642950155066367d0001b:4028328c6d92933b016e21b838963f42:4028e4a140e95be70140ee07044700eb:BTCIM,2026-07-29,https://www.kap.org.tr/tr/Pazarlar,e50d360eb236687c528360859eb6f6db83ed7dce5bfd5a9639a5cda3e7b05bf6,Exact as-of source observation; no liquidity filter applied.,BTCIM,,YILDIZ PAZAR,EQUITY,PASS_BORSA_ISTANBUL_KAP_REFERENCE
bist_active_universe_v1,2026-07-29,SEC_c72803403455,BUCIM,BURSA ÇİMENTO FABRİKASI A.Ş.,PAY PİYASASI,YILDIZ PAZAR,EQUITY,True,True,KAP_MARKETS,KAP_MARKET:4028328c550642950155066367d0001b:4028328c6d92933b016e21b838963f42:4028e4a140ee35c00140ee41a5e4000f:BUCIM,2026-07-29,https://www.kap.org.tr/tr/Pazarlar,3ddade378861bf432230c656c63bbfa2db8897f6a8bc325c44474eaa7e3247b4,Exact as-of source observation; no liquidity filter applied.,BUCIM,,YILDIZ PAZAR,EQUITY,PASS_BORSA_ISTANBUL_KAP_REFERENCE
bist_active_universe_v1,2026-07-29,SEC_8a2ccf9b1d47,BULGS,BULLS GİRİŞİM SERMAYESİ YATIRIM ORTAKLIĞI A.Ş.,PAY PİYASASI,ANA PAZAR,EQUITY,True,True,KAP_MARKETS,KAP_MARKET:4028328c550642950155066367d0001b:33E5FED802CC00EAE0530A4A622B2AEA:8acae2c47afb298b017ceaa8534b5036:BULGS,2026-07-29,https://www.kap.org.tr/tr/Pazarlar,e4b9fc5e97b9a04d8bfb546be82c4e564b1217a74e3c0ad7ffdf314f01fa9239,Exact as-of source observation; no liquidity filter applied.,BULGS,,ANA PAZAR,EQUITY,PASS_BORSA_ISTANBUL_KAP_REFERENCE
bist_active_universe_v1,2026-07-29,SEC_e070c5630b8c,BURCE,BURÇELİK BURSA ÇELİK DÖKÜM SANAYİİ A.Ş.,PAY PİYASASI,ANA PAZAR,EQUITY,True,True,KAP_MARKETS,KAP_MARKET:4028328c550642950155066367d0001b:33E5FED802CC00EAE0530A4A622B2AEA:4028e4a14158e41e01415b2636586ca7:BURCE,2026-07-29,https://www.kap.org.tr/tr/Pazarlar,c7464743abea9fd7800cb15ee081c7936db0cc7723349d76f4640e83822440ef,Exact as-of source observation; no liquidity filter applied.,BURCE,,ANA PAZAR,EQUITY,PASS_BORSA_ISTANBUL_KAP_REFERENCE
bist_active_universe_v1,2026-07-29,SEC_12b6aed35853,BURVA,BURÇELİK VANA SANAYİ VE TİCARET A.Ş.,PAY PİYASASI,ALT PAZAR,EQUITY,True,True,KAP_MARKETS,KAP_MARKET:4028328c550642950155066367d0001b:4028328c6d92933b016e21b91b463f54:4028e4a14158e41e01415b2789266cb6:BURVA,2026-07-29,https://www.kap.org.tr/tr/Pazarlar,5f6e018b9334ae920f84491969ef7f442b7074e0c97be32e5de29217056099cd,Exact as-of source observation; no liquidity filter applied.,BURVA,,ALT PAZAR,EQUITY,PASS_BORSA_ISTANBUL_KAP_REFERENCE
bist_active_universe_v1,2026-07-29,SEC_6ba8d4d956c1,BVSAN,BÜLBÜLOĞLU VİNÇ SANAYİ VE TİCARET A.Ş.,PAY PİYASASI,ANA PAZAR,EQUITY,True,True,KAP_MARKETS,KAP_MARKET:4028328c550642950155066367d0001b:33E5FED802CC00EAE0530A4A622B2AEA:8acae2c5830502c30185dea8694c5722:BVSAN,2026-07-29,https://www.kap.org.tr/tr/Pazarlar,f178791cf5d9bedbd0c160f57b51323210c306e84770ee6674fc40bbdb3b11be,Exact as-of source observation; no liquidity filter applied.,BVSAN,,ANA PAZAR,EQUITY,PASS_BORSA_ISTANBUL_KAP_REFERENCE
bist_active_universe_v1,2026-07-29,SEC_d734f59791f9,BYDNR,BAYDÖNER RESTORANLARI A.Ş.,PAY PİYASASI,ANA PAZAR,EQUITY,True,True,KAP_MARKETS,KAP_MARKET:4028328c550642950155066367d0001b:33E5FED802CC00EAE0530A4A622B2AEA:8acae2c586d22c510189de64baa92725:BYDNR,2026-07-29,https://www.kap.org.tr/tr/Pazarlar,3769b63210f3d66ad9583a05729914e1c9e93c1bdd0c6a8b3f0795242312a93b,Exact as-of source observation; no liquidity filter applied.,BYDNR,,ANA PAZAR,EQUITY,PASS_BORSA_ISTANBUL_KAP_REFERENCE
bist_active_universe_v1,2026-07-29,SEC_5c82ef9c2383,CANTE,ÇAN2 TERMİK A.Ş.,PAY PİYASASI,YILDIZ PAZAR,EQUITY,True,True,KAP_MARKETS,KAP_MARKET:4028328c550642950155066367d0001b:4028328c6d92933b016e21b838963f42:8acae2c578080f31017811f4dca6032d:CANTE,2026-07-29,https://www.kap.org.tr/tr/Pazarlar,a37181ba27b8825b1d5e5ec88672062cc495ea7a8c586bbc15710c3f3f8d9ae5,Exact as-of source observation; no liquidity filter applied.,CANTE,,YILDIZ PAZAR,EQUITY,PASS_BORSA_ISTANBUL_KAP_REFERENCE
bist_active_universe_v1,2026-07-29,SEC_5784d11ac515,CASA,CASA EMTİA PETROL KİMYEVİ VE TÜREVLERİ SANAYİ VE TİCARET A.Ş.,PAY PİYASASI,YAKIN İZLEME PAZARI,EQUITY,True,True,KAP_MARKETS,KAP_MARKET:4028328c550642950155066367d0001b:33E5FED802BE00EAE0530A4A622B2AEA:4028e4a240f2ef4c01413acf8cda06cc:CASA,2026-07-29,https://www.kap.org.tr/tr/Pazarlar,e0599f12549dc916d0b45b0b66fb9bee0d45e856218452f65e722c67c55874f4,Exact as-of source observation; no liquidity filter applied.,CASA,,YAKIN İZLEME PAZARI,EQUITY,PASS_BORSA_ISTANBUL_KAP_REFERENCE
bist_active_universe_v1,2026-07-29,SEC_abaee63da5f9,CATES,ÇATES ELEKTRİK ÜRETİM A.Ş.,PAY PİYASASI,ANA PAZAR,EQUITY,True,True,KAP_MARKETS,KAP_MARKET:4028328c550642950155066367d0001b:33E5FED802CC00EAE0530A4A622B2AEA:8acae2c58b2fa64e018bfaefef6b6fcd:CATES,2026-07-29,https://www.kap.org.tr/tr/Pazarlar,d570eb15ec087911b03614a7a6674083ae9720c9ff48d3bc2e0ae13098ebff70,Exact as-of source observation; no liquidity filter applied.,CATES,,ANA PAZAR,EQUITY,PASS_BORSA_ISTANBUL_KAP_REFERENCE
bist_active_universe_v1,2026-07-29,SEC_48036f50801c,CCOLA,COCA-COLA İÇECEK A.Ş.,PAY PİYASASI,YILDIZ PAZAR,EQUITY,True,True,KAP_MARKETS,KAP_MARKET:4028328c550642950155066367d0001b:4028328c6d92933b016e21b838963f42:4028e4a140ee35c00140ee586bdd0034:CCOLA,2026-07-29,https://www.kap.org.tr/tr/Pazarlar,9e9a163b7c34d703c82861e467fe25fc261ed714ca2a66ecec343bae34e3580d,Exact as-of source observation; no liquidity filter applied.,CCOLA,,YILDIZ PAZAR,EQUITY,PASS_BORSA_ISTANBUL_KAP_REFERENCE
bist_active_universe_v1,2026-07-29,SEC_06794db3b40f,CELHA,ÇELİK HALAT VE TEL SANAYİİ A.Ş.,PAY PİYASASI,ANA PAZAR,EQUITY,True,True,KAP_MARKETS,KAP_MARKET:4028328c550642950155066367d0001b:33E5FED802CC00EAE0530A4A622B2AEA:4028e4a240f2ef4c0141164dd92d044c:CELHA,2026-07-29,https://www.kap.org.tr/tr/Pazarlar,49a918489616e14972071db0a8a587bf2162c95ee5edb7a5ae46f04d4064a134,Exact as-of source observation; no liquidity filter applied.,CELHA,,ANA PAZAR,EQUITY,PASS_BORSA_ISTANBUL_KAP_REFERENCE
bist_active_universe_v1,2026-07-29,SEC_cc22ca217622,CEMAS,ÇEMAŞ DÖKÜM SANAYİ A.Ş.,PAY PİYASASI,ANA PAZAR,EQUITY,True,True,KAP_MARKETS,KAP_MARKET:4028328c550642950155066367d0001b:33E5FED802CC00EAE0530A4A622B2AEA:4028e4a140f2ed7201413b14392508fb:CEMAS,2026-07-29,https://www.kap.org.tr/tr/Pazarlar,3bff170829feb290a68ea8002e8813a235567a9cd49112e5ad389c7a83872bab,Exact as-of source observation; no liquidity filter applied.,CEMAS,,ANA PAZAR,EQUITY,PASS_BORSA_ISTANBUL_KAP_REFERENCE
bist_active_universe_v1,2026-07-29,SEC_166a85fcd36a,CEMTS,ÇEMTAŞ ÇELİK MAKİNA SANAYİ VE TİCARET A.Ş.,PAY PİYASASI,ANA PAZAR,EQUITY,True,True,KAP_MARKETS,KAP_MARKET:4028328c550642950155066367d0001b:33E5FED802CC00EAE0530A4A622B2AEA:4028e4a140ee84900140f1f334ce0025:CEMTS,2026-07-29,https://www.kap.org.tr/tr/Pazarlar,cd249527c69dd11c5d959944879020ab2aed3359a51dd6c9e682fc2699e2ac53,Exact as-of source observation; no liquidity filter applied.,CEMTS,,ANA PAZAR,EQUITY,PASS_BORSA_ISTANBUL_KAP_REFERENCE
bist_active_universe_v1,2026-07-29,SEC_e9f77e2f15ff,CEMZY,CEM ZEYTİN A.Ş.,PAY PİYASASI,YILDIZ PAZAR,EQUITY,True,True,KAP_MARKETS,KAP_MARKET:4028328c550642950155066367d0001b:4028328c6d92933b016e21b838963f42:8acae2c49145e00b01918463cdec27bb:CEMZY,2026-07-29,https://www.kap.org.tr/tr/Pazarlar,1ff83f317cb49ad6409a98fe1052a055c643af05a995f06effa4d11123454066,Exact as-of source observation; no liquidity filter applied.,CEMZY,,YILDIZ PAZAR,EQUITY,PASS_BORSA_ISTANBUL_KAP_REFERENCE
bist_active_universe_v1,2026-07-29,SEC_41ba20a54f19,CEOEM,CEO EVENT MEDYA A.Ş.,PAY PİYASASI,ANA PAZAR,EQUITY,True,True,KAP_MARKETS,KAP_MARKET:4028328c550642950155066367d0001b:33E5FED802CC00EAE0530A4A622B2AEA:8acae2c469cee2a20169ed8afa9112ee:CEOEM,2026-07-29,https://www.kap.org.tr/tr/Pazarlar,9e42cd22a03a0d2a3f168307db6bbb1087e58fa88a767d11dbae2b8219675ae4,Exact as-of source observation; no liquidity filter applied.,CEOEM,,ANA PAZAR,EQUITY,PASS_BORSA_ISTANBUL_KAP_REFERENCE
bist_active_universe_v1,2026-07-29,SEC_796dfd9f7b7b,CGCAM,ÇAĞDAŞ CAM SANAYİ VE TİCARET A.Ş.,PAY PİYASASI,YILDIZ PAZAR,EQUITY,True,True,KAP_MARKETS,KAP_MARKET:4028328c550642950155066367d0001b:4028328c6d92933b016e21b838963f42:8acae2c59145e00e01939c2384406d96:CGCAM,2026-07-29,https://www.kap.org.tr/tr/Pazarlar,74cf617dc8aefd57117ec7423e5f780a5fd4414e43320db6171f74d5704a1acc,Exact as-of source observation; no liquidity filter applied.,CGCAM,,YILDIZ PAZAR,EQUITY,PASS_BORSA_ISTANBUL_KAP_REFERENCE
bist_active_universe_v1,2026-07-29,SEC_9e761af68c04,CIMSA,ÇİMSA ÇİMENTO SANAYİ VE TİCARET A.Ş.,PAY PİYASASI,YILDIZ PAZAR,EQUITY,True,True,KAP_MARKETS,KAP_MARKET:4028328c550642950155066367d0001b:4028328c6d92933b016e21b838963f42:4028e4a240ee866c0140f1f64bdb0014:CIMSA,2026-07-29,https://www.kap.org.tr/tr/Pazarlar,0b608e333fc48488ffac2ec738610631a466e8858cf880aec65b3de10f1640ea,Exact as-of source observation; no liquidity filter applied.,CIMSA,,YILDIZ PAZAR,EQUITY,PASS_BORSA_ISTANBUL_KAP_REFERENCE
bist_active_universe_v1,2026-07-29,SEC_611720610fff,CLEBI,ÇELEBİ HAVA SERVİSİ A.Ş.,PAY PİYASASI,YILDIZ PAZAR,EQUITY,True,True,KAP_MARKETS,KAP_MARKET:4028328c550642950155066367d0001b:4028328c6d92933b016e21b838963f42:4028e4a140ee84900140f1f1584c0015:CLEBI,2026-07-29,https://www.kap.org.tr/tr/Pazarlar,da8df7f7f1e7222979c568f73ccb3d697aa82afafe2e04e7de2c65cd6a49d8ec,Exact as-of source observation; no liquidity filter applied.,CLEBI,,YILDIZ PAZAR,EQUITY,PASS_BORSA_ISTANBUL_KAP_REFERENCE
bist_active_universe_v1,2026-07-29,SEC_cfdd81b1471c,CMBTN,ÇİMBETON HAZIRBETON VE PREFABRİK YAPI ELEMANLARI SANAYİ VE TİCARET A.Ş.,PAY PİYASASI,ANA PAZAR,EQUITY,True,True,KAP_MARKETS,KAP_MARKET:4028328c550642950155066367d0001b:33E5FED802CC00EAE0530A4A622B2AEA:4028e4a24158e42401415ad0dece7d3a:CMBTN,2026-07-29,https://www.kap.org.tr/tr/Pazarlar,1bca76ec3055c99de5fe286d46d7153d2266c8138ca7c9ef63c3758daeac8721,Exact as-of source observation; no liquidity filter applied.,CMBTN,,ANA PAZAR,EQUITY,PASS_BORSA_ISTANBUL_KAP_REFERENCE
bist_active_universe_v1,2026-07-29,SEC_f86c1b03be87,CMENT,ÇİMENTAŞ İZMİR ÇİMENTO FABRİKASI T.A.Ş.,PAY PİYASASI,PİYASA ÖNCESİ İŞLEM PLATFORMU,EQUITY,True,True,KAP_MARKETS,KAP_MARKET:4028328c550642950155066367d0001b:33E5FED802B000EAE0530A4A622B2AEA:4028e4a24158e42401415ad34c7f7db7:CMENT,2026-07-29,https://www.kap.org.tr/tr/Pazarlar,80a1a794e750161833be964f8a4fbcbe7ea6131275fdfc4064612353bce310d5,Exact as-of source observation; no liquidity filter applied.,CMENT,,PİYASA ÖNCESİ İŞLEM PLATFORMU,EQUITY,PASS_BORSA_ISTANBUL_KAP_REFERENCE
bist_active_universe_v1,2026-07-29,SEC_251e21872fd0,CONSE,CONSUS ENERJİ İŞLETMECİLİĞİ VE HİZMETLERİ A.Ş.,PAY PİYASASI,ANA PAZAR,EQUITY,True,True,KAP_MARKETS,KAP_MARKET:4028328c550642950155066367d0001b:33E5FED802CC00EAE0530A4A622B2AEA:8acae2c57f7cbb48018007c3ad6154d4:CONSE,2026-07-29,https://www.kap.org.tr/tr/Pazarlar,95b1f2f92e14085d0af5f745d8d61d28bd58c8ed4e48f4818e651f1aad179683,Exact as-of source observation; no liquidity filter applied.,CONSE,,ANA PAZAR,EQUITY,PASS_BORSA_ISTANBUL_KAP_REFERENCE
bist_active_universe_v1,2026-07-29,SEC_4dbeca7875b3,COSMO,COSMOS YATIRIM HOLDİNG A.Ş.,PAY PİYASASI,ALT PAZAR,EQUITY,True,True,KAP_MARKETS,KAP_MARKET:4028328c550642950155066367d0001b:4028328c6d92933b016e21b91b463f54:4028e4a24158e42401415ada104f7e44:COSMO,2026-07-29,https://www.kap.org.tr/tr/Pazarlar,7c543f69ba9487b6074b47bf413619a3d88d82ecb49014dac6edd9432a47214a,Exact as-of source observation; no liquidity filter applied.,COSMO,,ALT PAZAR,EQUITY,PASS_BORSA_ISTANBUL_KAP_REFERENCE
bist_active_universe_v1,2026-07-29,SEC_510b28da97ea,CRDFA,CREDITWEST FAKTORİNG A.Ş.,PAY PİYASASI,ALT PAZAR,EQUITY,True,True,KAP_MARKETS,KAP_MARKET:4028328c550642950155066367d0001b:4028328c6d92933b016e21b91b463f54:4028e4a141558bdd0141561c84700589:CRDFA,2026-07-29,https://www.kap.org.tr/tr/Pazarlar,d81eeb3eb290ef2a3ed23f494fafc2031763cf611c414ba22ba51c718c0b34e6,Exact as-of source observation; no liquidity filter applied.,CRDFA,,ALT PAZAR,EQUITY,PASS_BORSA_ISTANBUL_KAP_REFERENCE
bist_active_universe_v1,2026-07-29,SEC_93542d4fa17a,CRFSA,CARREFOURSA CARREFOUR SABANCI TİCARET MERKEZİ A.Ş.,PAY PİYASASI,ANA PAZAR,EQUITY,True,True,KAP_MARKETS,KAP_MARKET:4028328c550642950155066367d0001b:33E5FED802CC00EAE0530A4A622B2AEA:4028e4a140ee35c00140ee56930f0024:CRFSA,2026-07-29,https://www.kap.org.tr/tr/Pazarlar,131112a05a285c2b45b35ea5968eb90a28a3de2a996dd5e71e00175a69ba8fef,Exact as-of source observation; no liquidity filter applied.,CRFSA,,ANA PAZAR,EQUITY,PASS_BORSA_ISTANBUL_KAP_REFERENCE
bist_active_universe_v1,2026-07-29,SEC_6be87fc32578,CUSAN,ÇUHADAROĞLU METAL SANAYİ VE PAZARLAMA A.Ş.,PAY PİYASASI,ANA PAZAR,EQUITY,True,True,KAP_MARKETS,KAP_MARKET:4028328c550642950155066367d0001b:33E5FED802CC00EAE0530A4A622B2AEA:8acae2c552495f6401529d6a45d10598:CUSAN,2026-07-29,https://www.kap.org.tr/tr/Pazarlar,702b61de0261ff1f6fde47badd65480aa20f5a7b5cce31b8aee4b9773a954e1d,Exact as-of source observation; no liquidity filter applied.,CUSAN,,ANA PAZAR,EQUITY,PASS_BORSA_ISTANBUL_KAP_REFERENCE
bist_active_universe_v1,2026-07-29,SEC_9a44b8e25b5b,CVKMD,CVK MADEN İŞLETMELERİ SANAYİ VE TİCARET A.Ş.,PAY PİYASASI,YILDIZ PAZAR,EQUITY,True,True,KAP_MARKETS,KAP_MARKET:4028328c550642950155066367d0001b:4028328c6d92933b016e21b838963f42:8acae2c586d22c510187381ba299429a:CVKMD,2026-07-29,https://www.kap.org.tr/tr/Pazarlar,90c1a3400e251a050af52fe2fbe092bf4d43e6363e7a9f5be94f2c849ee4a7eb,Exact as-of source observation; no liquidity filter applied.,CVKMD,,YILDIZ PAZAR,EQUITY,PASS_BORSA_ISTANBUL_KAP_REFERENCE
bist_active_universe_v1,2026-07-29,SEC_98f490525216,CWENE,CW ENERJİ MÜHENDİSLİK TİCARET VE SANAYİ A.Ş.,PAY PİYASASI,YILDIZ PAZAR,EQUITY,True,True,KAP_MARKETS,KAP_MARKET:4028328c550642950155066367d0001b:4028328c6d92933b016e21b838963f42:8acae2c56faf888c016fd6c2036e0a5d:CWENE,2026-07-29,https://www.kap.org.tr/tr/Pazarlar,1b0f6a2f328cd630b5b947f88475a49f622e15e1ee9bc81de63abbedd3feefa9,Exact as-of source observation; no liquidity filter applied.,CWENE,,YILDIZ PAZAR,EQUITY,PASS_BORSA_ISTANBUL_KAP_REFERENCE
bist_active_universe_v1,2026-07-29,SEC_da547dcd25bd,DAGI,DAGİ GİYİM SANAYİ VE TİCARET A.Ş.,PAY PİYASASI,ANA PAZAR,EQUITY,True,True,KAP_MARKETS,KAP_MARKET:4028328c550642950155066367d0001b:33E5FED802CC00EAE0530A4A622B2AEA:4028e4a140f2ed7101411160c8c6020f:DAGI,2026-07-29,https://www.kap.org.tr/tr/Pazarlar,2a820e77125abd7328b758cf8956b99938aea921143593bbdb35a0f7dacc08c9,Exact as-of source observation; no liquidity filter applied.,DAGI,,ANA PAZAR,EQUITY,PASS_BORSA_ISTANBUL_KAP_REFERENCE
bist_active_universe_v1,2026-07-29,SEC_7ad8eb64aa81,DAPGM,DAP GAYRİMENKUL GELİŞTİRME A.Ş.,PAY PİYASASI,YILDIZ PAZAR,EQUITY,True,True,KAP_MARKETS,KAP_MARKET:4028328c550642950155066367d0001b:4028328c6d92933b016e21b838963f42:8acae2c47d3bee4e017ea0492b6a0595:DAPGM,2026-07-29,https://www.kap.org.tr/tr/Pazarlar,05c9d26cc815ec0b5f27d5221741494833851027d1284a0eed79f394a1a4d53a,Exact as-of source observation; no liquidity filter applied.,DAPGM,,YILDIZ PAZAR,EQUITY,PASS_BORSA_ISTANBUL_KAP_REFERENCE
bist_active_universe_v1,2026-07-29,SEC_041fa4435035,DARDL,DARDANEL ÖNENTAŞ GIDA SANAYİ A.Ş.,PAY PİYASASI,ANA PAZAR,EQUITY,True,True,KAP_MARKETS,KAP_MARKET:4028328c550642950155066367d0001b:33E5FED802CC00EAE0530A4A622B2AEA:4028e4a144a0804e014521a6ca1c0705:DARDL,2026-07-29,https://www.kap.org.tr/tr/Pazarlar,714f2b801764c3fe4ddc92e789068c58fb1e89fb6d2cfe38646734add38ecc80,Exact as-of source observation; no liquidity filter applied.,DARDL,,ANA PAZAR,EQUITY,PASS_BORSA_ISTANBUL_KAP_REFERENCE
bist_active_universe_v1,2026-07-29,SEC_de92422167b9,DCTTR,DCT TRADİNG DIŞ TİCARET A.Ş.,PAY PİYASASI,ANA PAZAR,EQUITY,True,True,KAP_MARKETS,KAP_MARKET:4028328c550642950155066367d0001b:33E5FED802CC00EAE0530A4A622B2AEA:8acae2c48c3efac00190dade5a963277:DCTTR,2026-07-29,https://www.kap.org.tr/tr/Pazarlar,de9570e5df47dc23b7527b6b36dfad7f76049fd1d4ad9d16ca642b69f1e70975,Exact as-of source observation; no liquidity filter applied.,DCTTR,,ANA PAZAR,EQUITY,PASS_BORSA_ISTANBUL_KAP_REFERENCE
bist_active_universe_v1,2026-07-29,SEC_e800e369c854,DENGE,DENGE YATIRIM HOLDİNG A.Ş.,PAY PİYASASI,ANA PAZAR,EQUITY,True,True,KAP_MARKETS,KAP_MARKET:4028328c550642950155066367d0001b:33E5FED802CC00EAE0530A4A622B2AEA:4028e4a240ee866c0140f1f80b55002b:DENGE,2026-07-29,https://www.kap.org.tr/tr/Pazarlar,b8e97e867789ea16ac98c5b75301e033aa9f1c1837d0aa937eb7d3961a678072,Exact as-of source observation; no liquidity filter applied.,DENGE,,ANA PAZAR,EQUITY,PASS_BORSA_ISTANBUL_KAP_REFERENCE
bist_active_universe_v1,2026-07-29,SEC_e0bcf7a13c2a,DERHL,DERLÜKS YATIRIM HOLDİNG A.Ş.,PAY PİYASASI,ANA PAZAR,EQUITY,True,True,KAP_MARKETS,KAP_MARKET:4028328c550642950155066367d0001b:33E5FED802CC00EAE0530A4A622B2AEA:8acae2c469cee2a4016a5492160c43c3:DERHL,2026-07-29,https://www.kap.org.tr/tr/Pazarlar,198ab85383db8130a95521f4418697b9cf248ad545d8b7eaea578ccd7c5ee655,Exact as-of source observation; no liquidity filter applied.,DERHL,,ANA PAZAR,EQUITY,PASS_BORSA_ISTANBUL_KAP_REFERENCE
bist_active_universe_v1,2026-07-29,SEC_5f32e9250600,DERIM,DERİMOD KONFEKSİYON AYAKKABI DERİ SANAYİ VE TİCARET A.Ş.,PAY PİYASASI,ANA PAZAR,EQUITY,True,True,KAP_MARKETS,KAP_MARKET:4028328c550642950155066367d0001b:33E5FED802CC00EAE0530A4A622B2AEA:4028e4a140f2ed710141116818390237:DERIM,2026-07-29,https://www.kap.org.tr/tr/Pazarlar,0b97f96eccbc52cebfb1943f65689c3d39647efc610be1b8e6e1d525c8313c07,Exact as-of source observation; no liquidity filter applied.,DERIM,,ANA PAZAR,EQUITY,PASS_BORSA_ISTANBUL_KAP_REFERENCE
bist_active_universe_v1,2026-07-29,SEC_bdb2aff3885c,DESA,DESA DERİ SANAYİ VE TİCARET A.Ş.,PAY PİYASASI,ANA PAZAR,EQUITY,True,True,KAP_MARKETS,KAP_MARKET:4028328c550642950155066367d0001b:33E5FED802CC00EAE0530A4A622B2AEA:4028e4a240ee866c0140f1fe48fa0070:DESA,2026-07-29,https://www.kap.org.tr/tr/Pazarlar,372b74d0209454e11a2e9acea455eb0a5e61d13c79607f5fd4749e26fb1877c4,Exact as-of source observation; no liquidity filter applied.,DESA,,ANA PAZAR,EQUITY,PASS_BORSA_ISTANBUL_KAP_REFERENCE
bist_active_universe_v1,2026-07-29,SEC_2a9f8d151c01,DESPC,DESPEC BİLGİSAYAR PAZARLAMA VE TİCARET A.Ş.,PAY PİYASASI,ANA PAZAR,EQUITY,True,True,KAP_MARKETS,KAP_MARKET:4028328c550642950155066367d0001b:33E5FED802CC00EAE0530A4A622B2AEA:4028e4a2416e697d01416ea9d5741424:DESPC,2026-07-29,https://www.kap.org.tr/tr/Pazarlar,f5945297f0da8800785e2a5449336b7fff52b85cc6f675dedc4a13f07f181780,Exact as-of source observation; no liquidity filter applied.,DESPC,,ANA PAZAR,EQUITY,PASS_BORSA_ISTANBUL_KAP_REFERENCE
bist_active_universe_v1,2026-07-29,SEC_954bfbb73793,DEVA,DEVA HOLDİNG A.Ş.,PAY PİYASASI,YILDIZ PAZAR,EQUITY,True,True,KAP_MARKETS,KAP_MARKET:4028328c550642950155066367d0001b:4028328c6d92933b016e21b838963f42:4028e4a140f2ed710141116ab1d60241:DEVA,2026-07-29,https://www.kap.org.tr/tr/Pazarlar,345096112860b63774745f5385389f5684bb60b77fd83be9d11aaffcc8a6dd8a,Exact as-of source observation; no liquidity filter applied.,DEVA,,YILDIZ PAZAR,EQUITY,PASS_BORSA_ISTANBUL_KAP_REFERENCE
bist_active_universe_v1,2026-07-29,SEC_a6af9f2fc8c8,DGATE,DATAGATE BİLGİSAYAR MALZEMELERİ TİCARET A.Ş.,PAY PİYASASI,ANA PAZAR,EQUITY,True,True,KAP_MARKETS,KAP_MARKET:4028328c550642950155066367d0001b:33E5FED802CC00EAE0530A4A622B2AEA:4028e4a2416e697d01416eabc02d14f8:DGATE,2026-07-29,https://www.kap.org.tr/tr/Pazarlar,d0ec9dde9c20229d5df96b6be147fd0060862ed6acf827d88213f23c55608460,Exact as-of source observation; no liquidity filter applied.,DGATE,,ANA PAZAR,EQUITY,PASS_BORSA_ISTANBUL_KAP_REFERENCE
bist_active_universe_v1,2026-07-29,SEC_170346650317,DGGYO,DOĞUŞ GAYRİMENKUL YATIRIM ORTAKLIĞI A.Ş.,PAY PİYASASI,ALT PAZAR,EQUITY,True,True,KAP_MARKETS,KAP_MARKET:4028328c550642950155066367d0001b:4028328c6d92933b016e21b91b463f54:4028e4a140e8cfa00140e9497d32002f:DGGYO,2026-07-29,https://www.kap.org.tr/tr/Pazarlar,6c6271a1743de48ef7b7f523cc061a7e0c7b431337b5afb7d04f1f28cd6ef8bf,Exact as-of source observation; no liquidity filter applied.,DGGYO,,ALT PAZAR,EQUITY,PASS_BORSA_ISTANBUL_KAP_REFERENCE
bist_active_universe_v1,2026-07-29,SEC_640b53501242,DGNMO,DOĞANLAR MOBİLYA GRUBU İMALAT SANAYİ VE TİCARET A.Ş.,PAY PİYASASI,ANA PAZAR,EQUITY,True,True,KAP_MARKETS,KAP_MARKET:4028328c550642950155066367d0001b:33E5FED802CC00EAE0530A4A622B2AEA:4028e4a240f27df70140f2eae68c0032:DGNMO,2026-07-29,https://www.kap.org.tr/tr/Pazarlar,f2a3c97930826b50f79bd7d07bd70d3ef3e0fdaf241e6a41e611b43c87b4c178,Exact as-of source observation; no liquidity filter applied.,DGNMO,,ANA PAZAR,EQUITY,PASS_BORSA_ISTANBUL_KAP_REFERENCE
bist_active_universe_v1,2026-07-29,SEC_e6e6a84f0b1d,DIRIT,DİRİTEKS DİRİLİŞ TEKSTİL SANAYİ VE TİCARET A.Ş.,PAY PİYASASI,YAKIN İZLEME PAZARI,EQUITY,True,True,KAP_MARKETS,KAP_MARKET:4028328c550642950155066367d0001b:33E5FED802BE00EAE0530A4A622B2AEA:4028e4a24158e42201415afbaa14606c:DIRIT,2026-07-29,https://www.kap.org.tr/tr/Pazarlar,67e7f4636759e480b55e86aeec3695fb39884f07a22e88ac004c4d4cb83ed170,Exact as-of source observation; no liquidity filter applied.,DIRIT,,YAKIN İZLEME PAZARI,EQUITY,PASS_BORSA_ISTANBUL_KAP_REFERENCE
bist_active_universe_v1,2026-07-29,SEC_89d040779882,DITAS,DİTAŞ BDY YEDEK PARÇA İMALAT VE TEKNİK A.Ş.,PAY PİYASASI,ANA PAZAR,EQUITY,True,True,KAP_MARKETS,KAP_MARKET:4028328c550642950155066367d0001b:33E5FED802CC00EAE0530A4A622B2AEA:4028e4a140f2ed710141179798bb02ed:DITAS,2026-07-29,https://www.kap.org.tr/tr/Pazarlar,fe875a192db79bd5a9761b352881299891b90eb89ee8b444d8c0c41838836080,Exact as-of source observation; no liquidity filter applied.,DITAS,,ANA PAZAR,EQUITY,PASS_BORSA_ISTANBUL_KAP_REFERENCE
bist_active_universe_v1,2026-07-29,SEC_8d973988b642,DMRGD,DMR UNLU MAMULLER ÜRETİM GIDA TOPTAN PERAKENDE İHRACAT A.Ş.,PAY PİYASASI,ANA PAZAR,EQUITY,True,True,KAP_MARKETS,KAP_MARKET:4028328c550642950155066367d0001b:33E5FED802CC00EAE0530A4A622B2AEA:8acae2c486d22a3b018a97c880c913d6:DMRGD,2026-07-29,https://www.kap.org.tr/tr/Pazarlar,0c2a913edaf4669a0ea0d2edd4a7610c8ee4787f4354d2abdf92f9140fcd75dd,Exact as-of source observation; no liquidity filter applied.,DMRGD,,ANA PAZAR,EQUITY,PASS_BORSA_ISTANBUL_KAP_REFERENCE
bist_active_universe_v1,2026-07-29,SEC_515766054a90,DMSAS,DEMİSAŞ DÖKÜM EMAYE MAMÜLLERİ SANAYİ A.Ş.,PAY PİYASASI,ANA PAZAR,EQUITY,True,True,KAP_MARKETS,KAP_MARKET:4028328c550642950155066367d0001b:33E5FED802CC00EAE0530A4A622B2AEA:4028e4a240f2ef4c0140f326817e0041:DMSAS,2026-07-29,https://www.kap.org.tr/tr/Pazarlar,40a2caab093f310debec67b31735dd18cbc11de9f37fe6afd20a230c1f7acb5c,Exact as-of source observation; no liquidity filter applied.,DMSAS,,ANA PAZAR,EQUITY,PASS_BORSA_ISTANBUL_KAP_REFERENCE
bist_active_universe_v1,2026-07-29,SEC_af8444e86232,DNISI,DİNAMİK ISI MAKİNA YALITIM MALZEMELERİ SANAYİ VE TİCARET A.Ş.,PAY PİYASASI,ANA PAZAR,EQUITY,True,True,KAP_MARKETS,KAP_MARKET:4028328c550642950155066367d0001b:33E5FED802CC00EAE0530A4A622B2AEA:8acae2c473646c5e017410b3f4b16fae:DNISI,2026-07-29,https://www.kap.org.tr/tr/Pazarlar,f50cdef8c2e4fa75cf87bd15219465fbea468456cd1508c5c73c2f1248875d83,Exact as-of source observation; no liquidity filter applied.,DNISI,,ANA PAZAR,EQUITY,PASS_BORSA_ISTANBUL_KAP_REFERENCE
bist_active_universe_v1,2026-07-29,SEC_f1c4c57bffc6,DOAS,DOĞUŞ OTOMOTİV SERVİS VE TİCARET A.Ş.,PAY PİYASASI,YILDIZ PAZAR,EQUITY,True,True,KAP_MARKETS,KAP_MARKET:4028328c550642950155066367d0001b:4028328c6d92933b016e21b838963f42:4028e4a240e8d16e0140e951bf04007b:DOAS,2026-07-29,https://www.kap.org.tr/tr/Pazarlar,98c0f0246106bd050e79134db7579c01ebc7467221bc51f66c5c97f3271cf0c1,Exact as-of source observation; no liquidity filter applied.,DOAS,,YILDIZ PAZAR,EQUITY,PASS_BORSA_ISTANBUL_KAP_REFERENCE
bist_active_universe_v1,2026-07-29,SEC_bf789538f660,DOCO,DO & CO AKTIENGESELLSCHAFT,PAY PİYASASI,ANA PAZAR,EQUITY,True,True,KAP_MARKETS,KAP_MARKET:4028328c550642950155066367d0001b:33E5FED802CC00EAE0530A4A622B2AEA:1DE05DAA82B4073AE0530A4A622A2EBD:DOCO,2026-07-29,https://www.kap.org.tr/tr/Pazarlar,205b0dd9d0ac64f2739a4f232b679b5cd91f76e0aef9ca1dd1366a848a8813aa,Exact as-of source observation; no liquidity filter applied.,DOCO,,ANA PAZAR,EQUITY,PASS_BORSA_ISTANBUL_KAP_REFERENCE
bist_active_universe_v1,2026-07-29,SEC_4f505c38d44c,DOFER,DOFER YAPI MALZEMELERİ SANAYİ VE TİCARET A.Ş.,PAY PİYASASI,ANA PAZAR,EQUITY,True,True,KAP_MARKETS,KAP_MARKET:4028328c550642950155066367d0001b:33E5FED802CC00EAE0530A4A622B2AEA:8acae2c486d22a3a018b03b62cd429bd:DOFER,2026-07-29,https://www.kap.org.tr/tr/Pazarlar,b8c38642d9d9f18f2e04146fe45b7ed98e84f3bb31b02113b8f4c3af48cdbd0b,Exact as-of source observation; no liquidity filter applied.,DOFER,,ANA PAZAR,EQUITY,PASS_BORSA_ISTANBUL_KAP_REFERENCE
bist_active_universe_v1,2026-07-29,SEC_bf5c053c6dad,DOFRB,DOF ROBOTİK SANAYİ A.Ş.,PAY PİYASASI,YILDIZ PAZAR,EQUITY,True,True,KAP_MARKETS,KAP_MARKET:4028328c550642950155066367d0001b:4028328c6d92933b016e21b838963f42:8acae2c494bafc930198f4d3cccb4dbb:DOFRB,2026-07-29,https://www.kap.org.tr/tr/Pazarlar,47404580298ddbc01272aba0fd2a18c93ab40654f65e2c37c6123174f1c54f24,Exact as-of source observation; no liquidity filter applied.,DOFRB,,YILDIZ PAZAR,EQUITY,PASS_BORSA_ISTANBUL_KAP_REFERENCE
bist_active_universe_v1,2026-07-29,SEC_bfd0cab2933a,DOGUB,DOĞUSAN BORU SANAYİ VE TİCARET A.Ş.,PAY PİYASASI,ALT PAZAR,EQUITY,True,True,KAP_MARKETS,KAP_MARKET:4028328c550642950155066367d0001b:4028328c6d92933b016e21b91b463f54:4028e4a141e536460141ee618a972cf0:DOGUB,2026-07-29,https://www.kap.org.tr/tr/Pazarlar,d758b6e87238096d3931cf498d2575a63f3e9a056d5dc2a7631ab2e1b7e8e507,Exact as-of source observation; no liquidity filter applied.,DOGUB,,ALT PAZAR,EQUITY,PASS_BORSA_ISTANBUL_KAP_REFERENCE
bist_active_universe_v1,2026-07-29,SEC_9a381e8b9e0d,DOHOL,DOĞAN ŞİRKETLER GRUBU HOLDİNG A.Ş.,PAY PİYASASI,YILDIZ PAZAR,EQUITY,True,True,KAP_MARKETS,KAP_MARKET:4028328c550642950155066367d0001b:4028328c6d92933b016e21b838963f42:4028e4a141462df201414ff732983087:DOHOL,2026-07-29,https://www.kap.org.tr/tr/Pazarlar,f1af76cbe8465c43d1baee3419adfb6f25fae8dc7a6bf7063e861f04324efb6a,Exact as-of source observation; no liquidity filter applied.,DOHOL,,YILDIZ PAZAR,EQUITY,PASS_BORSA_ISTANBUL_KAP_REFERENCE
bist_active_universe_v1,2026-07-29,SEC_ae1fa2fb49c6,DOKTA,DÖKTAŞ DÖKÜMCÜLÜK TİCARET VE SANAYİ A.Ş.,PAY PİYASASI,ANA PAZAR,EQUITY,True,True,KAP_MARKETS,KAP_MARKET:4028328c550642950155066367d0001b:33E5FED802CC00EAE0530A4A622B2AEA:4028e4a241558bd9014155c9b19e03b7:DOKTA,2026-07-29,https://www.kap.org.tr/tr/Pazarlar,e9f6559213480e88811b6e63f76129ac167c46786acca1370496bfe50dc2f93a,Exact as-of source observation; no liquidity filter applied.,DOKTA,,ANA PAZAR,EQUITY,PASS_BORSA_ISTANBUL_KAP_REFERENCE
bist_active_universe_v1,2026-07-29,SEC_15d03e981952,DSTKF,DESTEK FİNANS FAKTORİNG A.Ş.,PAY PİYASASI,YILDIZ PAZAR,EQUITY,True,True,KAP_MARKETS,KAP_MARKET:4028328c550642950155066367d0001b:4028328c6d92933b016e21b838963f42:4028e4a1415f4d9b01415fe0caa830df:DSTKF,2026-07-29,https://www.kap.org.tr/tr/Pazarlar,9c5e08f88defcee355c7f14753bf48241ddd04c11ad9ff4c159a533528f3aff1,Exact as-of source observation; no liquidity filter applied.,DSTKF,,YILDIZ PAZAR,EQUITY,PASS_BORSA_ISTANBUL_KAP_REFERENCE
bist_active_universe_v1,2026-07-29,SEC_060d417d1735,DUNYH,DÜNYA HOLDİNG A.Ş.,PAY PİYASASI,ANA PAZAR,EQUITY,True,True,KAP_MARKETS,KAP_MARKET:4028328c550642950155066367d0001b:33E5FED802CC00EAE0530A4A622B2AEA:4028e4a141733b51014173e7419c13f1:DUNYH,2026-07-29,https://www.kap.org.tr/tr/Pazarlar,fa689f6452a6a940a214efe65d404e1ae3e5b37f07f6d04d3be9968f0d139a09,Exact as-of source observation; no liquidity filter applied.,DUNYH,,ANA PAZAR,EQUITY,PASS_BORSA_ISTANBUL_KAP_REFERENCE
bist_active_universe_v1,2026-07-29,SEC_9e631c10c8d4,DURDO,DURAN DOĞAN BASIM VE AMBALAJ SANAYİ A.Ş.,PAY PİYASASI,ANA PAZAR,EQUITY,True,True,KAP_MARKETS,KAP_MARKET:4028328c550642950155066367d0001b:33E5FED802CC00EAE0530A4A622B2AEA:4028e4a141effedc0141fe14e2b41807:DURDO,2026-07-29,https://www.kap.org.tr/tr/Pazarlar,766ac215265d4f6a287473ca869ebcec6a2cf5bd4ae023bf079043dfffc7e6e1,Exact as-of source observation; no liquidity filter applied.,DURDO,,ANA PAZAR,EQUITY,PASS_BORSA_ISTANBUL_KAP_REFERENCE
bist_active_universe_v1,2026-07-29,SEC_f8abfc4920a2,DURKN,DURUKAN ŞEKERLEME SANAYİ VE TİCARET A.Ş.,PAY PİYASASI,ANA PAZAR,EQUITY,True,True,KAP_MARKETS,KAP_MARKET:4028328c550642950155066367d0001b:33E5FED802CC00EAE0530A4A622B2AEA:8acae2c49145e00d0191c6164e8e4aca:DURKN,2026-07-29,https://www.kap.org.tr/tr/Pazarlar,bfa0895aa64afc4f15c9f6372faf43925ae01d5176166558522d60a9bad381df,Exact as-of source observation; no liquidity filter applied.,DURKN,,ANA PAZAR,EQUITY,PASS_BORSA_ISTANBUL_KAP_REFERENCE
bist_active_universe_v1,2026-07-29,SEC_8586d8fe6d0e,DYOBY,DYO BOYA FABRİKALARI SANAYİ VE TİCARET A.Ş.,PAY PİYASASI,ANA PAZAR,EQUITY,True,True,KAP_MARKETS,KAP_MARKET:4028328c550642950155066367d0001b:33E5FED802CC00EAE0530A4A622B2AEA:4028e4a140e8cf9d0140e95835a30033:DYOBY,2026-07-29,https://www.kap.org.tr/tr/Pazarlar,bf3b184324276541b4244d1bd418f92defffd078c31c9978136ecc6c30e33b60,Exact as-of source observation; no liquidity filter applied.,DYOBY,,ANA PAZAR,EQUITY,PASS_BORSA_ISTANBUL_KAP_REFERENCE
bist_active_universe_v1,2026-07-29,SEC_f5a07d776d1b,DZGYO,DENİZ GAYRİMENKUL YATIRIM ORTAKLIĞI A.Ş.,PAY PİYASASI,ANA PAZAR,EQUITY,True,True,KAP_MARKETS,KAP_MARKET:4028328c550642950155066367d0001b:33E5FED802CC00EAE0530A4A622B2AEA:4028e4a240ee866c0140f1fad94e0047:DZGYO,2026-07-29,https://www.kap.org.tr/tr/Pazarlar,114cd2e05ad8ccad697c15100ff87fb0d0df9d0f58df9094beb0183f759a4a6e,Exact as-of source observation; no liquidity filter applied.,DZGYO,,ANA PAZAR,EQUITY,PASS_BORSA_ISTANBUL_KAP_REFERENCE
bist_active_universe_v1,2026-07-29,SEC_d7b1b9b897dc,EBEBK,EBEBEK MAĞAZACILIK A.Ş.,PAY PİYASASI,YILDIZ PAZAR,EQUITY,True,True,KAP_MARKETS,KAP_MARKET:4028328c550642950155066367d0001b:4028328c6d92933b016e21b838963f42:8acae2c586d22c51018a2b6c8f5963cd:EBEBK,2026-07-29,https://www.kap.org.tr/tr/Pazarlar,7e7cc39e0aed6141ad36c5f6f1e6dac80a2220a53bd11947ba45ce91eb293071,Exact as-of source observation; no liquidity filter applied.,EBEBK,,YILDIZ PAZAR,EQUITY,PASS_BORSA_ISTANBUL_KAP_REFERENCE
bist_active_universe_v1,2026-07-29,SEC_d0880be74689,ECILC,EİS ECZACIBAŞI İLAÇ SINAİ VE FİNANSAL YATIRIMLAR SANAYİ VE TİCARET A.Ş.,PAY PİYASASI,YILDIZ PAZAR,EQUITY,True,True,KAP_MARKETS,KAP_MARKET:4028328c550642950155066367d0001b:4028328c6d92933b016e21b838963f42:4028e4a1415f4d99014160034b683108:ECILC,2026-07-29,https://www.kap.org.tr/tr/Pazarlar,27c81de1efb73109861dc576c05faef4c93eea0208aa8207ef8b6daaa6feda2b,Exact as-of source observation; no liquidity filter applied.,ECILC,,YILDIZ PAZAR,EQUITY,PASS_BORSA_ISTANBUL_KAP_REFERENCE
bist_active_universe_v1,2026-07-29,SEC_9b964d194d77,ECOGR,ECOGREEN ENERJİ HOLDİNG A.Ş.,PAY PİYASASI,YILDIZ PAZAR,EQUITY,True,True,KAP_MARKETS,KAP_MARKET:4028328c550642950155066367d0001b:4028328c6d92933b016e21b838963f42:8acae2c5991b90af019975bc2a6c244d:ECOGR,2026-07-29,https://www.kap.org.tr/tr/Pazarlar,3474269b44add2e5e64326e7fc17a9b9b9ae098bd8f4c0c2389454e73b073910,Exact as-of source observation; no liquidity filter applied.,ECOGR,,YILDIZ PAZAR,EQUITY,PASS_BORSA_ISTANBUL_KAP_REFERENCE
bist_active_universe_v1,2026-07-29,SEC_b1fd8d1ddf7a,ECZYT,ECZACIBAŞI YATIRIM HOLDİNG ORTAKLIĞI A.Ş.,PAY PİYASASI,YILDIZ PAZAR,EQUITY,True,True,KAP_MARKETS,KAP_MARKET:4028328c550642950155066367d0001b:4028328c6d92933b016e21b838963f42:4028e4a1415f4d9901416012a278321f:ECZYT,2026-07-29,https://www.kap.org.tr/tr/Pazarlar,1da612500cbcddd560c564ae1cd5d3dfd9181432fbc59d33bc10821c9711e704,Exact as-of source observation; no liquidity filter applied.,ECZYT,,YILDIZ PAZAR,EQUITY,PASS_BORSA_ISTANBUL_KAP_REFERENCE
bist_active_universe_v1,2026-07-29,SEC_341e9fd9157d,EDATA,E-DATA TEKNOLOJİ PAZARLAMA A.Ş.,PAY PİYASASI,ANA PAZAR,EQUITY,True,True,KAP_MARKETS,KAP_MARKET:4028328c550642950155066367d0001b:33E5FED802CC00EAE0530A4A622B2AEA:8acae2c47902e75101792325d43f2419:EDATA,2026-07-29,https://www.kap.org.tr/tr/Pazarlar,c95837ed7d6023d71fd3b80b0270b7f49b837e1f4402ffb51e3ef7a7bcd4bfe9,Exact as-of source observation; no liquidity filter applied.,EDATA,,ANA PAZAR,EQUITY,PASS_BORSA_ISTANBUL_KAP_REFERENCE
bist_active_universe_v1,2026-07-29,SEC_7e8c1ed72868,EDIP,EDİP GAYRİMENKUL YATIRIM SANAYİ VE TİCARET A.Ş.,PAY PİYASASI,ANA PAZAR,EQUITY,True,True,KAP_MARKETS,KAP_MARKET:4028328c550642950155066367d0001b:33E5FED802CC00EAE0530A4A622B2AEA:4028e4a240e95dc90140ecc568850014:EDIP,2026-07-29,https://www.kap.org.tr/tr/Pazarlar,7837560f582c9ce4614c7e972d8f875a218f53eb2e40fe332f292bd9f0666167,Exact as-of source observation; no liquidity filter applied.,EDIP,,ANA PAZAR,EQUITY,PASS_BORSA_ISTANBUL_KAP_REFERENCE
bist_active_universe_v1,2026-07-29,SEC_d145f1348bc2,EFOR,EFOR YATIRIM SANAYİ TİCARET A.Ş.,PAY PİYASASI,YILDIZ PAZAR,EQUITY,True,True,KAP_MARKETS,KAP_MARKET:4028328c550642950155066367d0001b:4028328c6d92933b016e21b838963f42:8acae2c5819d0efb0182923c4c307fbf:EFOR,2026-07-29,https://www.kap.org.tr/tr/Pazarlar,5ff278707d3b5705220b76c6d6aea1243275c96a5699bc0388fbb34e5fb47477,Exact as-of source observation; no liquidity filter applied.,EFOR,,YILDIZ PAZAR,EQUITY,PASS_BORSA_ISTANBUL_KAP_REFERENCE
bist_active_universe_v1,2026-07-29,SEC_bc7e4e409e1e,EGEEN,EGE ENDÜSTRİ VE TİCARET A.Ş.,PAY PİYASASI,YILDIZ PAZAR,EQUITY,True,True,KAP_MARKETS,KAP_MARKET:4028328c550642950155066367d0001b:4028328c6d92933b016e21b838963f42:1DE05DAA8254073AE0530A4A622A2EBD:EGEEN,2026-07-29,https://www.kap.org.tr/tr/Pazarlar,9b4815e6de337c1549968b0529cb58927fd223e1139421dbde309627373ace3e,Exact as-of source observation; no liquidity filter applied.,EGEEN,,YILDIZ PAZAR,EQUITY,PASS_BORSA_ISTANBUL_KAP_REFERENCE
bist_active_universe_v1,2026-07-29,SEC_983f2919dc8a,EGEGY,EGEYAPI AVRUPA GAYRİMENKUL YATIRIM ORTAKLIĞI A.Ş.,PAY PİYASASI,ANA PAZAR,EQUITY,True,True,KAP_MARKETS,KAP_MARKET:4028328c550642950155066367d0001b:33E5FED802CC00EAE0530A4A622B2AEA:8acae2c59145e00e019406e89bc4222c:EGEGY,2026-07-29,https://www.kap.org.tr/tr/Pazarlar,ec4def3ff2ba65a83797980b69692b7ae2c28570b576b0b325f4b74e65c87ec0,Exact as-of source observation; no liquidity filter applied.,EGEGY,,ANA PAZAR,EQUITY,PASS_BORSA_ISTANBUL_KAP_REFERENCE
bist_active_universe_v1,2026-07-29,SEC_1bd0f1d65709,EGEPO,NASMED ÖZEL SAĞLIK HİZMETLERİ TİCARET A.Ş.,PAY PİYASASI,ANA PAZAR,EQUITY,True,True,KAP_MARKETS,KAP_MARKET:4028328c550642950155066367d0001b:33E5FED802CC00EAE0530A4A622B2AEA:8acae2c4794d3648017a9fceecca0bad:EGEPO,2026-07-29,https://www.kap.org.tr/tr/Pazarlar,9950565b09318c38e29514f8beddd9e2f8d081ebc6cb2ee6181224bc7bc4b258,Exact as-of source observation; no liquidity filter applied.,EGEPO,,ANA PAZAR,EQUITY,PASS_BORSA_ISTANBUL_KAP_REFERENCE
bist_active_universe_v1,2026-07-29,SEC_c1c039cdcf4d,EGGUB,EGE GÜBRE SANAYİİ A.Ş.,PAY PİYASASI,YILDIZ PAZAR,EQUITY,True,True,KAP_MARKETS,KAP_MARKET:4028328c550642950155066367d0001b:4028328c6d92933b016e21b838963f42:4028e4a2422d9a78014304d729e3673d:EGGUB,2026-07-29,https://www.kap.org.tr/tr/Pazarlar,0d329b65d24f7174d02ff02fe68039c1e7adab24027f06b9e0bd081f1b72cff6,Exact as-of source observation; no liquidity filter applied.,EGGUB,,YILDIZ PAZAR,EQUITY,PASS_BORSA_ISTANBUL_KAP_REFERENCE
bist_active_universe_v1,2026-07-29,SEC_830f50046beb,EGPRO,EGE PROFİL TİCARET VE SANAYİ A.Ş.,PAY PİYASASI,YILDIZ PAZAR,EQUITY,True,True,KAP_MARKETS,KAP_MARKET:4028328c550642950155066367d0001b:4028328c6d92933b016e21b838963f42:4028e4a240f2ef4701413a5c97b805ea:EGPRO,2026-07-29,https://www.kap.org.tr/tr/Pazarlar,b86bb71e66586b189164e40aa6613af9c0f6fa85bf2010edf035f8a27be5d263,Exact as-of source observation; no liquidity filter applied.,EGPRO,,YILDIZ PAZAR,EQUITY,PASS_BORSA_ISTANBUL_KAP_REFERENCE
bist_active_universe_v1,2026-07-29,SEC_f4b2f5d881d7,EGSER,EGE SERAMİK SANAYİ VE TİCARET A.Ş.,PAY PİYASASI,ANA PAZAR,EQUITY,True,True,KAP_MARKETS,KAP_MARKET:4028328c550642950155066367d0001b:33E5FED802CC00EAE0530A4A622B2AEA:4028e4a1415f4d9b01415ff0ece83aa8:EGSER,2026-07-29,https://www.kap.org.tr/tr/Pazarlar,cd6c79f86df058a00b2aa486ad8586c74dc84b8e53725982943255a277b03adb,Exact as-of source observation; no liquidity filter applied.,EGSER,,ANA PAZAR,EQUITY,PASS_BORSA_ISTANBUL_KAP_REFERENCE
bist_active_universe_v1,2026-07-29,SEC_8429a0b15f88,EKDMR,EKİNCİLER DEMİR VE ÇELİK SANAYİ A.Ş.,PAY PİYASASI,YILDIZ PAZAR,EQUITY,True,True,KAP_MARKETS,KAP_MARKET:4028328c550642950155066367d0001b:4028328c6d92933b016e21b838963f42:4028e4a241558bd9014155d8e91505c8:EKDMR,2026-07-29,https://www.kap.org.tr/tr/Pazarlar,1c69dd2b9aae79b9a1c59dfb75142c9e11d011995466956e8963f9073d287469,Exact as-of source observation; no liquidity filter applied.,EKDMR,,YILDIZ PAZAR,EQUITY,PASS_BORSA_ISTANBUL_KAP_REFERENCE
bist_active_universe_v1,2026-07-29,SEC_f1fa69cd0dca,EKGYO,EMLAK KONUT GAYRİMENKUL YATIRIM ORTAKLIĞI A.Ş.,PAY PİYASASI,YILDIZ PAZAR,EQUITY,True,True,KAP_MARKETS,KAP_MARKET:4028328c550642950155066367d0001b:4028328c6d92933b016e21b838963f42:4028e4a2422d9a780142513cda5b232e:EKGYO,2026-07-29,https://www.kap.org.tr/tr/Pazarlar,eb957ebd2f8b41419a9c4d7afe75308bdeb2b754962ddcf963e59e3d5ce39d33,Exact as-of source observation; no liquidity filter applied.,EKGYO,,YILDIZ PAZAR,EQUITY,PASS_BORSA_ISTANBUL_KAP_REFERENCE
bist_active_universe_v1,2026-07-29,SEC_5ad0c5697570,EKIM,EKİM TURİZM TİCARET VE SANAYİ A.Ş.,PAY PİYASASI,YILDIZ PAZAR,EQUITY,True,True,KAP_MARKETS,KAP_MARKET:4028328c550642950155066367d0001b:4028328c6d92933b016e21b838963f42:4028e4a141da49e50141dad016780396:EKIM,2026-07-29,https://www.kap.org.tr/tr/Pazarlar,75cf99e864b34b60d4c8a0e73269dae780f40db6a43cfb77fbcbda0728e5d583,Exact as-of source observation; no liquidity filter applied.,EKIM,,YILDIZ PAZAR,EQUITY,PASS_BORSA_ISTANBUL_KAP_REFERENCE
bist_active_universe_v1,2026-07-29,SEC_8e2e8555139a,EKIZ,EKİZ KİMYA SANAYİ VE TİCARET A.Ş.,PAY PİYASASI,YAKIN İZLEME PAZARI,EQUITY,True,True,KAP_MARKETS,KAP_MARKET:4028328c550642950155066367d0001b:33E5FED802BE00EAE0530A4A622B2AEA:4028e4a240e95dc30140ed19d1b80064:EKIZ,2026-07-29,https://www.kap.org.tr/tr/Pazarlar,0d8fd58467f596515ec46ff18a68f723db2e5c03fb6ed76d9aa17cfa77dc6427,Exact as-of source observation; no liquidity filter applied.,EKIZ,,YAKIN İZLEME PAZARI,EQUITY,PASS_BORSA_ISTANBUL_KAP_REFERENCE
bist_active_universe_v1,2026-07-29,SEC_99fb785553c7,EKOS,EKOS TEKNOLOJİ VE ELEKTRİK A.Ş.,PAY PİYASASI,ANA PAZAR,EQUITY,True,True,KAP_MARKETS,KAP_MARKET:4028328c550642950155066367d0001b:33E5FED802CC00EAE0530A4A622B2AEA:8acae2c48b2fa25a018bb9a255865895:EKOS,2026-07-29,https://www.kap.org.tr/tr/Pazarlar,daa02c507d06a59cbc3b7ba2b427ff4891eaf5de3c2613d4dff9a8ac90a1da51,Exact as-of source observation; no liquidity filter applied.,EKOS,,ANA PAZAR,EQUITY,PASS_BORSA_ISTANBUL_KAP_REFERENCE
bist_active_universe_v1,2026-07-29,SEC_149441eb5d5d,EKSUN,EKSUN GIDA TARIM SANAYİ VE TİCARET A.Ş.,PAY PİYASASI,ANA PAZAR,EQUITY,True,True,KAP_MARKETS,KAP_MARKET:4028328c550642950155066367d0001b:33E5FED802CC00EAE0530A4A622B2AEA:8acae2c48304fe9c0186ca8287b67657:EKSUN,2026-07-29,https://www.kap.org.tr/tr/Pazarlar,64e9a15328e6bcd92df0614766c597f1c55570276aafdebf502d860a9b013e43,Exact as-of source observation; no liquidity filter applied.,EKSUN,,ANA PAZAR,EQUITY,PASS_BORSA_ISTANBUL_KAP_REFERENCE
bist_active_universe_v1,2026-07-29,SEC_0c504aad266b,ELITE,ELİTE NATUREL ORGANİK GIDA SANAYİ VE TİCARET A.Ş.,PAY PİYASASI,ANA PAZAR,EQUITY,True,True,KAP_MARKETS,KAP_MARKET:4028328c550642950155066367d0001b:33E5FED802CC00EAE0530A4A622B2AEA:8acae2c4794d364a017aa049a089099f:ELITE,2026-07-29,https://www.kap.org.tr/tr/Pazarlar,1145a8e8507961661e3a0509af63d093780052d1ce25a2da2b9ee49d4bf1b1b1,Exact as-of source observation; no liquidity filter applied.,ELITE,,ANA PAZAR,EQUITY,PASS_BORSA_ISTANBUL_KAP_REFERENCE
bist_active_universe_v1,2026-07-29,SEC_57877e1c48c9,EMKEL,EMEK ELEKTRİK ENDÜSTRİSİ A.Ş.,PAY PİYASASI,ANA PAZAR,EQUITY,True,True,KAP_MARKETS,KAP_MARKET:4028328c550642950155066367d0001b:33E5FED802CC00EAE0530A4A622B2AEA:4028e4a241a25fcb0141a289218b0302:EMKEL,2026-07-29,https://www.kap.org.tr/tr/Pazarlar,7f60489c829d97baffaf8cbdc36a5af3031fc03127ad11e812012cebb157cc94,Exact as-of source observation; no liquidity filter applied.,EMKEL,,ANA PAZAR,EQUITY,PASS_BORSA_ISTANBUL_KAP_REFERENCE
bist_active_universe_v1,2026-07-29,SEC_454e8029ed2f,EMNIS,EMİNİŞ AMBALAJ SANAYİ VE TİCARET A.Ş.,PAY PİYASASI,YAKIN İZLEME PAZARI,EQUITY,True,True,KAP_MARKETS,KAP_MARKET:4028328c550642950155066367d0001b:33E5FED802BE00EAE0530A4A622B2AEA:4028e4a241e538ab0141ef8f97934765:EMNIS,2026-07-29,https://www.kap.org.tr/tr/Pazarlar,ea03a6456509716c5f4069683698c28e7064f105228d9f6c6328fad975164ad4,Exact as-of source observation; no liquidity filter applied.,EMNIS,,YAKIN İZLEME PAZARI,EQUITY,PASS_BORSA_ISTANBUL_KAP_REFERENCE
bist_active_universe_v1,2026-07-29,SEC_7eef402ead69,EMPAE,EMPA ELEKTRONİK SANAYİ VE TİCARET A.Ş.,PAY PİYASASI,ANA PAZAR,EQUITY,True,True,KAP_MARKETS,KAP_MARKET:4028328c550642950155066367d0001b:33E5FED802CC00EAE0530A4A622B2AEA:8acae2c562329bd101626c30f98c1590:EMPAE,2026-07-29,https://www.kap.org.tr/tr/Pazarlar,f7519ed723130c32544239c954fb6bb85b883e956bb47fc352aad2c5a741a04a,Exact as-of source observation; no liquidity filter applied.,EMPAE,,ANA PAZAR,EQUITY,PASS_BORSA_ISTANBUL_KAP_REFERENCE
bist_active_universe_v1,2026-07-29,SEC_6031038097a8,ENDAE,ENDA ENERJİ HOLDİNG A.Ş.,PAY PİYASASI,YILDIZ PAZAR,EQUITY,True,True,KAP_MARKETS,KAP_MARKET:4028328c550642950155066367d0001b:4028328c6d92933b016e21b838963f42:8acae2c49145e00b01949751383218b4:ENDAE,2026-07-29,https://www.kap.org.tr/tr/Pazarlar,4a394d5af51998c71e27eb9b61ac9874acc1172b6ff2fe8dd9253c54e142ffdf,Exact as-of source observation; no liquidity filter applied.,ENDAE,,YILDIZ PAZAR,EQUITY,PASS_BORSA_ISTANBUL_KAP_REFERENCE
bist_active_universe_v1,2026-07-29,SEC_16d4ab14beb9,ENERY,ENERYA ENERJİ A.Ş.,PAY PİYASASI,YILDIZ PAZAR,EQUITY,True,True,KAP_MARKETS,KAP_MARKET:4028328c550642950155066367d0001b:4028328c6d92933b016e21b838963f42:4028e4a241733d4201417937d4337e22:ENERY,2026-07-29,https://www.kap.org.tr/tr/Pazarlar,b5c30a1714ee658c47ac59afc571161205cfded1c5b6046c68cdba2c40034729,Exact as-of source observation; no liquidity filter applied.,ENERY,,YILDIZ PAZAR,EQUITY,PASS_BORSA_ISTANBUL_KAP_REFERENCE
bist_active_universe_v1,2026-07-29,SEC_88bcff5a54e9,ENJSA,ENERJİSA ENERJİ A.Ş.,PAY PİYASASI,YILDIZ PAZAR,EQUITY,True,True,KAP_MARKETS,KAP_MARKET:4028328c550642950155066367d0001b:4028328c6d92933b016e21b838963f42:4028e4a1422d98690142bceaa31957cf:ENJSA,2026-07-29,https://www.kap.org.tr/tr/Pazarlar,6504861e825c6adac4122c3759f6e26b8311651c498e5703a5416ecb08f5b31d,Exact as-of source observation; no liquidity filter applied.,ENJSA,,YILDIZ PAZAR,EQUITY,PASS_BORSA_ISTANBUL_KAP_REFERENCE
bist_active_universe_v1,2026-07-29,SEC_d40e4a7293c1,ENKAI,ENKA İNŞAAT VE SANAYİ A.Ş.,PAY PİYASASI,YILDIZ PAZAR,EQUITY,True,True,KAP_MARKETS,KAP_MARKET:4028328c550642950155066367d0001b:4028328c6d92933b016e21b838963f42:4028e4a240e95dc90140ed3883fe0093:ENKAI,2026-07-29,https://www.kap.org.tr/tr/Pazarlar,ad8a622da78da6c23309a6c4ce37f3d28cfa2e378bf512a1cb6df35435454ba1,Exact as-of source observation; no liquidity filter applied.,ENKAI,,YILDIZ PAZAR,EQUITY,PASS_BORSA_ISTANBUL_KAP_REFERENCE
bist_active_universe_v1,2026-07-29,SEC_9e68ae5db63c,ENPRA,ENPARA BANK A.Ş.,PAY PİYASASI,PİYASA ÖNCESİ İŞLEM PLATFORMU,EQUITY,True,True,KAP_MARKETS,KAP_MARKET:4028328c550642950155066367d0001b:33E5FED802B000EAE0530A4A622B2AEA:8acae2c49145e00d01929fc2fbc85d02:ENPRA,2026-07-29,https://www.kap.org.tr/tr/Pazarlar,ad2c31ca2c9512e8623f9679ada14b8dd0324aed192d5999ca4b09b331569185,Exact as-of source observation; no liquidity filter applied.,ENPRA,,PİYASA ÖNCESİ İŞLEM PLATFORMU,EQUITY,PASS_BORSA_ISTANBUL_KAP_REFERENCE
bist_active_universe_v1,2026-07-29,SEC_6569267a85d8,ENSRI,ENSARİ SINAİ YATIRIMLAR A.Ş.,PAY PİYASASI,ANA PAZAR,EQUITY,True,True,KAP_MARKETS,KAP_MARKET:4028328c550642950155066367d0001b:33E5FED802CC00EAE0530A4A622B2AEA:8acae2c47d3bee50017f77c935000e69:ENSRI,2026-07-29,https://www.kap.org.tr/tr/Pazarlar,5a34c420ed11a19a5a01262d9c554c741b6223e9cbf46e1d508056f8f508ccb5,Exact as-of source observation; no liquidity filter applied.,ENSRI,,ANA PAZAR,EQUITY,PASS_BORSA_ISTANBUL_KAP_REFERENCE
bist_active_universe_v1,2026-07-29,SEC_3de0a57a155f,ENTRA,IC ENTERRA YENİLENEBİLİR ENERJİ A.Ş.,PAY PİYASASI,YILDIZ PAZAR,EQUITY,True,True,KAP_MARKETS,KAP_MARKET:4028328c550642950155066367d0001b:4028328c6d92933b016e21b838963f42:8acae2c48c3efabf018e64e77b5d3e77:ENTRA,2026-07-29,https://www.kap.org.tr/tr/Pazarlar,9fafb55d0e25c34784380af9e629926d3ae467631a6ce8bde3b70e001fcc958c,Exact as-of source observation; no liquidity filter applied.,ENTRA,,YILDIZ PAZAR,EQUITY,PASS_BORSA_ISTANBUL_KAP_REFERENCE
bist_active_universe_v1,2026-07-29,SEC_a2d34c04d581,EPLAS,EGEPLAST EGE PLASTİK TİCARET VE SANAYİ A.Ş.,PAY PİYASASI,ANA PAZAR,EQUITY,True,True,KAP_MARKETS,KAP_MARKET:4028328c550642950155066367d0001b:33E5FED802CC00EAE0530A4A622B2AEA:4028e4a14158e41e01415aa30e206011:EPLAS,2026-07-29,https://www.kap.org.tr/tr/Pazarlar,afd1450e55e64e015c5bd7226bbe5d120dd057807339a669d3871c21a9b6a9ec,Exact as-of source observation; no liquidity filter applied.,EPLAS,,ANA PAZAR,EQUITY,PASS_BORSA_ISTANBUL_KAP_REFERENCE
bist_active_universe_v1,2026-07-29,SEC_7dc2d4adc4cd,ERBOS,ERBOSAN ERCİYAS BORU SANAYİ VE TİCARET A.Ş.,PAY PİYASASI,ANA PAZAR,EQUITY,True,True,KAP_MARKETS,KAP_MARKET:4028328c550642950155066367d0001b:33E5FED802CC00EAE0530A4A622B2AEA:4028e4a14184e9cf01419c006da45a78:ERBOS,2026-07-29,https://www.kap.org.tr/tr/Pazarlar,b793b45be30431e92cd10e71fef03c1ea44ffadf89e543a0c2bab7cb082d0c1f,Exact as-of source observation; no liquidity filter applied.,ERBOS,,ANA PAZAR,EQUITY,PASS_BORSA_ISTANBUL_KAP_REFERENCE
bist_active_universe_v1,2026-07-29,SEC_d8652703f834,ERCB,ERCİYAS ÇELİK BORU SANAYİ A.Ş.,PAY PİYASASI,ANA PAZAR,EQUITY,True,True,KAP_MARKETS,KAP_MARKET:4028328c550642950155066367d0001b:33E5FED802CC00EAE0530A4A622B2AEA:2af53003ee3c4464b0b653225816518d:ERCB,2026-07-29,https://www.kap.org.tr/tr/Pazarlar,6c7440d8291718ff970818ff2985888cb8de2329d3e94c66ba59c74c9f3975ec,Exact as-of source observation; no liquidity filter applied.,ERCB,,ANA PAZAR,EQUITY,PASS_BORSA_ISTANBUL_KAP_REFERENCE
bist_active_universe_v1,2026-07-29,SEC_31a1b3494d47,EREGL,EREĞLİ DEMİR VE ÇELİK FABRİKALARI T.A.Ş.,PAY PİYASASI,YILDIZ PAZAR,EQUITY,True,True,KAP_MARKETS,KAP_MARKET:4028328c550642950155066367d0001b:4028328c6d92933b016e21b838963f42:4028e4a240e95dc90140ede4c12a0133:EREGL,2026-07-29,https://www.kap.org.tr/tr/Pazarlar,2a25c02b4466e5cb9406c044ce12c97b87ec01e66dd3ed3a5ee71674f126000a,Exact as-of source observation; no liquidity filter applied.,EREGL,,YILDIZ PAZAR,EQUITY,PASS_BORSA_ISTANBUL_KAP_REFERENCE
bist_active_universe_v1,2026-07-29,SEC_d416e2e05af7,ERSU,ERSU MEYVE VE GIDA SANAYİ A.Ş.,PAY PİYASASI,ALT PAZAR,EQUITY,True,True,KAP_MARKETS,KAP_MARKET:4028328c550642950155066367d0001b:4028328c6d92933b016e21b91b463f54:4028e4a140f2ed7201411160fbeb057e:ERSU,2026-07-29,https://www.kap.org.tr/tr/Pazarlar,18a6b0f7230ba13258c364a76df4cd92d336bbf1111eef4b497e07161785e52c,Exact as-of source observation; no liquidity filter applied.,ERSU,,ALT PAZAR,EQUITY,PASS_BORSA_ISTANBUL_KAP_REFERENCE
bist_active_universe_v1,2026-07-29,SEC_e37e506987c7,ESCAR,ESCAR FİLO KİRALAMA HİZMETLERİ A.Ş.,PAY PİYASASI,YILDIZ PAZAR,EQUITY,True,True,KAP_MARKETS,KAP_MARKET:4028328c550642950155066367d0001b:4028328c6d92933b016e21b838963f42:8acae2c4782a4d560178f8929f486aed:ESCAR,2026-07-29,https://www.kap.org.tr/tr/Pazarlar,184b78c5d85774a7e7abf5c7fa5c771306e92365d7f930b09f55c4b4229900f7,Exact as-of source observation; no liquidity filter applied.,ESCAR,,YILDIZ PAZAR,EQUITY,PASS_BORSA_ISTANBUL_KAP_REFERENCE
bist_active_universe_v1,2026-07-29,SEC_ad7affdc7df3,ESCOM,ESCORT TEKNOLOJİ YATIRIM A.Ş.,PAY PİYASASI,ANA PAZAR,EQUITY,True,True,KAP_MARKETS,KAP_MARKET:4028328c550642950155066367d0001b:33E5FED802CC00EAE0530A4A622B2AEA:4028e4a142140a8d01421437e3fb036a:ESCOM,2026-07-29,https://www.kap.org.tr/tr/Pazarlar,27241671a21b6783c14e31872b7bd4b40a900e501ca5a3133b075f5d4cb110a4,Exact as-of source observation; no liquidity filter applied.,ESCOM,,ANA PAZAR,EQUITY,PASS_BORSA_ISTANBUL_KAP_REFERENCE
bist_active_universe_v1,2026-07-29,SEC_a41ed47bd425,ESEN,ESENBOĞA ELEKTRİK ÜRETİM A.Ş.,PAY PİYASASI,YILDIZ PAZAR,EQUITY,True,True,KAP_MARKETS,KAP_MARKET:4028328c550642950155066367d0001b:4028328c6d92933b016e21b838963f42:8acae2c57436079f0174486159f4072f:ESEN,2026-07-29,https://www.kap.org.tr/tr/Pazarlar,cf7a3f01b68a28f62e46d70381e735b457aba1807d08cd18e3c6d7853e0444ad,Exact as-of source observation; no liquidity filter applied.,ESEN,,YILDIZ PAZAR,EQUITY,PASS_BORSA_ISTANBUL_KAP_REFERENCE
bist_active_universe_v1,2026-07-29,SEC_1cd5526fbc17,ETILR,ETİLER GIDA VE TİCARİ YATIRIMLAR SANAYİ VE TİCARET A.Ş.,PAY PİYASASI,ANA PAZAR,EQUITY,True,True,KAP_MARKETS,KAP_MARKET:4028328c550642950155066367d0001b:33E5FED802CC00EAE0530A4A622B2AEA:4028e4a240f2ef4701413b24736d0655:ETILR,2026-07-29,https://www.kap.org.tr/tr/Pazarlar,3830f8eb4e7396b069e0ab8501efa7a74077c4e85d43e9f2a8939a48c3575dfe,Exact as-of source observation; no liquidity filter applied.,ETILR,,ANA PAZAR,EQUITY,PASS_BORSA_ISTANBUL_KAP_REFERENCE
bist_active_universe_v1,2026-07-29,SEC_42df84f31cd1,ETYAT,EURO TREND YATIRIM ORTAKLIĞI A.Ş.,PAY PİYASASI,ALT PAZAR,EQUITY,True,True,KAP_MARKETS,KAP_MARKET:4028328c550642950155066367d0001b:4028328c6d92933b016e21b91b463f54:4028e4a240e95dc30140edba6a660099:ETYAT,2026-07-29,https://www.kap.org.tr/tr/Pazarlar,2702fba3e73a6f13f4906c3ae2199783ec1d2c55dc49014c3e286a8753aa3c6c,Exact as-of source observation; no liquidity filter applied.,ETYAT,,ALT PAZAR,EQUITY,PASS_BORSA_ISTANBUL_KAP_REFERENCE
bist_active_universe_v1,2026-07-29,SEC_07c2c7d723d2,EUHOL,EURO YATIRIM HOLDİNG A.Ş.,PAY PİYASASI,YAKIN İZLEME PAZARI,EQUITY,True,True,KAP_MARKETS,KAP_MARKET:4028328c550642950155066367d0001b:33E5FED802BE00EAE0530A4A622B2AEA:4028e4a240e95dc30140edbd5ca900a3:EUHOL,2026-07-29,https://www.kap.org.tr/tr/Pazarlar,4af4c40f9f466bf5f5c1e227d7c2561d122142b14599df7beb726f9a483b7dc6,Exact as-of source observation; no liquidity filter applied.,EUHOL,,YAKIN İZLEME PAZARI,EQUITY,PASS_BORSA_ISTANBUL_KAP_REFERENCE
bist_active_universe_v1,2026-07-29,SEC_95f13fa4d525,EUKYO,EURO KAPİTAL YATIRIM ORTAKLIĞI A.Ş.,PAY PİYASASI,ALT PAZAR,EQUITY,True,True,KAP_MARKETS,KAP_MARKET:4028328c550642950155066367d0001b:4028328c6d92933b016e21b91b463f54:4028e4a140e95bea0140ed45272800bb:EUKYO,2026-07-29,https://www.kap.org.tr/tr/Pazarlar,1addbbe09268893a571de04c65557acf51b72d10c501377e00389106304bda84,Exact as-of source observation; no liquidity filter applied.,EUKYO,,ALT PAZAR,EQUITY,PASS_BORSA_ISTANBUL_KAP_REFERENCE
bist_active_universe_v1,2026-07-29,SEC_5a102d7f71c6,EUPWR,EUROPOWER ENERJİ VE OTOMASYON TEKNOLOJİLERİ SANAYİ TİCARET A.Ş.,PAY PİYASASI,YILDIZ PAZAR,EQUITY,True,True,KAP_MARKETS,KAP_MARKET:4028328c550642950155066367d0001b:4028328c6d92933b016e21b838963f42:8acae2c486d22a3b01875b5644ea61c4:EUPWR,2026-07-29,https://www.kap.org.tr/tr/Pazarlar,d10287e9f921ba409f2a1a54b911576ed742200217fc6d59b41c41a060046c63,Exact as-of source observation; no liquidity filter applied.,EUPWR,,YILDIZ PAZAR,EQUITY,PASS_BORSA_ISTANBUL_KAP_REFERENCE
bist_active_universe_v1,2026-07-29,SEC_a753a5399747,EUREN,EUROPEN ENDÜSTRİ İNŞAAT SANAYİ VE TİCARET A.Ş.,PAY PİYASASI,YILDIZ PAZAR,EQUITY,True,True,KAP_MARKETS,KAP_MARKET:4028328c550642950155066367d0001b:4028328c6d92933b016e21b838963f42:8acae2c580e91030018105632b470bcd:EUREN,2026-07-29,https://www.kap.org.tr/tr/Pazarlar,fe40bf8bf46a18174796ce706e0a45ab1d8d3553e4703a9ed4664a1ee1110851,Exact as-of source observation; no liquidity filter applied.,EUREN,,YILDIZ PAZAR,EQUITY,PASS_BORSA_ISTANBUL_KAP_REFERENCE
bist_active_universe_v1,2026-07-29,SEC_fc147934d611,EUYO,EURO MENKUL KIYMET YATIRIM ORTAKLIĞI A.Ş.,PAY PİYASASI,ALT PAZAR,EQUITY,True,True,KAP_MARKETS,KAP_MARKET:4028328c550642950155066367d0001b:4028328c6d92933b016e21b91b463f54:4028e4a240e95dc90140ed419b5d00a4:EUYO,2026-07-29,https://www.kap.org.tr/tr/Pazarlar,d1a6ef2bfbf60d3e93948f4c1ea1a5ae814eccbf8a351155ee353f2b59517874,Exact as-of source observation; no liquidity filter applied.,EUYO,,ALT PAZAR,EQUITY,PASS_BORSA_ISTANBUL_KAP_REFERENCE
bist_active_universe_v1,2026-07-29,SEC_0fd50a01b130,EYGYO,EYG GAYRİMENKUL YATIRIM ORTAKLIĞI A.Ş.,PAY PİYASASI,ANA PAZAR,EQUITY,True,True,KAP_MARKETS,KAP_MARKET:4028328c550642950155066367d0001b:33E5FED802CC00EAE0530A4A622B2AEA:8acae2c48304fe9c01843d2398a50797:EYGYO,2026-07-29,https://www.kap.org.tr/tr/Pazarlar,ff428d6c057d2c9ff8dfa9a1a74e3c0df22144a4f521c33e21bcbbea3f9d2672,Exact as-of source observation; no liquidity filter applied.,EYGYO,,ANA PAZAR,EQUITY,PASS_BORSA_ISTANBUL_KAP_REFERENCE
bist_active_universe_v1,2026-07-29,SEC_34e22d720ec5,FADE,FADE GIDA YATIRIM SANAYİ TİCARET A.Ş.,PAY PİYASASI,ANA PAZAR,EQUITY,True,True,KAP_MARKETS,KAP_MARKET:4028328c550642950155066367d0001b:33E5FED802CC00EAE0530A4A622B2AEA:8acae2c46e7fdc6d016f85a87ec9674e:FADE,2026-07-29,https://www.kap.org.tr/tr/Pazarlar,6f8972d1166e200768908434b49857684e81350ba6b3d8f29ea4fe88ea873518,Exact as-of source observation; no liquidity filter applied.,FADE,,ANA PAZAR,EQUITY,PASS_BORSA_ISTANBUL_KAP_REFERENCE
bist_active_universe_v1,2026-07-29,SEC_e6d6c3d7a549,FENER,FENERBAHÇE FUTBOL A.Ş.,PAY PİYASASI,YILDIZ PAZAR,EQUITY,True,True,KAP_MARKETS,KAP_MARKET:4028328c550642950155066367d0001b:4028328c6d92933b016e21b838963f42:4028e4a240e95dc90140ede7351a013d:FENER,2026-07-29,https://www.kap.org.tr/tr/Pazarlar,4b2bc9f49fd404d0756165e53122ae4ba9a37be408ce4ae0e41fe4e7c9bc39a8,Exact as-of source observation; no liquidity filter applied.,FENER,,YILDIZ PAZAR,EQUITY,PASS_BORSA_ISTANBUL_KAP_REFERENCE
bist_active_universe_v1,2026-07-29,SEC_5ef500f15b33,FLAP,FLAP KONGRE TOPLANTI HİZMETLERİ OTOMOTİV VE TURİZM A.Ş.,PAY PİYASASI,ALT PAZAR,EQUITY,True,True,KAP_MARKETS,KAP_MARKET:4028328c550642950155066367d0001b:4028328c6d92933b016e21b91b463f54:4028e4a141558bdd01415620c00705ad:FLAP,2026-07-29,https://www.kap.org.tr/tr/Pazarlar,9e819cea7c0c1fd980c8b481669b36f06318b43cd00d38da1a4073d127227bce,Exact as-of source observation; no liquidity filter applied.,FLAP,,ALT PAZAR,EQUITY,PASS_BORSA_ISTANBUL_KAP_REFERENCE
bist_active_universe_v1,2026-07-29,SEC_163beffcb265,FMIZP,FEDERAL MOGUL İZMİT PİSTON VE PİM ÜRETİM TESİSLERİ A.Ş.,PAY PİYASASI,ANA PAZAR,EQUITY,True,True,KAP_MARKETS,KAP_MARKET:4028328c550642950155066367d0001b:33E5FED802CC00EAE0530A4A622B2AEA:4028e4a240f2ef4701410bb5cdab01cf:FMIZP,2026-07-29,https://www.kap.org.tr/tr/Pazarlar,f0e76a0b9f121ef27dee6a565cf7981dad0b446fefdfc89aec19b14afee04c9a,Exact as-of source observation; no liquidity filter applied.,FMIZP,,ANA PAZAR,EQUITY,PASS_BORSA_ISTANBUL_KAP_REFERENCE
bist_active_universe_v1,2026-07-29,SEC_6affa666d6ce,FONET,FONET BİLGİ TEKNOLOJİLERİ A.Ş.,PAY PİYASASI,ANA PAZAR,EQUITY,True,True,KAP_MARKETS,KAP_MARKET:4028328c550642950155066367d0001b:33E5FED802CC00EAE0530A4A622B2AEA:8acae2c55a980119015b435875566776:FONET,2026-07-29,https://www.kap.org.tr/tr/Pazarlar,699e4779062a8f3dcb0e286f46cb23da63ccdf120f664fdb4a9f110758584971,Exact as-of source observation; no liquidity filter applied.,FONET,,ANA PAZAR,EQUITY,PASS_BORSA_ISTANBUL_KAP_REFERENCE
bist_active_universe_v1,2026-07-29,SEC_4276a0977fd4,FORMT,FORMET METAL VE CAM SANAYİ A.Ş.,PAY PİYASASI,ANA PAZAR,EQUITY,True,True,KAP_MARKETS,KAP_MARKET:4028328c550642950155066367d0001b:33E5FED802CC00EAE0530A4A622B2AEA:8acae2c562329bd101633953d02b0477:FORMT,2026-07-29,https://www.kap.org.tr/tr/Pazarlar,acdecd5fc18d081a902df6ccfdaef2dbcf65bfe71ac7dd52ffee00eae5955bd9,Exact as-of source observation; no liquidity filter applied.,FORMT,,ANA PAZAR,EQUITY,PASS_BORSA_ISTANBUL_KAP_REFERENCE
bist_active_universe_v1,2026-07-29,SEC_b3778e3b20af,FORTE,FORTE BİLGİ İLETİŞİM TEKNOLOJİLERİ VE SAVUNMA SANAYİ A.Ş.,PAY PİYASASI,ANA PAZAR,EQUITY,True,True,KAP_MARKETS,KAP_MARKET:4028328c550642950155066367d0001b:33E5FED802CC00EAE0530A4A622B2AEA:8acae2c47f7cb492018094784f6f309a:FORTE,2026-07-29,https://www.kap.org.tr/tr/Pazarlar,b01526c6132ae358750c029ea6c00c170c2ca94bec691cad9fc0af276ee874bb,Exact as-of source observation; no liquidity filter applied.,FORTE,,ANA PAZAR,EQUITY,PASS_BORSA_ISTANBUL_KAP_REFERENCE
bist_active_universe_v1,2026-07-29,SEC_d88b1d54a5e3,FRIGO,FRİGO-PAK GIDA MADDELERİ SANAYİ VE TİCARET A.Ş.,PAY PİYASASI,ANA PAZAR,EQUITY,True,True,KAP_MARKETS,KAP_MARKET:4028328c550642950155066367d0001b:33E5FED802CC00EAE0530A4A622B2AEA:4028e4a1415f4d9b01415fee1db939f4:FRIGO,2026-07-29,https://www.kap.org.tr/tr/Pazarlar,51e2e6caea9156f12ab8981f0f440b9d517c58272bce106c466f4fad359a5555,Exact as-of source observation; no liquidity filter applied.,FRIGO,,ANA PAZAR,EQUITY,PASS_BORSA_ISTANBUL_KAP_REFERENCE
bist_active_universe_v1,2026-07-29,SEC_8e2eef2d9169,FRMPL,FORMÜL PLASTİK VE METAL SANAYİ A.Ş.,PAY PİYASASI,ANA PAZAR,EQUITY,True,True,KAP_MARKETS,KAP_MARKET:4028328c550642950155066367d0001b:33E5FED802CC00EAE0530A4A622B2AEA:8acae2c5998f25d7019b732d9c623a64:FRMPL,2026-07-29,https://www.kap.org.tr/tr/Pazarlar,dec917604713c6f42ab082219ec35bab51625563a14261134a55e485c8cfc7a7,Exact as-of source observation; no liquidity filter applied.,FRMPL,,ANA PAZAR,EQUITY,PASS_BORSA_ISTANBUL_KAP_REFERENCE
bist_active_universe_v1,2026-07-29,SEC_e870714908f0,FROTO,FORD OTOMOTİV SANAYİ A.Ş.,PAY PİYASASI,YILDIZ PAZAR,EQUITY,True,True,KAP_MARKETS,KAP_MARKET:4028328c550642950155066367d0001b:4028328c6d92933b016e21b838963f42:4028e4a140f2ed71014106890fae0138:FROTO,2026-07-29,https://www.kap.org.tr/tr/Pazarlar,e474859aa5489686ecde9ddbf924352a34af2e6a81597516ab148ab13e6c1167,Exact as-of source observation; no liquidity filter applied.,FROTO,,YILDIZ PAZAR,EQUITY,PASS_BORSA_ISTANBUL_KAP_REFERENCE
bist_active_universe_v1,2026-07-29,SEC_b9fa466828c0,FZLGY,FUZUL GAYRİMENKUL YATIRIM ORTAKLIĞI A.Ş.,PAY PİYASASI,YILDIZ PAZAR,EQUITY,True,True,KAP_MARKETS,KAP_MARKET:4028328c550642950155066367d0001b:4028328c6d92933b016e21b838963f42:8acae2c586d22c530189534dc2624568:FZLGY,2026-07-29,https://www.kap.org.tr/tr/Pazarlar,c6e6cb70878103673133690d28dce006760363d7750996149db07be295c7b3a0,Exact as-of source observation; no liquidity filter applied.,FZLGY,,YILDIZ PAZAR,EQUITY,PASS_BORSA_ISTANBUL_KAP_REFERENCE
bist_active_universe_v1,2026-07-29,SEC_21b76758e736,GARAN,TÜRKİYE GARANTİ BANKASI A.Ş.,PAY PİYASASI,YILDIZ PAZAR,EQUITY,True,True,KAP_MARKETS,KAP_MARKET:4028328c550642950155066367d0001b:4028328c6d92933b016e21b838963f42:4028e4a140f2ed720140f37cb2a601b7:GARAN,2026-07-29,https://www.kap.org.tr/tr/Pazarlar,cd2dfa2d68ae973cd02f5b5b4d75c578ddd647866d944a4b80967f9228c747e0,Exact as-of source observation; no liquidity filter applied.,GARAN,,YILDIZ PAZAR,EQUITY,PASS_BORSA_ISTANBUL_KAP_REFERENCE
bist_active_universe_v1,2026-07-29,SEC_41c61f49255e,GARFA,GARANTİ FAKTORİNG A.Ş.,PAY PİYASASI,ANA PAZAR,EQUITY,True,True,KAP_MARKETS,KAP_MARKET:4028328c550642950155066367d0001b:33E5FED802CC00EAE0530A4A622B2AEA:4028e4a240e95dc90140ee1ab24b0189:GARFA,2026-07-29,https://www.kap.org.tr/tr/Pazarlar,da777a3ad5d31483545ee620a19f6e68b4c28577b84986ae03aa1b9cb6562844,Exact as-of source observation; no liquidity filter applied.,GARFA,,ANA PAZAR,EQUITY,PASS_BORSA_ISTANBUL_KAP_REFERENCE
bist_active_universe_v1,2026-07-29,SEC_a663ea599af6,GATEG,GATE GROUP TEKNOLOJİ MEDYA VE SİBER GÜVENLİK HİZMETLERİ A.Ş.,PAY PİYASASI,YAKIN İZLEME PAZARI,EQUITY,True,True,KAP_MARKETS,KAP_MARKET:4028328c550642950155066367d0001b:33E5FED802BE00EAE0530A4A622B2AEA:402821824bf524dd014c27907cd65b79:GATEG,2026-07-29,https://www.kap.org.tr/tr/Pazarlar,9f1e7631e48c68c089843510abbe73fa64aa7c67cd9ae39b69e5dded823cfd30,Exact as-of source observation; no liquidity filter applied.,GATEG,,YAKIN İZLEME PAZARI,EQUITY,PASS_BORSA_ISTANBUL_KAP_REFERENCE
bist_active_universe_v1,2026-07-29,SEC_ff065cb274f4,GEDIK,GEDİK YATIRIM MENKUL DEĞERLER A.Ş.,PAY PİYASASI,YILDIZ PAZAR,EQUITY,True,True,KAP_MARKETS,KAP_MARKET:4028328c550642950155066367d0001b:4028328c6d92933b016e21b838963f42:4028e4a140e95bea0140ee1edd700174:GEDIK,2026-07-29,https://www.kap.org.tr/tr/Pazarlar,681f797d65652833d2ea3d4913ab1f57c4963d6ca9c8dbd73f336262eaa741bb,Exact as-of source observation; no liquidity filter applied.,GEDIK,,YILDIZ PAZAR,EQUITY,PASS_BORSA_ISTANBUL_KAP_REFERENCE
bist_active_universe_v1,2026-07-29,SEC_ca57c4fae7e6,GEDZA,GEDİZ AMBALAJ SANAYİ VE TİCARET A.Ş.,PAY PİYASASI,ANA PAZAR,EQUITY,True,True,KAP_MARKETS,KAP_MARKET:4028328c550642950155066367d0001b:33E5FED802CC00EAE0530A4A622B2AEA:4028e4a14158e41e01415b2a655f6cca:GEDZA,2026-07-29,https://www.kap.org.tr/tr/Pazarlar,e6c634bb90b7006e5f51d25cbe02e37a02c3d488c96e8c1f2d8e68cff0ac0942,Exact as-of source observation; no liquidity filter applied.,GEDZA,,ANA PAZAR,EQUITY,PASS_BORSA_ISTANBUL_KAP_REFERENCE
bist_active_universe_v1,2026-07-29,SEC_8b6d3f19cb19,GENIL,GEN İLAÇ VE SAĞLIK ÜRÜNLERİ SANAYİ VE TİCARET A.Ş.,PAY PİYASASI,YILDIZ PAZAR,EQUITY,True,True,KAP_MARKETS,KAP_MARKET:4028328c550642950155066367d0001b:4028328c6d92933b016e21b838963f42:8acae2c5794d3d6a017a89f2678a1118:GENIL,2026-07-29,https://www.kap.org.tr/tr/Pazarlar,13b62674b7b06c3adfe1fe2d3e9543f371646a1b99724ae731371da2db495b2b,Exact as-of source observation; no liquidity filter applied.,GENIL,,YILDIZ PAZAR,EQUITY,PASS_BORSA_ISTANBUL_KAP_REFERENCE
bist_active_universe_v1,2026-07-29,SEC_ab06c0124db7,GENKM,GENTAŞ KİMYA SANAYİ VE TİCARET PAZARLAMA A.Ş.,PAY PİYASASI,ANA PAZAR,EQUITY,True,True,KAP_MARKETS,KAP_MARKET:4028328c550642950155066367d0001b:33E5FED802CC00EAE0530A4A622B2AEA:8acae2c49c81f746019c9a20ca2419a9:GENKM,2026-07-29,https://www.kap.org.tr/tr/Pazarlar,c74f5bbff5307cf5a801c6e3f6c0f3899ecb0ae71a018ff8bcbe2c4ded5b7d82,Exact as-of source observation; no liquidity filter applied.,GENKM,,ANA PAZAR,EQUITY,PASS_BORSA_ISTANBUL_KAP_REFERENCE
bist_active_universe_v1,2026-07-29,SEC_1b8934217368,GENTS,GENTAŞ DEKORATİF YÜZEYLER SANAYİ VE TİCARET A.Ş.,PAY PİYASASI,YILDIZ PAZAR,EQUITY,True,True,KAP_MARKETS,KAP_MARKET:4028328c550642950155066367d0001b:4028328c6d92933b016e21b838963f42:4028e4a2416e696c01416f1e03364c9d:GENTS,2026-07-29,https://www.kap.org.tr/tr/Pazarlar,84310800f4988b9edb40a0ca06008d61240b4837d02f7dd5659a51b0f869343c,Exact as-of source observation; no liquidity filter applied.,GENTS,,YILDIZ PAZAR,EQUITY,PASS_BORSA_ISTANBUL_KAP_REFERENCE
bist_active_universe_v1,2026-07-29,SEC_ec707280bec2,GEREL,GERSAN ELEKTRİK TİCARET VE SANAYİ A.Ş.,PAY PİYASASI,ANA PAZAR,EQUITY,True,True,KAP_MARKETS,KAP_MARKET:4028328c550642950155066367d0001b:33E5FED802CC00EAE0530A4A622B2AEA:4028e4a14158e41e01415aaad2ae618b:GEREL,2026-07-29,https://www.kap.org.tr/tr/Pazarlar,87b4e14b093dc39e6e038e965b8c016b3a2ccdea89a8298eb76ef51711bbe55c,Exact as-of source observation; no liquidity filter applied.,GEREL,,ANA PAZAR,EQUITY,PASS_BORSA_ISTANBUL_KAP_REFERENCE
bist_active_universe_v1,2026-07-29,SEC_e9a9b76b681f,GESAN,GİRİŞİM ELEKTRİK SANAYİ TAAHHÜT VE TİCARET A.Ş.,PAY PİYASASI,YILDIZ PAZAR,EQUITY,True,True,KAP_MARKETS,KAP_MARKET:4028328c550642950155066367d0001b:4028328c6d92933b016e21b838963f42:8acae2c4794d364a017af66863e41bae:GESAN,2026-07-29,https://www.kap.org.tr/tr/Pazarlar,ab4f9e27c49fcb92d36dcb16142457c716011e44a24eb2b5ece89066395a4c9e,Exact as-of source observation; no liquidity filter applied.,GESAN,,YILDIZ PAZAR,EQUITY,PASS_BORSA_ISTANBUL_KAP_REFERENCE
bist_active_universe_v1,2026-07-29,SEC_56648001a516,GIPTA,GIPTA OFİS KIRTASİYE VE PROMOSYON ÜRÜNLERİ İMALAT SANAYİ A.Ş.,PAY PİYASASI,YILDIZ PAZAR,EQUITY,True,True,KAP_MARKETS,KAP_MARKET:4028328c550642950155066367d0001b:4028328c6d92933b016e21b838963f42:8acae2c486d22a3a018a5106156c5c3d:GIPTA,2026-07-29,https://www.kap.org.tr/tr/Pazarlar,26310322c23344d4ab95eab5839cb9db673cc58ae57f2358b85f0d5b195ee5d5,Exact as-of source observation; no liquidity filter applied.,GIPTA,,YILDIZ PAZAR,EQUITY,PASS_BORSA_ISTANBUL_KAP_REFERENCE
bist_active_universe_v1,2026-07-29,SEC_86d6b76c3646,GLBMD,GLOBAL MENKUL DEĞERLER A.Ş.,PAY PİYASASI,ALT PAZAR,EQUITY,True,True,KAP_MARKETS,KAP_MARKET:4028328c550642950155066367d0001b:4028328c6d92933b016e21b91b463f54:4028e4a140e95bea0140ee21b10d0188:GLBMD,2026-07-29,https://www.kap.org.tr/tr/Pazarlar,bdabbe6e42498c26139a8795c0eb2311bec35dc9bd5f8aa5b35ef761d514309b,Exact as-of source observation; no liquidity filter applied.,GLBMD,,ALT PAZAR,EQUITY,PASS_BORSA_ISTANBUL_KAP_REFERENCE
bist_active_universe_v1,2026-07-29,SEC_d3653698ed3a,GLCVY,GELECEK VARLIK YÖNETİMİ A.Ş.,PAY PİYASASI,YILDIZ PAZAR,EQUITY,True,True,KAP_MARKETS,KAP_MARKET:4028328c550642950155066367d0001b:4028328c6d92933b016e21b838963f42:8acae2c465a51c3801683c2840c516cb:GLCVY,2026-07-29,https://www.kap.org.tr/tr/Pazarlar,a9b2bafa0e3cf3f99f36fa0e3dff69e117c28b30fdc9adf849ea2737cf2fa889,Exact as-of source observation; no liquidity filter applied.,GLCVY,,YILDIZ PAZAR,EQUITY,PASS_BORSA_ISTANBUL_KAP_REFERENCE
bist_active_universe_v1,2026-07-29,SEC_316f4bf1e4f8,GLRMK,GÜLERMAK AĞIR SANAYİ İNŞAAT VE TAAHHÜT A.Ş.,PAY PİYASASI,YILDIZ PAZAR,EQUITY,True,True,KAP_MARKETS,KAP_MARKET:4028328c550642950155066367d0001b:4028328c6d92933b016e21b838963f42:4028e4a1416e696301416f392897603f:GLRMK,2026-07-29,https://www.kap.org.tr/tr/Pazarlar,6d53a4ad6f5d75b1c1ec1921c1b8a34bb5a034a7f3e049bf7c9ce32f2c4611fb,Exact as-of source observation; no liquidity filter applied.,GLRMK,,YILDIZ PAZAR,EQUITY,PASS_BORSA_ISTANBUL_KAP_REFERENCE
bist_active_universe_v1,2026-07-29,SEC_e0cf6092c24b,GLRYH,GÜLER YATIRIM HOLDİNG A.Ş.,PAY PİYASASI,ANA PAZAR,EQUITY,True,True,KAP_MARKETS,KAP_MARKET:4028328c550642950155066367d0001b:33E5FED802CC00EAE0530A4A622B2AEA:4028e4a240f2ef4c01410cf733f303d9:GLRYH,2026-07-29,https://www.kap.org.tr/tr/Pazarlar,b3c8220eb2c6fffdb4b18fda825bb117a54559f367eb1daaf882698bdff2ceb9,Exact as-of source observation; no liquidity filter applied.,GLRYH,,ANA PAZAR,EQUITY,PASS_BORSA_ISTANBUL_KAP_REFERENCE
bist_active_universe_v1,2026-07-29,SEC_9e1655441181,GLYHO,GLOBAL YATIRIM HOLDİNG A.Ş.,PAY PİYASASI,YILDIZ PAZAR,EQUITY,True,True,KAP_MARKETS,KAP_MARKET:4028328c550642950155066367d0001b:4028328c6d92933b016e21b838963f42:4028e4a140e95bea0140ee24416e0197:GLYHO,2026-07-29,https://www.kap.org.tr/tr/Pazarlar,2789462a4d07a93b3e6c0b764ab4aa46a3f8309e62e0e621ffd9ea20018ff4ef,Exact as-of source observation; no liquidity filter applied.,GLYHO,,YILDIZ PAZAR,EQUITY,PASS_BORSA_ISTANBUL_KAP_REFERENCE
bist_active_universe_v1,2026-07-29,SEC_256683bcc05c,GMTAS,GİMAT MAĞAZACILIK SANAYİ VE TİCARET A.Ş.,PAY PİYASASI,YILDIZ PAZAR,EQUITY,True,True,KAP_MARKETS,KAP_MARKET:4028328c550642950155066367d0001b:4028328c6d92933b016e21b838963f42:a3ff494df37b408aa9088106fe98f59e:GMTAS,2026-07-29,https://www.kap.org.tr/tr/Pazarlar,78819f6789e3ed2cbdd402a509614cc8d0bd294bfa13c77967e4afdb62cd1bfe,Exact as-of source observation; no liquidity filter applied.,GMTAS,,YILDIZ PAZAR,EQUITY,PASS_BORSA_ISTANBUL_KAP_REFERENCE
bist_active_universe_v1,2026-07-29,SEC_496b960dddd1,GOKNR,GÖKNUR GIDA MADDELERİ ENERJİ İMALAT İTHALAT İHRACAT TİCARET VE SANAYİ A.Ş.,PAY PİYASASI,YILDIZ PAZAR,EQUITY,True,True,KAP_MARKETS,KAP_MARKET:4028328c550642950155066367d0001b:4028328c6d92933b016e21b838963f42:4028e4a1462cc5dd0146673d70055928:GOKNR,2026-07-29,https://www.kap.org.tr/tr/Pazarlar,0ed34556986dea94a76402c8c096fdec2e5b5f7493ed008e10c38ecd51f41d09,Exact as-of source observation; no liquidity filter applied.,GOKNR,,YILDIZ PAZAR,EQUITY,PASS_BORSA_ISTANBUL_KAP_REFERENCE
bist_active_universe_v1,2026-07-29,SEC_0b8e51d544b2,GOLDA,GOLDA GIDA SANAYİ VE TİCARET A.Ş.,PAY PİYASASI,ANA PAZAR,EQUITY,True,True,KAP_MARKETS,KAP_MARKET:4028328c550642950155066367d0001b:33E5FED802CC00EAE0530A4A622B2AEA:4028e4a244a081800145b2cb692413b4:GOLDA,2026-07-29,https://www.kap.org.tr/tr/Pazarlar,f1ace8839040638387bca673bd80f0ee26a77e45ed13b02024ec99ddda77847c,Exact as-of source observation; no liquidity filter applied.,GOLDA,,ANA PAZAR,EQUITY,PASS_BORSA_ISTANBUL_KAP_REFERENCE
bist_active_universe_v1,2026-07-29,SEC_b27885ab3815,GOLTS,GÖLTAŞ GÖLLER BÖLGESİ ÇİMENTO SANAYİ VE TİCARET A.Ş.,PAY PİYASASI,YILDIZ PAZAR,EQUITY,True,True,KAP_MARKETS,KAP_MARKET:4028328c550642950155066367d0001b:4028328c6d92933b016e21b838963f42:4028e4a140e95be70140ee27ccd40129:GOLTS,2026-07-29,https://www.kap.org.tr/tr/Pazarlar,58f7e13f0a610e7c2588b76fe3d12a0374b03f168b80e7d3fb97d37447ef449f,Exact as-of source observation; no liquidity filter applied.,GOLTS,,YILDIZ PAZAR,EQUITY,PASS_BORSA_ISTANBUL_KAP_REFERENCE
bist_active_universe_v1,2026-07-29,SEC_40fe59c434e0,GOODY,GOODYEAR LASTİKLERİ T.A.Ş.,PAY PİYASASI,ANA PAZAR,EQUITY,True,True,KAP_MARKETS,KAP_MARKET:4028328c550642950155066367d0001b:33E5FED802CC00EAE0530A4A622B2AEA:4028e4a140f2ed7101412bfc6f340359:GOODY,2026-07-29,https://www.kap.org.tr/tr/Pazarlar,ff4481875f6b4f634132a3fcbf436a6856ae69806b88d9c8a901f614e7e47d34,Exact as-of source observation; no liquidity filter applied.,GOODY,,ANA PAZAR,EQUITY,PASS_BORSA_ISTANBUL_KAP_REFERENCE
bist_active_universe_v1,2026-07-29,SEC_eda5198ecb05,GOZDE,GÖZDE GİRİŞİM SERMAYESİ YATIRIM ORTAKLIĞI A.Ş.,PAY PİYASASI,YILDIZ PAZAR,EQUITY,True,True,KAP_MARKETS,KAP_MARKET:4028328c550642950155066367d0001b:4028328c6d92933b016e21b838963f42:4028e4a24158e42201415b0210ba60ef:GOZDE,2026-07-29,https://www.kap.org.tr/tr/Pazarlar,979540c8450acfae656d566ff8b949b8a7e302dc6a73e9a0a55fcd8bacff669d,Exact as-of source observation; no liquidity filter applied.,GOZDE,,YILDIZ PAZAR,EQUITY,PASS_BORSA_ISTANBUL_KAP_REFERENCE
bist_active_universe_v1,2026-07-29,SEC_d439f6642e7a,GRNYO,GARANTİ YATIRIM ORTAKLIĞI A.Ş.,PAY PİYASASI,ALT PAZAR,EQUITY,True,True,KAP_MARKETS,KAP_MARKET:4028328c550642950155066367d0001b:4028328c6d92933b016e21b91b463f54:4028e4a240f2ef470141271e9d5104d3:GRNYO,2026-07-29,https://www.kap.org.tr/tr/Pazarlar,f4838f4faa93a570b6a2553c84e72bd8eb79c9ba56579fa7ef030579f9a3ef95,Exact as-of source observation; no liquidity filter applied.,GRNYO,,ALT PAZAR,EQUITY,PASS_BORSA_ISTANBUL_KAP_REFERENCE
bist_active_universe_v1,2026-07-29,SEC_19516edd4cc6,GRSEL,GÜR-SEL TURİZM TAŞIMACILIK VE SERVİS TİCARET A.Ş.,PAY PİYASASI,YILDIZ PAZAR,EQUITY,True,True,KAP_MARKETS,KAP_MARKET:4028328c550642950155066367d0001b:4028328c6d92933b016e21b838963f42:8acae2c47d3bee50017f2c2fc65150e6:GRSEL,2026-07-29,https://www.kap.org.tr/tr/Pazarlar,b125659a2c01993ec8bbf07d2c1afc7bb9b3eb68cbe72b6b03dab0d456134a15,Exact as-of source observation; no liquidity filter applied.,GRSEL,,YILDIZ PAZAR,EQUITY,PASS_BORSA_ISTANBUL_KAP_REFERENCE
bist_active_universe_v1,2026-07-29,SEC_c0b382a6a906,GRTHO,GRAINTURK HOLDİNG A.Ş.,PAY PİYASASI,YILDIZ PAZAR,EQUITY,True,True,KAP_MARKETS,KAP_MARKET:4028328c550642950155066367d0001b:4028328c6d92933b016e21b838963f42:8acae2c48304fe9c018466742a3b2960:GRTHO,2026-07-29,https://www.kap.org.tr/tr/Pazarlar,c655ae21ffb4ec6f3d055bd25ff6749edb684c7460da807cd38b6b8302b7d57d,Exact as-of source observation; no liquidity filter applied.,GRTHO,,YILDIZ PAZAR,EQUITY,PASS_BORSA_ISTANBUL_KAP_REFERENCE
bist_active_universe_v1,2026-07-29,SEC_b59a82c2e2e4,GSDDE,GSD DENİZCİLİK GAYRİMENKUL İNŞAAT SANAYİ VE TİCARET A.Ş.,PAY PİYASASI,ANA PAZAR,EQUITY,True,True,KAP_MARKETS,KAP_MARKET:4028328c550642950155066367d0001b:33E5FED802CC00EAE0530A4A622B2AEA:4028e4a140e95be70140ee2a7f39013b:GSDDE,2026-07-29,https://www.kap.org.tr/tr/Pazarlar,7c987f390d236e9ff9c6ebdda094ef55f2962da0d93a76d3f382e96f2b28bb09,Exact as-of source observation; no liquidity filter applied.,GSDDE,,ANA PAZAR,EQUITY,PASS_BORSA_ISTANBUL_KAP_REFERENCE
bist_active_universe_v1,2026-07-29,SEC_8d9abb3115c7,GSDHO,GSD HOLDİNG A.Ş.,PAY PİYASASI,ANA PAZAR,EQUITY,True,True,KAP_MARKETS,KAP_MARKET:4028328c550642950155066367d0001b:33E5FED802CC00EAE0530A4A622B2AEA:4028e4a140e95be70140ee2be54b014a:GSDHO,2026-07-29,https://www.kap.org.tr/tr/Pazarlar,83b250f8cf3482c7dc8337bf746290add4d74e68519537d05054f40539e7ec01,Exact as-of source observation; no liquidity filter applied.,GSDHO,,ANA PAZAR,EQUITY,PASS_BORSA_ISTANBUL_KAP_REFERENCE
bist_active_universe_v1,2026-07-29,SEC_bdff1ca4becf,GSRAY,GALATASARAY SPORTİF SINAİ VE TİCARİ YATIRIMLAR A.Ş.,PAY PİYASASI,YILDIZ PAZAR,EQUITY,True,True,KAP_MARKETS,KAP_MARKET:4028328c550642950155066367d0001b:4028328c6d92933b016e21b838963f42:4028e4a14203278a0142095598f114ba:GSRAY,2026-07-29,https://www.kap.org.tr/tr/Pazarlar,3ce384b365cc74f14bfd66c8278b78146943d2c524e4f4cb213f9b9793f46a44,Exact as-of source observation; no liquidity filter applied.,GSRAY,,YILDIZ PAZAR,EQUITY,PASS_BORSA_ISTANBUL_KAP_REFERENCE
bist_active_universe_v1,2026-07-29,SEC_3f3e698cd6b6,GUBRF,GÜBRE FABRİKALARI T.A.Ş.,PAY PİYASASI,YILDIZ PAZAR,EQUITY,True,True,KAP_MARKETS,KAP_MARKET:4028328c550642950155066367d0001b:4028328c6d92933b016e21b838963f42:4028e4a241733d4a01417989f3760a4d:GUBRF,2026-07-29,https://www.kap.org.tr/tr/Pazarlar,ec8d7adc580279f2f3fe67877e3838c549881eb86974730dc8a5237c31bfb40c,Exact as-of source observation; no liquidity filter applied.,GUBRF,,YILDIZ PAZAR,EQUITY,PASS_BORSA_ISTANBUL_KAP_REFERENCE
bist_active_universe_v1,2026-07-29,SEC_2826316bb43f,GUNDG,GÜNDOĞDU GIDA SÜT ÜRÜNLERİ SANAYİ VE DIŞ TİCARET A.Ş.,PAY PİYASASI,ANA PAZAR,EQUITY,True,True,KAP_MARKETS,KAP_MARKET:4028328c550642950155066367d0001b:33E5FED802CC00EAE0530A4A622B2AEA:8acae2c59145e00a019146a7cde301bc:GUNDG,2026-07-29,https://www.kap.org.tr/tr/Pazarlar,ea3b5a1b685da37e9d5c094441b66064b4988f597a3457d1a62457e8bfcc6b7c,Exact as-of source observation; no liquidity filter applied.,GUNDG,,ANA PAZAR,EQUITY,PASS_BORSA_ISTANBUL_KAP_REFERENCE
bist_active_universe_v1,2026-07-29,SEC_77d4f2b2186b,GWIND,GALATA WIND ENERJİ A.Ş.,PAY PİYASASI,YILDIZ PAZAR,EQUITY,True,True,KAP_MARKETS,KAP_MARKET:4028328c550642950155066367d0001b:4028328c6d92933b016e21b838963f42:8acae2c46d7599a6016dee0b5aec36b2:GWIND,2026-07-29,https://www.kap.org.tr/tr/Pazarlar,a6c156b455c3e3ae31e538db3279d330f55cc1a0d2d48806b34dbf6659e4ce33,Exact as-of source observation; no liquidity filter applied.,GWIND,,YILDIZ PAZAR,EQUITY,PASS_BORSA_ISTANBUL_KAP_REFERENCE
bist_active_universe_v1,2026-07-29,SEC_08181c50a479,GZNMI,GEZİNOMİ SEYAHAT TURİZM TİCARET A.Ş.,PAY PİYASASI,ANA PAZAR,EQUITY,True,True,KAP_MARKETS,KAP_MARKET:4028328c550642950155066367d0001b:33E5FED802CC00EAE0530A4A622B2AEA:8acae2c47d3bee50017e3445b465578f:GZNMI,2026-07-29,https://www.kap.org.tr/tr/Pazarlar,b29948c7ec8d7c2bc95f3b51dbaae1896d3cc64744e8ae984b1a6775a0309ad9,Exact as-of source observation; no liquidity filter applied.,GZNMI,,ANA PAZAR,EQUITY,PASS_BORSA_ISTANBUL_KAP_REFERENCE
bist_active_universe_v1,2026-07-29,SEC_786870cc8b94,HALKB,TÜRKİYE HALK BANKASI A.Ş.,PAY PİYASASI,YILDIZ PAZAR,EQUITY,True,True,KAP_MARKETS,KAP_MARKET:4028328c550642950155066367d0001b:4028328c6d92933b016e21b838963f42:1DE05DAA82C3073AE0530A4A622A2EBD:HALKB,2026-07-29,https://www.kap.org.tr/tr/Pazarlar,e9a783c8c22e7318a369cfc870b39817be1c0237032f6b238d816c614ab5f99a,Exact as-of source observation; no liquidity filter applied.,HALKB,,YILDIZ PAZAR,EQUITY,PASS_BORSA_ISTANBUL_KAP_REFERENCE
bist_active_universe_v1,2026-07-29,SEC_897d5842c99d,HATEK,HATEKS HATAY TEKSTİL İŞLETMELERİ A.Ş.,PAY PİYASASI,ANA PAZAR,EQUITY,True,True,KAP_MARKETS,KAP_MARKET:4028328c550642950155066367d0001b:33E5FED802CC00EAE0530A4A622B2AEA:4028e4a141e536460141e5859f40059b:HATEK,2026-07-29,https://www.kap.org.tr/tr/Pazarlar,80e5cf3b91498931b8f0d05125ff80df6573430bf643e39ef42ddd632e534df6,Exact as-of source observation; no liquidity filter applied.,HATEK,,ANA PAZAR,EQUITY,PASS_BORSA_ISTANBUL_KAP_REFERENCE
bist_active_universe_v1,2026-07-29,SEC_81d72a045c31,HATSN,HAT-SAN GEMİ İNŞAA BAKIM ONARIM DENİZ NAKLİYAT SANAYİ VE TİCARET A.Ş.,PAY PİYASASI,YILDIZ PAZAR,EQUITY,True,True,KAP_MARKETS,KAP_MARKET:4028328c550642950155066367d0001b:4028328c6d92933b016e21b838963f42:8acae2c586d22c51018a739bad647f5a:HATSN,2026-07-29,https://www.kap.org.tr/tr/Pazarlar,636dfc27e6db26646c2c5a0d1cbf2265e98c414da2a6e45e228c4c6514b406ec,Exact as-of source observation; no liquidity filter applied.,HATSN,,YILDIZ PAZAR,EQUITY,PASS_BORSA_ISTANBUL_KAP_REFERENCE
bist_active_universe_v1,2026-07-29,SEC_4966277855c0,HDFGS,HEDEF GİRİŞİM SERMAYESİ YATIRIM ORTAKLIĞI A.Ş.,PAY PİYASASI,ANA PAZAR,EQUITY,True,True,KAP_MARKETS,KAP_MARKET:4028328c550642950155066367d0001b:33E5FED802CC00EAE0530A4A622B2AEA:4028e4a242140a9601422820b6da43f8:HDFGS,2026-07-29,https://www.kap.org.tr/tr/Pazarlar,ef3b26ca3bba64cc989be910fc4b17397b0c2b9c2aa6beb6064d96a38c9203ba,Exact as-of source observation; no liquidity filter applied.,HDFGS,,ANA PAZAR,EQUITY,PASS_BORSA_ISTANBUL_KAP_REFERENCE
bist_active_universe_v1,2026-07-29,SEC_a3e860ca18d8,HEDEF,HEDEF HOLDİNG A.Ş.,PAY PİYASASI,ANA PAZAR,EQUITY,True,True,KAP_MARKETS,KAP_MARKET:4028328c550642950155066367d0001b:33E5FED802CC00EAE0530A4A622B2AEA:8acae2c4794d3648017a8bd7bc0103df:HEDEF,2026-07-29,https://www.kap.org.tr/tr/Pazarlar,6be0fc219ca92df1e22291728efbd9a7a9d200c8d1adaf2f591ede8ed0cbfa8e,Exact as-of source observation; no liquidity filter applied.,HEDEF,,ANA PAZAR,EQUITY,PASS_BORSA_ISTANBUL_KAP_REFERENCE
bist_active_universe_v1,2026-07-29,SEC_c160cde5cf0f,HEKTS,HEKTAŞ TİCARET T.A.Ş.,PAY PİYASASI,YILDIZ PAZAR,EQUITY,True,True,KAP_MARKETS,KAP_MARKET:4028328c550642950155066367d0001b:4028328c6d92933b016e21b838963f42:4028e4a140ee35c00140ee5d194a0055:HEKTS,2026-07-29,https://www.kap.org.tr/tr/Pazarlar,d963fb12bb8ddf37a09b20316dac9d6c663e0a80dfe2c5c91954bfd4ae860f7c,Exact as-of source observation; no liquidity filter applied.,HEKTS,,YILDIZ PAZAR,EQUITY,PASS_BORSA_ISTANBUL_KAP_REFERENCE
bist_active_universe_v1,2026-07-29,SEC_9f5953770301,HKTM,HİDROPAR HAREKET KONTROL TEKNOLOJİLERİ MERKEZİ SANAYİ VE TİCARET A.Ş.,PAY PİYASASI,ANA PAZAR,EQUITY,True,True,KAP_MARKETS,KAP_MARKET:4028328c550642950155066367d0001b:33E5FED802CC00EAE0530A4A622B2AEA:8acae2c5812b84a401816252165513b1:HKTM,2026-07-29,https://www.kap.org.tr/tr/Pazarlar,358ec833cd6acc57787b85ed7a8122e489d31963192cc31acf69471a25b7f6d3,Exact as-of source observation; no liquidity filter applied.,HKTM,,ANA PAZAR,EQUITY,PASS_BORSA_ISTANBUL_KAP_REFERENCE
bist_active_universe_v1,2026-07-29,SEC_449316bb999f,HLGYO,HALK GAYRİMENKUL YATIRIM ORTAKLIĞI A.Ş.,PAY PİYASASI,YILDIZ PAZAR,EQUITY,True,True,KAP_MARKETS,KAP_MARKET:4028328c550642950155066367d0001b:4028328c6d92933b016e21b838963f42:4028e4a240ee37a30140ee53e47c0057:HLGYO,2026-07-29,https://www.kap.org.tr/tr/Pazarlar,f1676479edaef4937c76bd1636d8bc30ff64cedcca7b3263650c8db948d5ff97,Exact as-of source observation; no liquidity filter applied.,HLGYO,,YILDIZ PAZAR,EQUITY,PASS_BORSA_ISTANBUL_KAP_REFERENCE
bist_active_universe_v1,2026-07-29,SEC_ac1d209d12e6,HOROZ,HOROZ LOJİSTİK KARGO HİZMETLERİ VE TİCARET A.Ş.,PAY PİYASASI,ANA PAZAR,EQUITY,True,True,KAP_MARKETS,KAP_MARKET:4028328c550642950155066367d0001b:33E5FED802CC00EAE0530A4A622B2AEA:8acae2c58b2fa64e018fabc0441664a1:HOROZ,2026-07-29,https://www.kap.org.tr/tr/Pazarlar,9b48a5bd412d9048152e5f0d3c01151381a04931c8457a35e3c9661960a7e7e8,Exact as-of source observation; no liquidity filter applied.,HOROZ,,ANA PAZAR,EQUITY,PASS_BORSA_ISTANBUL_KAP_REFERENCE
bist_active_universe_v1,2026-07-29,SEC_f2b5ef2e6940,HRKET,HAREKET PROJE TAŞIMACILIĞI VE YÜK MÜHENDİSLİĞİ A.Ş.,PAY PİYASASI,YILDIZ PAZAR,EQUITY,True,True,KAP_MARKETS,KAP_MARKET:4028328c550642950155066367d0001b:4028328c6d92933b016e21b838963f42:8acae2c48c3efabf018f632d8d082913:HRKET,2026-07-29,https://www.kap.org.tr/tr/Pazarlar,2584cd24c838a6c75386360ac6b2eef64ba7d4b1ec746067113a2c52e209d710,Exact as-of source observation; no liquidity filter applied.,HRKET,,YILDIZ PAZAR,EQUITY,PASS_BORSA_ISTANBUL_KAP_REFERENCE
bist_active_universe_v1,2026-07-29,SEC_c9919c2889b5,HTTBT,HİTİT BİLGİSAYAR HİZMETLERİ A.Ş.,PAY PİYASASI,YILDIZ PAZAR,EQUITY,True,True,KAP_MARKETS,KAP_MARKET:4028328c550642950155066367d0001b:4028328c6d92933b016e21b838963f42:8acae2c57d3bf002017e016f30e442c6:HTTBT,2026-07-29,https://www.kap.org.tr/tr/Pazarlar,b0711bdcb7f5f56db869b38ce304ab7f0e583f3b4fc503cc9461b8ffcb23253e,Exact as-of source observation; no liquidity filter applied.,HTTBT,,YILDIZ PAZAR,EQUITY,PASS_BORSA_ISTANBUL_KAP_REFERENCE
bist_active_universe_v1,2026-07-29,SEC_5909f417ef85,HUBVC,HUB GİRİŞİM SERMAYESİ YATIRIM ORTAKLIĞI A.Ş.,PAY PİYASASI,ALT PAZAR,EQUITY,True,True,KAP_MARKETS,KAP_MARKET:4028328c550642950155066367d0001b:4028328c6d92933b016e21b91b463f54:4028e4a240f2ef4c01413b59d12c0749:HUBVC,2026-07-29,https://www.kap.org.tr/tr/Pazarlar,012f3e18fadd84bd62b717ae30695d4ef2d9850472f18e15ce76b5dee2581cd0,Exact as-of source observation; no liquidity filter applied.,HUBVC,,ALT PAZAR,EQUITY,PASS_BORSA_ISTANBUL_KAP_REFERENCE
bist_active_universe_v1,2026-07-29,SEC_db6a7f31f770,HUNER,HUN YENİLENEBİLİR ENERJİ ÜRETİM A.Ş.,PAY PİYASASI,ANA PAZAR,EQUITY,True,True,KAP_MARKETS,KAP_MARKET:4028328c550642950155066367d0001b:33E5FED802CC00EAE0530A4A622B2AEA:8acae2c47d3bee4e017e347a3f5a5b1a:HUNER,2026-07-29,https://www.kap.org.tr/tr/Pazarlar,42c29c9e00a2c796c0c50162ceb9d0575181cc8ab20f6c7f11f58e4d7789dbd5,Exact as-of source observation; no liquidity filter applied.,HUNER,,ANA PAZAR,EQUITY,PASS_BORSA_ISTANBUL_KAP_REFERENCE
bist_active_universe_v1,2026-07-29,SEC_5b2117d1ab3e,HURGZ,HÜRRİYET GAZETECİLİK VE MATBAACILIK A.Ş.,PAY PİYASASI,ANA PAZAR,EQUITY,True,True,KAP_MARKETS,KAP_MARKET:4028328c550642950155066367d0001b:33E5FED802CC00EAE0530A4A622B2AEA:4028e4a140ee35c70140ee6408650041:HURGZ,2026-07-29,https://www.kap.org.tr/tr/Pazarlar,c22e66f006ff74e48ab3b5b45a53c682a54d7861e85e2d4b14b45ac6f6f2bcfd,Exact as-of source observation; no liquidity filter applied.,HURGZ,,ANA PAZAR,EQUITY,PASS_BORSA_ISTANBUL_KAP_REFERENCE
bist_active_universe_v1,2026-07-29,SEC_1a54d2621526,ICBCT,ICBC TURKEY BANK A.Ş.,PAY PİYASASI,ANA PAZAR,EQUITY,True,True,KAP_MARKETS,KAP_MARKET:4028328c550642950155066367d0001b:33E5FED802CC00EAE0530A4A622B2AEA:4028e4a24158e42401415a700e104f3f:ICBCT,2026-07-29,https://www.kap.org.tr/tr/Pazarlar,a108b98844f892330d7b3e2bdb88862c6b110e9736f8efb64f76244c29d17f6b,Exact as-of source observation; no liquidity filter applied.,ICBCT,,ANA PAZAR,EQUITY,PASS_BORSA_ISTANBUL_KAP_REFERENCE
bist_active_universe_v1,2026-07-29,SEC_36e7e5135be2,ICUGS,ICU GİRİŞİM SERMAYESİ YATIRIM ORTAKLIĞI A.Ş.,PAY PİYASASI,ANA PAZAR,EQUITY,True,True,KAP_MARKETS,KAP_MARKET:4028328c550642950155066367d0001b:33E5FED802CC00EAE0530A4A622B2AEA:4028e4a141e536460141e53ba7790052:ICUGS,2026-07-29,https://www.kap.org.tr/tr/Pazarlar,0a3b048716bfc950f1cdb73f4286b7dab44fad9f35f7eaec52d6649a976f726c,Exact as-of source observation; no liquidity filter applied.,ICUGS,,ANA PAZAR,EQUITY,PASS_BORSA_ISTANBUL_KAP_REFERENCE
bist_active_universe_v1,2026-07-29,SEC_23659cb35b19,IDGYO,İDEALİST GAYRİMENKUL YATIRIM ORTAKLIĞI A.Ş.,PAY PİYASASI,ALT PAZAR,EQUITY,True,True,KAP_MARKETS,KAP_MARKET:4028328c550642950155066367d0001b:4028328c6d92933b016e21b91b463f54:4028e4a14184e9c901419d6d716e6b19:IDGYO,2026-07-29,https://www.kap.org.tr/tr/Pazarlar,6b3242ae662a17cab6a35204816441deda7e2b61387882c9c3578bf9ea9392bf,Exact as-of source observation; no liquidity filter applied.,IDGYO,,ALT PAZAR,EQUITY,PASS_BORSA_ISTANBUL_KAP_REFERENCE
bist_active_universe_v1,2026-07-29,SEC_d03da41ef85d,IEYHO,IŞIKLAR ENERJİ VE YAPI HOLDİNG A.Ş.,PAY PİYASASI,YILDIZ PAZAR,EQUITY,True,True,KAP_MARKETS,KAP_MARKET:4028328c550642950155066367d0001b:4028328c6d92933b016e21b838963f42:4028e4a140f2ed7201410d315d200314:IEYHO,2026-07-29,https://www.kap.org.tr/tr/Pazarlar,a0462592f150863b69872d7e1c0ba1c707b4fd904427701831c7fec60b6e94ed,Exact as-of source observation; no liquidity filter applied.,IEYHO,,YILDIZ PAZAR,EQUITY,PASS_BORSA_ISTANBUL_KAP_REFERENCE
bist_active_universe_v1,2026-07-29,SEC_db8368f68ac4,IHAAS,İHLAS HABER AJANSI A.Ş.,PAY PİYASASI,ANA PAZAR,EQUITY,True,True,KAP_MARKETS,KAP_MARKET:4028328c550642950155066367d0001b:33E5FED802CC00EAE0530A4A622B2AEA:8acae2c57afb2d70017bdf2f5af067ed:IHAAS,2026-07-29,https://www.kap.org.tr/tr/Pazarlar,a88c342ef82af34ff1fb3a043ff3889622784e740ae7fef31a782dbf218a5372,Exact as-of source observation; no liquidity filter applied.,IHAAS,,ANA PAZAR,EQUITY,PASS_BORSA_ISTANBUL_KAP_REFERENCE
bist_active_universe_v1,2026-07-29,SEC_cc2eab23bf2e,IHEVA,İHLAS EV ALETLERİ İMALAT SANAYİ VE TİCARET A.Ş.,PAY PİYASASI,ALT PAZAR,EQUITY,True,True,KAP_MARKETS,KAP_MARKET:4028328c550642950155066367d0001b:4028328c6d92933b016e21b91b463f54:4028e4a240ee37a30140ee7a98160079:IHEVA,2026-07-29,https://www.kap.org.tr/tr/Pazarlar,ad494d0c3a145ee9faf90fa30b0d5cfcdf6df617a9c4f5692b840ce339ff52c5,Exact as-of source observation; no liquidity filter applied.,IHEVA,,ALT PAZAR,EQUITY,PASS_BORSA_ISTANBUL_KAP_REFERENCE
bist_active_universe_v1,2026-07-29,SEC_aa4f1b363b7d,IHGZT,İHLAS GAZETECİLİK A.Ş.,PAY PİYASASI,ANA PAZAR,EQUITY,True,True,KAP_MARKETS,KAP_MARKET:4028328c550642950155066367d0001b:33E5FED802CC00EAE0530A4A622B2AEA:4028e4a140ee84900140f1f8d5bc003c:IHGZT,2026-07-29,https://www.kap.org.tr/tr/Pazarlar,cb8396f50da956676ce57b69b7b622f86cf13e8c984df479b1d00cf3784c7653,Exact as-of source observation; no liquidity filter applied.,IHGZT,,ANA PAZAR,EQUITY,PASS_BORSA_ISTANBUL_KAP_REFERENCE
bist_active_universe_v1,2026-07-29,SEC_e99754a08737,IHLAS,İHLAS HOLDİNG A.Ş.,PAY PİYASASI,YILDIZ PAZAR,EQUITY,True,True,KAP_MARKETS,KAP_MARKET:4028328c550642950155066367d0001b:4028328c6d92933b016e21b838963f42:4028e4a140ee84900140f1fbc6b1004f:IHLAS,2026-07-29,https://www.kap.org.tr/tr/Pazarlar,c6791fe5f27fe14a7d8d8807ab46cf9458d35ff278a1eb6ea4c0f96b60da3d66,Exact as-of source observation; no liquidity filter applied.,IHLAS,,YILDIZ PAZAR,EQUITY,PASS_BORSA_ISTANBUL_KAP_REFERENCE
bist_active_universe_v1,2026-07-29,SEC_bbd63ea5ec6c,IHLGM,İHLAS GAYRİMENKUL PROJE GELİŞTİRME VE TİCARET A.Ş.,PAY PİYASASI,ANA PAZAR,EQUITY,True,True,KAP_MARKETS,KAP_MARKET:4028328c550642950155066367d0001b:33E5FED802CC00EAE0530A4A622B2AEA:4028e4a141a25dcb0141a2a7a0060471:IHLGM,2026-07-29,https://www.kap.org.tr/tr/Pazarlar,62b5cd3d1faf2da5c60054aa8575473dd594283a765b2a74810f102cae2c6c71,Exact as-of source observation; no liquidity filter applied.,IHLGM,,ANA PAZAR,EQUITY,PASS_BORSA_ISTANBUL_KAP_REFERENCE
bist_active_universe_v1,2026-07-29,SEC_e4c5f0b15c89,IHYAY,İHLAS YAYIN HOLDİNG A.Ş.,PAY PİYASASI,ALT PAZAR,EQUITY,True,True,KAP_MARKETS,KAP_MARKET:4028328c550642950155066367d0001b:4028328c6d92933b016e21b91b463f54:4028e4a140ee847b0140f205c4270035:IHYAY,2026-07-29,https://www.kap.org.tr/tr/Pazarlar,3d7c908daa631c167d2ad3ef262df9e29e39d49014d694be786d9db4e61a5733,Exact as-of source observation; no liquidity filter applied.,IHYAY,,ALT PAZAR,EQUITY,PASS_BORSA_ISTANBUL_KAP_REFERENCE
bist_active_universe_v1,2026-07-29,SEC_b71b44f42ab5,IMASM,İMAŞ MAKİNA SANAYİ A.Ş.,PAY PİYASASI,ANA PAZAR,EQUITY,True,True,KAP_MARKETS,KAP_MARKET:4028328c550642950155066367d0001b:33E5FED802CC00EAE0530A4A622B2AEA:8acae2c47f7cb49201802cedfbb46d26:IMASM,2026-07-29,https://www.kap.org.tr/tr/Pazarlar,fbdfc9e85569648ce83d81eff61589599543d776859340f1ce97cdd70988dc2b,Exact as-of source observation; no liquidity filter applied.,IMASM,,ANA PAZAR,EQUITY,PASS_BORSA_ISTANBUL_KAP_REFERENCE
bist_active_universe_v1,2026-07-29,SEC_6fb296890e26,INDES,İNDEKS BİLGİSAYAR SİSTEMLERİ MÜHENDİSLİK SANAYİ VE TİCARET A.Ş.,PAY PİYASASI,YILDIZ PAZAR,EQUITY,True,True,KAP_MARKETS,KAP_MARKET:4028328c550642950155066367d0001b:4028328c6d92933b016e21b838963f42:4028e4a2416e697d01416ead8a0615a7:INDES,2026-07-29,https://www.kap.org.tr/tr/Pazarlar,8dd767b81b55c8632b96aa7cbd8ed772a085886602b76ca570da5b9a0170b497,Exact as-of source observation; no liquidity filter applied.,INDES,,YILDIZ PAZAR,EQUITY,PASS_BORSA_ISTANBUL_KAP_REFERENCE
bist_active_universe_v1,2026-07-29,SEC_09e146cb6e9f,INFO,İNFO YATIRIM MENKUL DEĞERLER A.Ş.,PAY PİYASASI,ANA PAZAR,EQUITY,True,True,KAP_MARKETS,KAP_MARKET:4028328c550642950155066367d0001b:33E5FED802CC00EAE0530A4A622B2AEA:4028e4a2416e696c01416edd30ca3148:INFO,2026-07-29,https://www.kap.org.tr/tr/Pazarlar,2f934a0264bd3e04609242f8d6ccf341b3f34b53f0c5a16f0b8a33657b6a1d91,Exact as-of source observation; no liquidity filter applied.,INFO,,ANA PAZAR,EQUITY,PASS_BORSA_ISTANBUL_KAP_REFERENCE
bist_active_universe_v1,2026-07-29,SEC_55671192402b,INGRM,INGRAM MİCRO BİLİŞİM SİSTEMLERİ A.Ş.,PAY PİYASASI,ANA PAZAR,EQUITY,True,True,KAP_MARKETS,KAP_MARKET:4028328c550642950155066367d0001b:33E5FED802CC00EAE0530A4A622B2AEA:4028e4a241462fd80141556f6a9308a2:INGRM,2026-07-29,https://www.kap.org.tr/tr/Pazarlar,17d3fc05d2d39fde1fce3185962b4e776f416ba40318c09fa83c3aa9471ce59c,Exact as-of source observation; no liquidity filter applied.,INGRM,,ANA PAZAR,EQUITY,PASS_BORSA_ISTANBUL_KAP_REFERENCE
bist_active_universe_v1,2026-07-29,SEC_9526c3ca15be,INTEK,İNNOSA TEKNOLOJİ A.Ş.,PAY PİYASASI,PİYASA ÖNCESİ İŞLEM PLATFORMU,EQUITY,True,True,KAP_MARKETS,KAP_MARKET:4028328c550642950155066367d0001b:33E5FED802B000EAE0530A4A622B2AEA:402821824bf524dc014bff15df9f2027:INTEK,2026-07-29,https://www.kap.org.tr/tr/Pazarlar,bdbb46fe9c34ade92e1a200ada39f0807d5c303999fc513e120806c42eedfeae,Exact as-of source observation; no liquidity filter applied.,INTEK,,PİYASA ÖNCESİ İŞLEM PLATFORMU,EQUITY,PASS_BORSA_ISTANBUL_KAP_REFERENCE
bist_active_universe_v1,2026-07-29,SEC_54408e4084fd,INTEM,İNTEMA İNŞAAT VE TESİSAT MALZEMELERİ YATIRIM VE PAZARLAMA A.Ş.,PAY PİYASASI,ANA PAZAR,EQUITY,True,True,KAP_MARKETS,KAP_MARKET:4028328c550642950155066367d0001b:33E5FED802CC00EAE0530A4A622B2AEA:4028e4a241e538b40141e572868704e7:INTEM,2026-07-29,https://www.kap.org.tr/tr/Pazarlar,8d84097f2b542fab5acd19e0314b8e4bd9964953398a2508f11e70c032b77090,Exact as-of source observation; no liquidity filter applied.,INTEM,,ANA PAZAR,EQUITY,PASS_BORSA_ISTANBUL_KAP_REFERENCE
bist_active_universe_v1,2026-07-29,SEC_92b3c89c8856,INVEO,INVEO YATIRIM HOLDİNG A.Ş.,PAY PİYASASI,YILDIZ PAZAR,EQUITY,True,True,KAP_MARKETS,KAP_MARKET:4028328c550642950155066367d0001b:4028328c6d92933b016e21b838963f42:4028e4a140f2ed7201413b67b22f0929:INVEO,2026-07-29,https://www.kap.org.tr/tr/Pazarlar,a957cae601d69da41c91e812006aa737576abecdfb61b7905e133629c40e125f,Exact as-of source observation; no liquidity filter applied.,INVEO,,YILDIZ PAZAR,EQUITY,PASS_BORSA_ISTANBUL_KAP_REFERENCE
bist_active_universe_v1,2026-07-29,SEC_2fd9064b4ff4,INVES,INVESTCO HOLDİNG A.Ş.,PAY PİYASASI,YILDIZ PAZAR,EQUITY,True,True,KAP_MARKETS,KAP_MARKET:4028328c550642950155066367d0001b:4028328c6d92933b016e21b838963f42:8acae2c47d3bee50017f0bbbbbfa3c0e:INVES,2026-07-29,https://www.kap.org.tr/tr/Pazarlar,35e79508fba2790e41674d8d1ba311c4234d7cd84bb290b16521aecf55c5614a,Exact as-of source observation; no liquidity filter applied.,INVES,,YILDIZ PAZAR,EQUITY,PASS_BORSA_ISTANBUL_KAP_REFERENCE
bist_active_universe_v1,2026-07-29,SEC_96df91e1483a,ISATR,TÜRKİYE İŞ BANKASI A.Ş.,PAY PİYASASI,ALT PAZAR,EQUITY,True,True,KAP_MARKETS,KAP_MARKET:4028328c550642950155066367d0001b:4028328c6d92933b016e21b91b463f54:4028e4a140f2ed7201411682b0cb05c6:ISATR,2026-07-29,https://www.kap.org.tr/tr/Pazarlar,4cac891f9e40234600d4a6e3d814417ed1cb81d47243023d801f7e8c4a46e8d7,Exact as-of source observation; no liquidity filter applied.,ISATR,,ALT PAZAR,EQUITY,PASS_BORSA_ISTANBUL_KAP_REFERENCE
bist_active_universe_v1,2026-07-29,SEC_d72349238272,ISBIR,İŞBİR HOLDİNG A.Ş.,PAY PİYASASI,PİYASA ÖNCESİ İŞLEM PLATFORMU,EQUITY,True,True,KAP_MARKETS,KAP_MARKET:4028328c550642950155066367d0001b:33E5FED802B000EAE0530A4A622B2AEA:4028e4a240f2ef4c0141017954a000b4:ISBIR,2026-07-29,https://www.kap.org.tr/tr/Pazarlar,49163c110fbb98bafaaa755f18b11fde326b9252458e123befaca26f8d6f665b,Exact as-of source observation; no liquidity filter applied.,ISBIR,,PİYASA ÖNCESİ İŞLEM PLATFORMU,EQUITY,PASS_BORSA_ISTANBUL_KAP_REFERENCE
bist_active_universe_v1,2026-07-29,SEC_c2f581393e4b,ISBTR,TÜRKİYE İŞ BANKASI A.Ş.,PAY PİYASASI,ALT PAZAR,EQUITY,True,True,KAP_MARKETS,KAP_MARKET:4028328c550642950155066367d0001b:4028328c6d92933b016e21b91b463f54:4028e4a140f2ed7201411682b0cb05c6:ISBTR,2026-07-29,https://www.kap.org.tr/tr/Pazarlar,12b2ea24cb726f2569b899c486e8b53e9b7c51690fbfc7ce5861e248bfd1b540,Exact as-of source observation; no liquidity filter applied.,ISBTR,,ALT PAZAR,EQUITY,PASS_BORSA_ISTANBUL_KAP_REFERENCE
bist_active_universe_v1,2026-07-29,SEC_9ae3a386560b,ISCTR,TÜRKİYE İŞ BANKASI A.Ş.,PAY PİYASASI,YILDIZ PAZAR,EQUITY,True,True,KAP_MARKETS,KAP_MARKET:4028328c550642950155066367d0001b:4028328c6d92933b016e21b838963f42:4028e4a140f2ed7201411682b0cb05c6:ISCTR,2026-07-29,https://www.kap.org.tr/tr/Pazarlar,5ff163a5050ae801b6b1a05a257921986f6a9fd82f54369409aceec9f886a450,Exact as-of source observation; no liquidity filter applied.,ISCTR,,YILDIZ PAZAR,EQUITY,PASS_BORSA_ISTANBUL_KAP_REFERENCE
bist_active_universe_v1,2026-07-29,SEC_affebda53dce,ISDMR,İSKENDERUN DEMİR VE ÇELİK A.Ş.,PAY PİYASASI,YILDIZ PAZAR,EQUITY,True,True,KAP_MARKETS,KAP_MARKET:4028328c550642950155066367d0001b:4028328c6d92933b016e21b838963f42:4028e4a2416e696c01416ee8eb7b3770:ISDMR,2026-07-29,https://www.kap.org.tr/tr/Pazarlar,58488b40071f215046fbd995c0e9b8119649f963c0bd64a45dc528f3776c66f2,Exact as-of source observation; no liquidity filter applied.,ISDMR,,YILDIZ PAZAR,EQUITY,PASS_BORSA_ISTANBUL_KAP_REFERENCE
bist_active_universe_v1,2026-07-29,SEC_b1fabd3c95c9,ISFIN,İŞ FİNANSAL KİRALAMA A.Ş.,PAY PİYASASI,YILDIZ PAZAR,EQUITY,True,True,KAP_MARKETS,KAP_MARKET:4028328c550642950155066367d0001b:4028328c6d92933b016e21b838963f42:4028e4a140f2ed7101410d272d690188:ISFIN,2026-07-29,https://www.kap.org.tr/tr/Pazarlar,f82e310cf8d971f57c273c607e1ff298a79573eb7841e0e1da6a2e21f2298fba,Exact as-of source observation; no liquidity filter applied.,ISFIN,,YILDIZ PAZAR,EQUITY,PASS_BORSA_ISTANBUL_KAP_REFERENCE
bist_active_universe_v1,2026-07-29,SEC_53505c04587f,ISGSY,İŞ GİRİŞİM SERMAYESİ YATIRIM ORTAKLIĞI A.Ş.,PAY PİYASASI,ANA PAZAR,EQUITY,True,True,KAP_MARKETS,KAP_MARKET:4028328c550642950155066367d0001b:33E5FED802CC00EAE0530A4A622B2AEA:4028e4a240ee866c0140f273ea66014d:ISGSY,2026-07-29,https://www.kap.org.tr/tr/Pazarlar,f2e8099319aa4a032467f35ff6b7f35bf2106fd96e31721b43c64af0b39490cf,Exact as-of source observation; no liquidity filter applied.,ISGSY,,ANA PAZAR,EQUITY,PASS_BORSA_ISTANBUL_KAP_REFERENCE
bist_active_universe_v1,2026-07-29,SEC_f123abe79edb,ISGYO,İŞ GAYRİMENKUL YATIRIM ORTAKLIĞI A.Ş.,PAY PİYASASI,YILDIZ PAZAR,EQUITY,True,True,KAP_MARKETS,KAP_MARKET:4028328c550642950155066367d0001b:4028328c6d92933b016e21b838963f42:4028e4a140f2ed7201412acbeb8b06f7:ISGYO,2026-07-29,https://www.kap.org.tr/tr/Pazarlar,fa8ca32a3a920e34f477aaa5560988d410c64a371ba4a0936bb9eef5b434df5a,Exact as-of source observation; no liquidity filter applied.,ISGYO,,YILDIZ PAZAR,EQUITY,PASS_BORSA_ISTANBUL_KAP_REFERENCE
bist_active_universe_v1,2026-07-29,SEC_d4a012a88d1c,ISKPL,IŞIK PLASTİK SANAYİ VE DIŞ TİCARET PAZARLAMA A.Ş.,PAY PİYASASI,YILDIZ PAZAR,EQUITY,True,True,KAP_MARKETS,KAP_MARKET:4028328c550642950155066367d0001b:4028328c6d92933b016e21b838963f42:8acae2c575a1b5b601770603623b7c43:ISKPL,2026-07-29,https://www.kap.org.tr/tr/Pazarlar,dd3bbe8536c34d20d7de17adb33c3f067dadbc2a35ad65f2c63641b87020e6a1,Exact as-of source observation; no liquidity filter applied.,ISKPL,,YILDIZ PAZAR,EQUITY,PASS_BORSA_ISTANBUL_KAP_REFERENCE
bist_active_universe_v1,2026-07-29,SEC_748858b95d82,ISKUR,TÜRKİYE İŞ BANKASI A.Ş.,PAY PİYASASI,ALT PAZAR,EQUITY,True,True,KAP_MARKETS,KAP_MARKET:4028328c550642950155066367d0001b:4028328c6d92933b016e21b91b463f54:4028e4a140f2ed7201411682b0cb05c6:ISKUR,2026-07-29,https://www.kap.org.tr/tr/Pazarlar,b67c5efcaae1a79ba583dd85da2b798381b15086551a7b1342482157afafd7e2,Exact as-of source observation; no liquidity filter applied.,ISKUR,,ALT PAZAR,EQUITY,PASS_BORSA_ISTANBUL_KAP_REFERENCE
bist_active_universe_v1,2026-07-29,SEC_c04437013f1a,ISMEN,İŞ YATIRIM MENKUL DEĞERLER A.Ş.,PAY PİYASASI,YILDIZ PAZAR,EQUITY,True,True,KAP_MARKETS,KAP_MARKET:4028328c550642950155066367d0001b:4028328c6d92933b016e21b838963f42:4028e4a140f275530140f277aa100008:ISMEN,2026-07-29,https://www.kap.org.tr/tr/Pazarlar,fb5c40a9e4d59f066fb07f482bc8be85be8cef9207ae55330ffb6d394eef89ed,Exact as-of source observation; no liquidity filter applied.,ISMEN,,YILDIZ PAZAR,EQUITY,PASS_BORSA_ISTANBUL_KAP_REFERENCE
bist_active_universe_v1,2026-07-29,SEC_ac18ee5ff775,ISSEN,İŞBİR SENTETİK DOKUMA SANAYİ A.Ş.,PAY PİYASASI,ANA PAZAR,EQUITY,True,True,KAP_MARKETS,KAP_MARKET:4028328c550642950155066367d0001b:33E5FED802CC00EAE0530A4A622B2AEA:8acae2c452495e0b0152ef57ae190f85:ISSEN,2026-07-29,https://www.kap.org.tr/tr/Pazarlar,a730e05575a352ced4fdbb38f625fa556a7187164f72002ca9b94ef586c26dc4,Exact as-of source observation; no liquidity filter applied.,ISSEN,,ANA PAZAR,EQUITY,PASS_BORSA_ISTANBUL_KAP_REFERENCE
bist_active_universe_v1,2026-07-29,SEC_0da0a20706d7,ISVEA,İSVEA SERAMİK VE BANYO ÜRÜNLERİ SANAYİ A.Ş.,PAY PİYASASI,ANA PAZAR,EQUITY,True,True,KAP_MARKETS,KAP_MARKET:4028328c550642950155066367d0001b:33E5FED802CC00EAE0530A4A622B2AEA:8acae2c59ee1b2d8019eff2b840a0df8:ISVEA,2026-07-29,https://www.kap.org.tr/tr/Pazarlar,c870c0b97dc2022c9d1bf7c11acaf22d4fcef66b2af1a1f4fc53a4f172aeab7d,Exact as-of source observation; no liquidity filter applied.,ISVEA,,ANA PAZAR,EQUITY,PASS_BORSA_ISTANBUL_KAP_REFERENCE
bist_active_universe_v1,2026-07-29,SEC_7da6b0aa5d3b,ISYAT,İŞ YATIRIM ORTAKLIĞI A.Ş.,PAY PİYASASI,ANA PAZAR,EQUITY,True,True,KAP_MARKETS,KAP_MARKET:4028328c550642950155066367d0001b:33E5FED802CC00EAE0530A4A622B2AEA:4028e4a240ee866c0140f2710c33013d:ISYAT,2026-07-29,https://www.kap.org.tr/tr/Pazarlar,0bd584761037bb293a3611c542de3795a016d8d3bdc9d44aa0dd711c9057766b,Exact as-of source observation; no liquidity filter applied.,ISYAT,,ANA PAZAR,EQUITY,PASS_BORSA_ISTANBUL_KAP_REFERENCE
bist_active_universe_v1,2026-07-29,SEC_013bd44cb6f7,IZENR,İZDEMİR ENERJİ ELEKTRİK ÜRETİM A.Ş.,PAY PİYASASI,YILDIZ PAZAR,EQUITY,True,True,KAP_MARKETS,KAP_MARKET:4028328c550642950155066367d0001b:4028328c6d92933b016e21b838963f42:8acae2c5534651ff0153612ea22a02ec:IZENR,2026-07-29,https://www.kap.org.tr/tr/Pazarlar,81976c68b386e04967ca8eaaeee75bf00f99d376c657e010c30ee925d77e88c1,Exact as-of source observation; no liquidity filter applied.,IZENR,,YILDIZ PAZAR,EQUITY,PASS_BORSA_ISTANBUL_KAP_REFERENCE
bist_active_universe_v1,2026-07-29,SEC_e1812e6d9708,IZFAS,İZMİR FIRÇA SANAYİ VE TİCARET A.Ş.,PAY PİYASASI,ANA PAZAR,EQUITY,True,True,KAP_MARKETS,KAP_MARKET:4028328c550642950155066367d0001b:33E5FED802CC00EAE0530A4A622B2AEA:4028e4a146b4c41301485f8c72095698:IZFAS,2026-07-29,https://www.kap.org.tr/tr/Pazarlar,f98fa9cf6422f8375e8ceb406277151c5d8a24e580b97c7885aad0c62629ed2c,Exact as-of source observation; no liquidity filter applied.,IZFAS,,ANA PAZAR,EQUITY,PASS_BORSA_ISTANBUL_KAP_REFERENCE
bist_active_universe_v1,2026-07-29,SEC_821d05bc35f1,IZINV,İZ YATIRIM HOLDİNG A.Ş.,PAY PİYASASI,ANA PAZAR,EQUITY,True,True,KAP_MARKETS,KAP_MARKET:4028328c550642950155066367d0001b:33E5FED802CC00EAE0530A4A622B2AEA:1DE05DAA82FC073AE0530A4A622A2EBD:IZINV,2026-07-29,https://www.kap.org.tr/tr/Pazarlar,a3aaaeba61fc934169ab57f138bb08f05fe7365c2c2db441976005905c5a7a5b,Exact as-of source observation; no liquidity filter applied.,IZINV,,ANA PAZAR,EQUITY,PASS_BORSA_ISTANBUL_KAP_REFERENCE
bist_active_universe_v1,2026-07-29,SEC_0613c2808930,IZMDC,İZMİR DEMİR ÇELİK SANAYİ A.Ş.,PAY PİYASASI,ANA PAZAR,EQUITY,True,True,KAP_MARKETS,KAP_MARKET:4028328c550642950155066367d0001b:33E5FED802CC00EAE0530A4A622B2AEA:4028e4a140f275550140f27e319401ca:IZMDC,2026-07-29,https://www.kap.org.tr/tr/Pazarlar,802eaf780c165c93f7ed906f3b4d9a163aaa81dc939e6dc8cc49571f725cb259,Exact as-of source observation; no liquidity filter applied.,IZMDC,,ANA PAZAR,EQUITY,PASS_BORSA_ISTANBUL_KAP_REFERENCE
bist_active_universe_v1,2026-07-29,SEC_1ef075053fab,JANTS,JANTSA JANT SANAYİ VE TİCARET A.Ş.,PAY PİYASASI,ANA PAZAR,EQUITY,True,True,KAP_MARKETS,KAP_MARKET:4028328c550642950155066367d0001b:33E5FED802CC00EAE0530A4A622B2AEA:4028e4a240f2ef4c01413b1b57300719:JANTS,2026-07-29,https://www.kap.org.tr/tr/Pazarlar,fb8a5f2ed7b9d607f83e3f11cb69bcdf165a4c30e154c8d7e41b6e7899dd850e,Exact as-of source observation; no liquidity filter applied.,JANTS,,ANA PAZAR,EQUITY,PASS_BORSA_ISTANBUL_KAP_REFERENCE
bist_active_universe_v1,2026-07-29,SEC_e8b0f4236c93,KAPLM,KAPLAMİN AMBALAJ SANAYİ VE TİCARET A.Ş.,PAY PİYASASI,ANA PAZAR,EQUITY,True,True,KAP_MARKETS,KAP_MARKET:4028328c550642950155066367d0001b:33E5FED802CC00EAE0530A4A622B2AEA:4028e4a1416e696501416f314a3960dc:KAPLM,2026-07-29,https://www.kap.org.tr/tr/Pazarlar,123be4ed6ecaef9f59f5eae2c8309295489355039fb9502119eba0363406176a,Exact as-of source observation; no liquidity filter applied.,KAPLM,,ANA PAZAR,EQUITY,PASS_BORSA_ISTANBUL_KAP_REFERENCE
bist_active_universe_v1,2026-07-29,SEC_4d34f26198b8,KAREL,KAREL ELEKTRONİK SANAYİ VE TİCARET A.Ş.,PAY PİYASASI,YILDIZ PAZAR,EQUITY,True,True,KAP_MARKETS,KAP_MARKET:4028328c550642950155066367d0001b:4028328c6d92933b016e21b838963f42:4028e4a246b4c5a90147d42c754a6bba:KAREL,2026-07-29,https://www.kap.org.tr/tr/Pazarlar,04594b4d7ed22e072ccfd1988dcad1c3bf95ce9f5e9d43c499610859747f7d4d,Exact as-of source observation; no liquidity filter applied.,KAREL,,YILDIZ PAZAR,EQUITY,PASS_BORSA_ISTANBUL_KAP_REFERENCE
bist_active_universe_v1,2026-07-29,SEC_7b35516b9b98,KARSN,KARSAN OTOMOTİV SANAYİİ VE TİCARET A.Ş.,PAY PİYASASI,YILDIZ PAZAR,EQUITY,True,True,KAP_MARKETS,KAP_MARKET:4028328c550642950155066367d0001b:4028328c6d92933b016e21b838963f42:4028e4a140f275530140f2e357a501f7:KARSN,2026-07-29,https://www.kap.org.tr/tr/Pazarlar,c8ce53a199223331ccd27c52a787ec0021ea4611ab53727752c1dbecb9b0f9a5,Exact as-of source observation; no liquidity filter applied.,KARSN,,YILDIZ PAZAR,EQUITY,PASS_BORSA_ISTANBUL_KAP_REFERENCE
bist_active_universe_v1,2026-07-29,SEC_45a56cebc1e2,KARTN,KARTONSAN KARTON SANAYİ VE TİCARET A.Ş.,PAY PİYASASI,ANA PAZAR,EQUITY,True,True,KAP_MARKETS,KAP_MARKET:4028328c550642950155066367d0001b:33E5FED802CC00EAE0530A4A622B2AEA:4028e4a2416e697d01416e969af50d2e:KARTN,2026-07-29,https://www.kap.org.tr/tr/Pazarlar,ab9e7a8ecca592ca4f74944ac6f50388a8a80caa6859302702a78689335a00bf,Exact as-of source observation; no liquidity filter applied.,KARTN,,ANA PAZAR,EQUITY,PASS_BORSA_ISTANBUL_KAP_REFERENCE
bist_active_universe_v1,2026-07-29,SEC_86d63c3b1ac1,KATMR,KATMERCİLER ARAÇ ÜSTÜ EKİPMAN SANAYİ VE TİCARET A.Ş.,PAY PİYASASI,YILDIZ PAZAR,EQUITY,True,True,KAP_MARKETS,KAP_MARKET:4028328c550642950155066367d0001b:4028328c6d92933b016e21b838963f42:4028e4a14184e9cf01419c001e945a74:KATMR,2026-07-29,https://www.kap.org.tr/tr/Pazarlar,44a1c35221ee419869eb7a704678e716cde7731f348e778874f52c9d7c374d1a,Exact as-of source observation; no liquidity filter applied.,KATMR,,YILDIZ PAZAR,EQUITY,PASS_BORSA_ISTANBUL_KAP_REFERENCE
bist_active_universe_v1,2026-07-29,SEC_7f7eec5107e3,KAYSE,KAYSERİ ŞEKER FABRİKASI A.Ş.,PAY PİYASASI,YILDIZ PAZAR,EQUITY,True,True,KAP_MARKETS,KAP_MARKET:4028328c550642950155066367d0001b:4028328c6d92933b016e21b838963f42:4028e4a144a0804f0145a837a7ad0a66:KAYSE,2026-07-29,https://www.kap.org.tr/tr/Pazarlar,c7b9f984dc3ae47aafab5f70a844a0bcdd9ea450eb6c16cb8749bf0cc209d30c,Exact as-of source observation; no liquidity filter applied.,KAYSE,,YILDIZ PAZAR,EQUITY,PASS_BORSA_ISTANBUL_KAP_REFERENCE
bist_active_universe_v1,2026-07-29,SEC_8afe07035220,KBORU,KUZEY BORU A.Ş.,PAY PİYASASI,YILDIZ PAZAR,EQUITY,True,True,KAP_MARKETS,KAP_MARKET:4028328c550642950155066367d0001b:4028328c6d92933b016e21b838963f42:8acae2c48b2fa259018c33b3ca910ba8:KBORU,2026-07-29,https://www.kap.org.tr/tr/Pazarlar,154113e3ad153a1dcc19dcb527b612815981449d18a8964609fb05a1f6a45992,Exact as-of source observation; no liquidity filter applied.,KBORU,,YILDIZ PAZAR,EQUITY,PASS_BORSA_ISTANBUL_KAP_REFERENCE
bist_active_universe_v1,2026-07-29,SEC_76f7374d52c5,KCAER,KOCAER ÇELİK SANAYİ VE TİCARET A.Ş.,PAY PİYASASI,YILDIZ PAZAR,EQUITY,True,True,KAP_MARKETS,KAP_MARKET:4028328c550642950155066367d0001b:4028328c6d92933b016e21b838963f42:4028e4a2416f888d01416f9ea04a058f:KCAER,2026-07-29,https://www.kap.org.tr/tr/Pazarlar,ccb45ce9c4c4c2d1ad1ffea10e0eff0bf3a3e522f3d71b3288e31ddfc906286f,Exact as-of source observation; no liquidity filter applied.,KCAER,,YILDIZ PAZAR,EQUITY,PASS_BORSA_ISTANBUL_KAP_REFERENCE
bist_active_universe_v1,2026-07-29,SEC_73f2a0593a9a,KCHOL,KOÇ HOLDİNG A.Ş.,PAY PİYASASI,YILDIZ PAZAR,EQUITY,True,True,KAP_MARKETS,KAP_MARKET:4028328c550642950155066367d0001b:4028328c6d92933b016e21b838963f42:4028e4a140f2ed710140f2f4d6c70039:KCHOL,2026-07-29,https://www.kap.org.tr/tr/Pazarlar,a4d6ab78f074aa3aca7866b61a46d67e4090ec332b14c7794499a1fe98dd466c,Exact as-of source observation; no liquidity filter applied.,KCHOL,,YILDIZ PAZAR,EQUITY,PASS_BORSA_ISTANBUL_KAP_REFERENCE
bist_active_universe_v1,2026-07-29,SEC_abd53b1f0b7a,KENT,KENT GIDA MADDELERİ SANAYİİ VE TİCARET A.Ş.,PAY PİYASASI,PİYASA ÖNCESİ İŞLEM PLATFORMU,EQUITY,True,True,KAP_MARKETS,KAP_MARKET:4028328c550642950155066367d0001b:33E5FED802B000EAE0530A4A622B2AEA:4028e4a14184e9cf01419c41a8125db1:KENT,2026-07-29,https://www.kap.org.tr/tr/Pazarlar,e5af184262e65a5c64e61a20bf6bc852b0e9540397f4bf3fef2a6f8d62518b6f,Exact as-of source observation; no liquidity filter applied.,KENT,,PİYASA ÖNCESİ İŞLEM PLATFORMU,EQUITY,PASS_BORSA_ISTANBUL_KAP_REFERENCE
bist_active_universe_v1,2026-07-29,SEC_d9178ee6f5ba,KERVN,KERVANSARAY YATIRIM HOLDİNG A.Ş.,PAY PİYASASI,YAKIN İZLEME PAZARI,EQUITY,True,True,KAP_MARKETS,KAP_MARKET:4028328c550642950155066367d0001b:33E5FED802BE00EAE0530A4A622B2AEA:4028e4a1415f4d9901416004afc13142:KERVN,2026-07-29,https://www.kap.org.tr/tr/Pazarlar,09f33645320b5e77a685fb31ef4563cf24f65341b9b25510969b5022df431558,Exact as-of source observation; no liquidity filter applied.,KERVN,,YAKIN İZLEME PAZARI,EQUITY,PASS_BORSA_ISTANBUL_KAP_REFERENCE
bist_active_universe_v1,2026-07-29,SEC_f3a84c6b62b5,KFEIN,KAFEİN YAZILIM HİZMETLERİ TİCARET A.Ş.,PAY PİYASASI,ANA PAZAR,EQUITY,True,True,KAP_MARKETS,KAP_MARKET:4028328c550642950155066367d0001b:33E5FED802CC00EAE0530A4A622B2AEA:8acae2c55835f84c015848477328085a:KFEIN,2026-07-29,https://www.kap.org.tr/tr/Pazarlar,8bcdc6e4c467ac4937945f2433db19be6440a6ac255b1cd5aa4591257bb5f99b,Exact as-of source observation; no liquidity filter applied.,KFEIN,,ANA PAZAR,EQUITY,PASS_BORSA_ISTANBUL_KAP_REFERENCE
bist_active_universe_v1,2026-07-29,SEC_9c6e891dd808,KGYO,KORAY GAYRİMENKUL YATIRIM ORTAKLIĞI A.Ş.,PAY PİYASASI,ANA PAZAR,EQUITY,True,True,KAP_MARKETS,KAP_MARKET:4028328c550642950155066367d0001b:33E5FED802CC00EAE0530A4A622B2AEA:4028e4a240f2ef4c0141176f57ca04a5:KGYO,2026-07-29,https://www.kap.org.tr/tr/Pazarlar,3f155a32bd8cdb114cde1f904396502cd70443d26ea2303bb96a7ce58a40e6de,Exact as-of source observation; no liquidity filter applied.,KGYO,,ANA PAZAR,EQUITY,PASS_BORSA_ISTANBUL_KAP_REFERENCE
bist_active_universe_v1,2026-07-29,SEC_ac0d8503f91d,KIMMR,ERSAN ALIŞVERİŞ HİZMETLERİ VE GIDA SANAYİ TİCARET A.Ş.,PAY PİYASASI,ANA PAZAR,EQUITY,True,True,KAP_MARKETS,KAP_MARKET:4028328c550642950155066367d0001b:33E5FED802CC00EAE0530A4A622B2AEA:8acae2c5794d3d6a01795f597b820707:KIMMR,2026-07-29,https://www.kap.org.tr/tr/Pazarlar,bb9148a4ae82671cff96ce2b990245ea7a1868115802d45d81b8bf1f0f76ba91,Exact as-of source observation; no liquidity filter applied.,KIMMR,,ANA PAZAR,EQUITY,PASS_BORSA_ISTANBUL_KAP_REFERENCE
bist_active_universe_v1,2026-07-29,SEC_f936bb22df1d,KLGYO,KİLER GAYRİMENKUL YATIRIM ORTAKLIĞI A.Ş.,PAY PİYASASI,YILDIZ PAZAR,EQUITY,True,True,KAP_MARKETS,KAP_MARKET:4028328c550642950155066367d0001b:4028328c6d92933b016e21b838963f42:4028e4a2415f4f8101415f7009a809a2:KLGYO,2026-07-29,https://www.kap.org.tr/tr/Pazarlar,c5faffd1ab99aeb71cee2ea9505a94ddda9d5c93bd4d7d0e475ea4811ac09f17,Exact as-of source observation; no liquidity filter applied.,KLGYO,,YILDIZ PAZAR,EQUITY,PASS_BORSA_ISTANBUL_KAP_REFERENCE
bist_active_universe_v1,2026-07-29,SEC_e70c5fd7131e,KLKIM,KALEKİM KİMYEVİ MADDELER SANAYİ VE TİCARET A.Ş.,PAY PİYASASI,YILDIZ PAZAR,EQUITY,True,True,KAP_MARKETS,KAP_MARKET:4028328c550642950155066367d0001b:4028328c6d92933b016e21b838963f42:4028e4a144a0804f01452d35e88a3208:KLKIM,2026-07-29,https://www.kap.org.tr/tr/Pazarlar,4db96448454f9bac008e5267c56d505b98c4098c7e2034a158b004302727bc92,Exact as-of source observation; no liquidity filter applied.,KLKIM,,YILDIZ PAZAR,EQUITY,PASS_BORSA_ISTANBUL_KAP_REFERENCE
bist_active_universe_v1,2026-07-29,SEC_45565fd83ccf,KLMSN,KLİMASAN KLİMA SANAYİ VE TİCARET A.Ş.,PAY PİYASASI,ANA PAZAR,EQUITY,True,True,KAP_MARKETS,KAP_MARKET:4028328c550642950155066367d0001b:33E5FED802CC00EAE0530A4A622B2AEA:4028e4a2416e696c01416f7763e874db:KLMSN,2026-07-29,https://www.kap.org.tr/tr/Pazarlar,c8db5aa65b8b8e6caed044aa4cbe41a51e1c5c1879ea1d853af4deae2f47d5c5,Exact as-of source observation; no liquidity filter applied.,KLMSN,,ANA PAZAR,EQUITY,PASS_BORSA_ISTANBUL_KAP_REFERENCE
bist_active_universe_v1,2026-07-29,SEC_eb9d666e2ede,KLNMA,TÜRKİYE KALKINMA VE YATIRIM BANKASI A.Ş.,PAY PİYASASI,PİYASA ÖNCESİ İŞLEM PLATFORMU,EQUITY,True,True,KAP_MARKETS,KAP_MARKET:4028328c550642950155066367d0001b:33E5FED802B000EAE0530A4A622B2AEA:4028e4a14158e41e01415b2dc3476cf4:KLNMA,2026-07-29,https://www.kap.org.tr/tr/Pazarlar,6db0fbfa55c0d015237a38648cf0f14d1fd8c56edc7e1f698864c35f80b73591,Exact as-of source observation; no liquidity filter applied.,KLNMA,,PİYASA ÖNCESİ İŞLEM PLATFORMU,EQUITY,PASS_BORSA_ISTANBUL_KAP_REFERENCE
bist_active_universe_v1,2026-07-29,SEC_3f7b77fd2160,KLRHO,KİLER HOLDİNG A.Ş.,PAY PİYASASI,YILDIZ PAZAR,EQUITY,True,True,KAP_MARKETS,KAP_MARKET:4028328c550642950155066367d0001b:4028328c6d92933b016e21b838963f42:4028e4a1415f4d990141600b4b5331e2:KLRHO,2026-07-29,https://www.kap.org.tr/tr/Pazarlar,3b6644283434e47ddcb73953a3a6114e2016a5605720a458be81dc934b4d3f0f,Exact as-of source observation; no liquidity filter applied.,KLRHO,,YILDIZ PAZAR,EQUITY,PASS_BORSA_ISTANBUL_KAP_REFERENCE
bist_active_universe_v1,2026-07-29,SEC_9bca4484246e,KLSER,KALESERAMİK ÇANAKKALE KALEBODUR SERAMİK SANAYİ A.Ş.,PAY PİYASASI,YILDIZ PAZAR,EQUITY,True,True,KAP_MARKETS,KAP_MARKET:4028328c550642950155066367d0001b:4028328c6d92933b016e21b838963f42:4028e4a140f275550140f285f6cf0246:KLSER,2026-07-29,https://www.kap.org.tr/tr/Pazarlar,38ba9503da5b686d1605471d3ed7286b918ab716d1e2b1117425d88f275754e5,Exact as-of source observation; no liquidity filter applied.,KLSER,,YILDIZ PAZAR,EQUITY,PASS_BORSA_ISTANBUL_KAP_REFERENCE
bist_active_universe_v1,2026-07-29,SEC_41b6e547c594,KLSYN,KOLEKSİYON MOBİLYA SANAYİ A.Ş.,PAY PİYASASI,ANA PAZAR,EQUITY,True,True,KAP_MARKETS,KAP_MARKET:4028328c550642950155066367d0001b:33E5FED802CC00EAE0530A4A622B2AEA:402821814da3a99c014f3b4e25ff608e:KLSYN,2026-07-29,https://www.kap.org.tr/tr/Pazarlar,a2f71b42853345393022c3a978bb9820a46a5b1ac272e3dcc0b1dc58edf23e13,Exact as-of source observation; no liquidity filter applied.,KLSYN,,ANA PAZAR,EQUITY,PASS_BORSA_ISTANBUL_KAP_REFERENCE
bist_active_universe_v1,2026-07-29,SEC_fbc527cf7359,KLYPV,KALYON GÜNEŞ TEKNOLOJİLERİ ÜRETİM A.Ş.,PAY PİYASASI,YILDIZ PAZAR,EQUITY,True,True,KAP_MARKETS,KAP_MARKET:4028328c550642950155066367d0001b:4028328c6d92933b016e21b838963f42:8acae2c494bafc930194bb236113010e:KLYPV,2026-07-29,https://www.kap.org.tr/tr/Pazarlar,10ce1f16d197942aab88ecbc3c5cdaca120300b2094c4881016b2acb4c1f85e2,Exact as-of source observation; no liquidity filter applied.,KLYPV,,YILDIZ PAZAR,EQUITY,PASS_BORSA_ISTANBUL_KAP_REFERENCE
bist_active_universe_v1,2026-07-29,SEC_8215a720764f,KMPUR,KİMTEKS POLİÜRETAN SANAYİ VE TİCARET A.Ş.,PAY PİYASASI,YILDIZ PAZAR,EQUITY,True,True,KAP_MARKETS,KAP_MARKET:4028328c550642950155066367d0001b:4028328c6d92933b016e21b838963f42:8acae2c47d3bee4e017da32a238f235f:KMPUR,2026-07-29,https://www.kap.org.tr/tr/Pazarlar,6497cbbf0e5c8350bbc721d80dc43d2ef393058509012162d709110fbfa6f23d,Exact as-of source observation; no liquidity filter applied.,KMPUR,,YILDIZ PAZAR,EQUITY,PASS_BORSA_ISTANBUL_KAP_REFERENCE
bist_active_universe_v1,2026-07-29,SEC_ee66dfbece82,KNFRT,KONFRUT TARIM A.Ş.,PAY PİYASASI,ANA PAZAR,EQUITY,True,True,KAP_MARKETS,KAP_MARKET:4028328c550642950155066367d0001b:33E5FED802CC00EAE0530A4A622B2AEA:4028e4a140f2ed710140f2fc30bc006e:KNFRT,2026-07-29,https://www.kap.org.tr/tr/Pazarlar,93d0b01ba937224da36a3422f4883a8ac2e27648e5c310a50f09bb4cd6d73c82,Exact as-of source observation; no liquidity filter applied.,KNFRT,,ANA PAZAR,EQUITY,PASS_BORSA_ISTANBUL_KAP_REFERENCE
bist_active_universe_v1,2026-07-29,SEC_8f4368740f30,KOCMT,KOÇ METALURJİ A.Ş.,PAY PİYASASI,YILDIZ PAZAR,EQUITY,True,True,KAP_MARKETS,KAP_MARKET:4028328c550642950155066367d0001b:4028328c6d92933b016e21b838963f42:4028e4a2416e696c01416f734ce273ad:KOCMT,2026-07-29,https://www.kap.org.tr/tr/Pazarlar,f54d52b1fa93f116f6b3156f0eda70e1a74d1ac7cd680bff80b21e8f0bd984ac,Exact as-of source observation; no liquidity filter applied.,KOCMT,,YILDIZ PAZAR,EQUITY,PASS_BORSA_ISTANBUL_KAP_REFERENCE
bist_active_universe_v1,2026-07-29,SEC_e2d7462b71d8,KONKA,KONYA KAĞIT SANAYİ VE TİCARET A.Ş.,PAY PİYASASI,ANA PAZAR,EQUITY,True,True,KAP_MARKETS,KAP_MARKET:4028328c550642950155066367d0001b:33E5FED802CC00EAE0530A4A622B2AEA:4028e4a244a08180014619dea2160482:KONKA,2026-07-29,https://www.kap.org.tr/tr/Pazarlar,66e1e99c72a34ae3097e19ec0847f8bd73f24cf9e13676b2bab8d1504f0fea61,Exact as-of source observation; no liquidity filter applied.,KONKA,,ANA PAZAR,EQUITY,PASS_BORSA_ISTANBUL_KAP_REFERENCE
bist_active_universe_v1,2026-07-29,SEC_9934f0dd532c,KONTR,KONTROLMATİK TEKNOLOJİ ENERJİ VE MÜHENDİSLİK A.Ş.,PAY PİYASASI,YAKIN İZLEME PAZARI,EQUITY,True,True,KAP_MARKETS,KAP_MARKET:4028328c550642950155066367d0001b:33E5FED802BE00EAE0530A4A622B2AEA:8acae2c5745d76320174c4879b101cb2:KONTR,2026-07-29,https://www.kap.org.tr/tr/Pazarlar,6dfaaddd965619dbc3f15fe98e617c6b3887d2e63ae949e7ea481be6f39b7201,Exact as-of source observation; no liquidity filter applied.,KONTR,,YAKIN İZLEME PAZARI,EQUITY,PASS_BORSA_ISTANBUL_KAP_REFERENCE
bist_active_universe_v1,2026-07-29,SEC_4e7ec7761869,KONYA,KONYA ÇİMENTO SANAYİİ A.Ş.,PAY PİYASASI,YILDIZ PAZAR,EQUITY,True,True,KAP_MARKETS,KAP_MARKET:4028328c550642950155066367d0001b:4028328c6d92933b016e21b838963f42:4028e4a140f2ed720140f3014c9400cf:KONYA,2026-07-29,https://www.kap.org.tr/tr/Pazarlar,629c1b25db6649eeb8bea2af04204adf30adf1f713424145351593ed2f4df5b3,Exact as-of source observation; no liquidity filter applied.,KONYA,,YILDIZ PAZAR,EQUITY,PASS_BORSA_ISTANBUL_KAP_REFERENCE
bist_active_universe_v1,2026-07-29,SEC_6bd11af2ea52,KOPOL,KOZA POLYESTER SANAYİ VE TİCARET A.Ş.,PAY PİYASASI,YILDIZ PAZAR,EQUITY,True,True,KAP_MARKETS,KAP_MARKET:4028328c550642950155066367d0001b:4028328c6d92933b016e21b838963f42:8acae2c486d22a3b01873668ecf84494:KOPOL,2026-07-29,https://www.kap.org.tr/tr/Pazarlar,e169ae1838adc67c1a2f2718d1476b518790abccc9da677d77be6a8c1df32d25,Exact as-of source observation; no liquidity filter applied.,KOPOL,,YILDIZ PAZAR,EQUITY,PASS_BORSA_ISTANBUL_KAP_REFERENCE
bist_active_universe_v1,2026-07-29,SEC_3ce171ef9fa1,KORDS,KORDSA TEKNİK TEKSTİL A.Ş.,PAY PİYASASI,YILDIZ PAZAR,EQUITY,True,True,KAP_MARKETS,KAP_MARKET:4028328c550642950155066367d0001b:4028328c6d92933b016e21b838963f42:4028e4a140f2ed720140f30606a700ec:KORDS,2026-07-29,https://www.kap.org.tr/tr/Pazarlar,f1b458f63e5e2f5f4d7fba267f0e278f7f3bead866d80b542c8f4d195ef44c6b,Exact as-of source observation; no liquidity filter applied.,KORDS,,YILDIZ PAZAR,EQUITY,PASS_BORSA_ISTANBUL_KAP_REFERENCE
bist_active_universe_v1,2026-07-29,SEC_34a2114adfed,KOTON,KOTON MAĞAZACILIK TEKSTİL SANAYİ VE TİCARET A.Ş.,PAY PİYASASI,YILDIZ PAZAR,EQUITY,True,True,KAP_MARKETS,KAP_MARKET:4028328c550642950155066367d0001b:4028328c6d92933b016e21b838963f42:4028e4a2422d9a7801429a4cc3d64f41:KOTON,2026-07-29,https://www.kap.org.tr/tr/Pazarlar,549bfa910f40ad0aa648086ebf103702345238fb0cd4b1aad6f3680767b553bb,Exact as-of source observation; no liquidity filter applied.,KOTON,,YILDIZ PAZAR,EQUITY,PASS_BORSA_ISTANBUL_KAP_REFERENCE
bist_active_universe_v1,2026-07-29,SEC_90e9104abc20,KRDMA,KARDEMİR KARABÜK DEMİR ÇELİK SANAYİ VE TİCARET A.Ş.,PAY PİYASASI,YILDIZ PAZAR,EQUITY,True,True,KAP_MARKETS,KAP_MARKET:4028328c550642950155066367d0001b:4028328c6d92933b016e21b838963f42:4028e4a140f2ed7201412ace3ada0707:KRDMA,2026-07-29,https://www.kap.org.tr/tr/Pazarlar,8c2a5f3a6c58a75e459bedf4bd11cc8d35c09997237c144026975edd14397522,Exact as-of source observation; no liquidity filter applied.,KRDMA,,YILDIZ PAZAR,EQUITY,PASS_BORSA_ISTANBUL_KAP_REFERENCE
bist_active_universe_v1,2026-07-29,SEC_30af89b3a234,KRDMB,KARDEMİR KARABÜK DEMİR ÇELİK SANAYİ VE TİCARET A.Ş.,PAY PİYASASI,YILDIZ PAZAR,EQUITY,True,True,KAP_MARKETS,KAP_MARKET:4028328c550642950155066367d0001b:4028328c6d92933b016e21b838963f42:4028e4a140f2ed7201412ace3ada0707:KRDMB,2026-07-29,https://www.kap.org.tr/tr/Pazarlar,345d6bfb1b913c3e5b20043ad29eeeb69162eb59e8b7234426974f577b07dc79,Exact as-of source observation; no liquidity filter applied.,KRDMB,,YILDIZ PAZAR,EQUITY,PASS_BORSA_ISTANBUL_KAP_REFERENCE
bist_active_universe_v1,2026-07-29,SEC_cdeccd4982b1,KRDMD,KARDEMİR KARABÜK DEMİR ÇELİK SANAYİ VE TİCARET A.Ş.,PAY PİYASASI,YILDIZ PAZAR,EQUITY,True,True,KAP_MARKETS,KAP_MARKET:4028328c550642950155066367d0001b:4028328c6d92933b016e21b838963f42:4028e4a140f2ed7201412ace3ada0707:KRDMD,2026-07-29,https://www.kap.org.tr/tr/Pazarlar,62217220cc64af9240c83d0b5b301f2fd9ce3a635ced739ac69bdd82504e9b07,Exact as-of source observation; no liquidity filter applied.,KRDMD,,YILDIZ PAZAR,EQUITY,PASS_BORSA_ISTANBUL_KAP_REFERENCE
bist_active_universe_v1,2026-07-29,SEC_2e7ace754a4e,KRGYO,KÖRFEZ GAYRİMENKUL YATIRIM ORTAKLIĞI A.Ş.,PAY PİYASASI,ANA PAZAR,EQUITY,True,True,KAP_MARKETS,KAP_MARKET:4028328c550642950155066367d0001b:33E5FED802CC00EAE0530A4A622B2AEA:4028e4a244a081810146002d6e0c555f:KRGYO,2026-07-29,https://www.kap.org.tr/tr/Pazarlar,526b71f4b34a5a4e0122bc7957890b6428c2994f960b85af62734225ff4f9b11,Exact as-of source observation; no liquidity filter applied.,KRGYO,,ANA PAZAR,EQUITY,PASS_BORSA_ISTANBUL_KAP_REFERENCE
bist_active_universe_v1,2026-07-29,SEC_c4e087222f01,KRONT,KRON TEKNOLOJİ A.Ş.,PAY PİYASASI,ANA PAZAR,EQUITY,True,True,KAP_MARKETS,KAP_MARKET:4028328c550642950155066367d0001b:33E5FED802CC00EAE0530A4A622B2AEA:4028e4a2415f4f8401415ffc858834e3:KRONT,2026-07-29,https://www.kap.org.tr/tr/Pazarlar,b8041f9912338702387c8c3623728b27b496e63286170a9b66f6a63fc4b78046,Exact as-of source observation; no liquidity filter applied.,KRONT,,ANA PAZAR,EQUITY,PASS_BORSA_ISTANBUL_KAP_REFERENCE
bist_active_universe_v1,2026-07-29,SEC_a9d2602e5e97,KRPLS,KOROPLAST TEMİZLİK AMBALAJ ÜRÜNLERİ SANAYİ VE DIŞ TİCARET A.Ş.,PAY PİYASASI,ANA PAZAR,EQUITY,True,True,KAP_MARKETS,KAP_MARKET:4028328c550642950155066367d0001b:33E5FED802CC00EAE0530A4A622B2AEA:8acae2c47f7cb49101803bbfecdb76dd:KRPLS,2026-07-29,https://www.kap.org.tr/tr/Pazarlar,61b9fc3a4a5bcabdcc39e0751f610aeec132767971e57a7b65dffa3aaac979b5,Exact as-of source observation; no liquidity filter applied.,KRPLS,,ANA PAZAR,EQUITY,PASS_BORSA_ISTANBUL_KAP_REFERENCE
bist_active_universe_v1,2026-07-29,SEC_b160f4cda307,KRSTL,KRİSTAL KOLA VE MEŞRUBAT SANAYİ TİCARET A.Ş.,PAY PİYASASI,ANA PAZAR,EQUITY,True,True,KAP_MARKETS,KAP_MARKET:4028328c550642950155066367d0001b:33E5FED802CC00EAE0530A4A622B2AEA:4028e4a240f2ef4c0140f3180014001a:KRSTL,2026-07-29,https://www.kap.org.tr/tr/Pazarlar,968171ef1f4701a9bf240c3c32d389fbbf3c9c1cf71031ace097fe65b02c8ef5,Exact as-of source observation; no liquidity filter applied.,KRSTL,,ANA PAZAR,EQUITY,PASS_BORSA_ISTANBUL_KAP_REFERENCE
bist_active_universe_v1,2026-07-29,SEC_ac48c711d1de,KRTEK,KARSU TEKSTİL SANAYİİ VE TİCARET A.Ş.,PAY PİYASASI,ALT PAZAR,EQUITY,True,True,KAP_MARKETS,KAP_MARKET:4028328c550642950155066367d0001b:4028328c6d92933b016e21b91b463f54:4028e4a240f2ef47014106bb724601b1:KRTEK,2026-07-29,https://www.kap.org.tr/tr/Pazarlar,020020fab4cfc812144a6e4ca9aa17965a43f016c96ea02dec02413af590e8a6,Exact as-of source observation; no liquidity filter applied.,KRTEK,,ALT PAZAR,EQUITY,PASS_BORSA_ISTANBUL_KAP_REFERENCE
bist_active_universe_v1,2026-07-29,SEC_cc40051154df,KRVGD,KERVAN GIDA SANAYİ VE TİCARET A.Ş.,PAY PİYASASI,ANA PAZAR,EQUITY,True,True,KAP_MARKETS,KAP_MARKET:4028328c550642950155066367d0001b:33E5FED802CC00EAE0530A4A622B2AEA:4028e4a246b4c5a90148127e32eb47e9:KRVGD,2026-07-29,https://www.kap.org.tr/tr/Pazarlar,1721e54d4aa956a29c3f0021a89759f642aeeeda342db5cc899bb3489f16c242,Exact as-of source observation; no liquidity filter applied.,KRVGD,,ANA PAZAR,EQUITY,PASS_BORSA_ISTANBUL_KAP_REFERENCE
bist_active_universe_v1,2026-07-29,SEC_2133cdd6c5d1,KSTUR,KUŞTUR KUŞADASI TURİZM ENDÜSTRİSİ A.Ş.,PAY PİYASASI,PİYASA ÖNCESİ İŞLEM PLATFORMU,EQUITY,True,True,KAP_MARKETS,KAP_MARKET:4028328c550642950155066367d0001b:33E5FED802B000EAE0530A4A622B2AEA:4028e4a141462df201414f97fa07221a:KSTUR,2026-07-29,https://www.kap.org.tr/tr/Pazarlar,9f428ee108c52d3a0be94842759808206f6e2eaf8b55f6e831a8b3557cb67336,Exact as-of source observation; no liquidity filter applied.,KSTUR,,PİYASA ÖNCESİ İŞLEM PLATFORMU,EQUITY,PASS_BORSA_ISTANBUL_KAP_REFERENCE
bist_active_universe_v1,2026-07-29,SEC_13608480fa8d,KTLEV,KATILIMEVİM TASARRUF FİNANSMAN A.Ş.,PAY PİYASASI,YILDIZ PAZAR,EQUITY,True,True,KAP_MARKETS,KAP_MARKET:4028328c550642950155066367d0001b:4028328c6d92933b016e21b838963f42:8acae2c5830502c20185a9e2e5ac488b:KTLEV,2026-07-29,https://www.kap.org.tr/tr/Pazarlar,a8553ea6b091b9728a5061d7da2e04813e42c7b12fb5fb6803f26974178dca4f,Exact as-of source observation; no liquidity filter applied.,KTLEV,,YILDIZ PAZAR,EQUITY,PASS_BORSA_ISTANBUL_KAP_REFERENCE
bist_active_universe_v1,2026-07-29,SEC_0478adf9cc5d,KTSKR,KÜTAHYA ŞEKER FABRİKASI A.Ş.,PAY PİYASASI,ANA PAZAR,EQUITY,True,True,KAP_MARKETS,KAP_MARKET:4028328c550642950155066367d0001b:33E5FED802CC00EAE0530A4A622B2AEA:8acae2c5794d3d66017a1e5a8bfb4e07:KTSKR,2026-07-29,https://www.kap.org.tr/tr/Pazarlar,ec52c8094a39570aaad52bf605bd033faad3853b216fcf1713e21bb348ded9b0,Exact as-of source observation; no liquidity filter applied.,KTSKR,,ANA PAZAR,EQUITY,PASS_BORSA_ISTANBUL_KAP_REFERENCE
bist_active_universe_v1,2026-07-29,SEC_8d645cabced4,KUTPO,KÜTAHYA PORSELEN SANAYİ A.Ş.,PAY PİYASASI,ANA PAZAR,EQUITY,True,True,KAP_MARKETS,KAP_MARKET:4028328c550642950155066367d0001b:33E5FED802CC00EAE0530A4A622B2AEA:4028e4a240f2ef4c014111cff01d0420:KUTPO,2026-07-29,https://www.kap.org.tr/tr/Pazarlar,0b4d27772ecfcccf6b0dbe80273eee4787c7acf8cb7afab99a08bcf6ad5ee507,Exact as-of source observation; no liquidity filter applied.,KUTPO,,ANA PAZAR,EQUITY,PASS_BORSA_ISTANBUL_KAP_REFERENCE
bist_active_universe_v1,2026-07-29,SEC_a548b69e159c,KUVVA,KUVVA GIDA TİCARET VE SANAYİ YATIRIMLARI A.Ş.,PAY PİYASASI,ALT PAZAR,EQUITY,True,True,KAP_MARKETS,KAP_MARKET:4028328c550642950155066367d0001b:4028328c6d92933b016e21b91b463f54:4028e4a2422d9a6e01424699b9d061ec:KUVVA,2026-07-29,https://www.kap.org.tr/tr/Pazarlar,e05c7549f90d1bf4043bdf68154e3afd7d41f1d1a2c7ff6f0e75f9ffae467681,Exact as-of source observation; no liquidity filter applied.,KUVVA,,ALT PAZAR,EQUITY,PASS_BORSA_ISTANBUL_KAP_REFERENCE
bist_active_universe_v1,2026-07-29,SEC_3eb72d9c955d,KUYAS,KUYAŞ YATIRIM A.Ş.,PAY PİYASASI,YILDIZ PAZAR,EQUITY,True,True,KAP_MARKETS,KAP_MARKET:4028328c550642950155066367d0001b:4028328c6d92933b016e21b838963f42:4028e4a241a25fd60141a2bf974c04e8:KUYAS,2026-07-29,https://www.kap.org.tr/tr/Pazarlar,24844507379892f03f98b6b2d85de8b0134e0fd65efbc070bcd4f7c805df005b,Exact as-of source observation; no liquidity filter applied.,KUYAS,,YILDIZ PAZAR,EQUITY,PASS_BORSA_ISTANBUL_KAP_REFERENCE
bist_active_universe_v1,2026-07-29,SEC_d30c9bcf43b6,KZBGY,KIZILBÜK GAYRİMENKUL YATIRIM ORTAKLIĞI A.Ş.,PAY PİYASASI,YILDIZ PAZAR,EQUITY,True,True,KAP_MARKETS,KAP_MARKET:4028328c550642950155066367d0001b:4028328c6d92933b016e21b838963f42:8acae2c5794d3d66017aadf2b6b719cb:KZBGY,2026-07-29,https://www.kap.org.tr/tr/Pazarlar,fe2d8b988027a2ab3e374cf5a4f7f2507f297d232cde42d8e9e6ddb1dbbe2de2,Exact as-of source observation; no liquidity filter applied.,KZBGY,,YILDIZ PAZAR,EQUITY,PASS_BORSA_ISTANBUL_KAP_REFERENCE
bist_active_universe_v1,2026-07-29,SEC_dacbda2b1676,KZGYO,KUZUGRUP GAYRİMENKUL YATIRIM ORTAKLIĞI A.Ş.,PAY PİYASASI,ANA PAZAR,EQUITY,True,True,KAP_MARKETS,KAP_MARKET:4028328c550642950155066367d0001b:33E5FED802CC00EAE0530A4A622B2AEA:8acae2c586d22c53018a02754e924a33:KZGYO,2026-07-29,https://www.kap.org.tr/tr/Pazarlar,7275f18f85f3a2f6f8a95c09f1aa5116c013e5fefb9faa973b1aebea7cba64f0,Exact as-of source observation; no liquidity filter applied.,KZGYO,,ANA PAZAR,EQUITY,PASS_BORSA_ISTANBUL_KAP_REFERENCE
bist_active_universe_v1,2026-07-29,SEC_df8328d5e848,LIDER,LDR TURİZM A.Ş.,PAY PİYASASI,YILDIZ PAZAR,EQUITY,True,True,KAP_MARKETS,KAP_MARKET:4028328c550642950155066367d0001b:4028328c6d92933b016e21b838963f42:8acae2c5570aaa2b0157be3a3ef749af:LIDER,2026-07-29,https://www.kap.org.tr/tr/Pazarlar,bf642b4ff822fd1e23f424cf783c218cdf83be1d62f3bf35af1c2d17397d4c8d,Exact as-of source observation; no liquidity filter applied.,LIDER,,YILDIZ PAZAR,EQUITY,PASS_BORSA_ISTANBUL_KAP_REFERENCE
bist_active_universe_v1,2026-07-29,SEC_3b30b31863be,LIDFA,LİDER FAKTORİNG A.Ş.,PAY PİYASASI,ANA PAZAR,EQUITY,True,True,KAP_MARKETS,KAP_MARKET:4028328c550642950155066367d0001b:33E5FED802CC00EAE0530A4A622B2AEA:4028e4a141da49ea0141dfe0d2732d48:LIDFA,2026-07-29,https://www.kap.org.tr/tr/Pazarlar,9a46b67a938d496ba0af05db08c2b78540dc0e54bfc5fdf87498a22aa830ee6c,Exact as-of source observation; no liquidity filter applied.,LIDFA,,ANA PAZAR,EQUITY,PASS_BORSA_ISTANBUL_KAP_REFERENCE
bist_active_universe_v1,2026-07-29,SEC_f879cc5850ff,LILAK,LİLA KAĞIT SANAYİ VE TİCARET A.Ş.,PAY PİYASASI,YILDIZ PAZAR,EQUITY,True,True,KAP_MARKETS,KAP_MARKET:4028328c550642950155066367d0001b:4028328c6d92933b016e21b838963f42:8acae2c48c3efac0018f193ab573372b:LILAK,2026-07-29,https://www.kap.org.tr/tr/Pazarlar,793efcd45e1a252fac17f808fc20cd4d4e7fdb031e81ee44d7f2bfbb7bb79413,Exact as-of source observation; no liquidity filter applied.,LILAK,,YILDIZ PAZAR,EQUITY,PASS_BORSA_ISTANBUL_KAP_REFERENCE
bist_active_universe_v1,2026-07-29,SEC_ece7b8cd965b,LINK,LİNK BİLGİSAYAR SİSTEMLERİ YAZILIMI VE DONANIMI SANAYİ VE TİCARET A.Ş.,PAY PİYASASI,YILDIZ PAZAR,EQUITY,True,True,KAP_MARKETS,KAP_MARKET:4028328c550642950155066367d0001b:4028328c6d92933b016e21b838963f42:4028e4a2422d9a6e01428f2d3d020b61:LINK,2026-07-29,https://www.kap.org.tr/tr/Pazarlar,bd286a8b278cad73eb4b3805b27d23dd62791699c7083718a90985c0f6016d00,Exact as-of source observation; no liquidity filter applied.,LINK,,YILDIZ PAZAR,EQUITY,PASS_BORSA_ISTANBUL_KAP_REFERENCE
bist_active_universe_v1,2026-07-29,SEC_91b302662a15,LKMNH,LOKMAN HEKİM ENGÜRÜSAĞ SAĞLIK TURİZM EĞİTİM HİZMETLERİ VE İNŞAAT TAAHHÜT A.Ş.,PAY PİYASASI,ANA PAZAR,EQUITY,True,True,KAP_MARKETS,KAP_MARKET:4028328c550642950155066367d0001b:33E5FED802CC00EAE0530A4A622B2AEA:4028e4a24158e42401415f1d4417412e:LKMNH,2026-07-29,https://www.kap.org.tr/tr/Pazarlar,a3d400faafccadc8d045462ccc6df9c7a915b0b17c1f9e54104cbd2680285b61,Exact as-of source observation; no liquidity filter applied.,LKMNH,,ANA PAZAR,EQUITY,PASS_BORSA_ISTANBUL_KAP_REFERENCE
bist_active_universe_v1,2026-07-29,SEC_85286afe1e75,LMKDC,LİMAK DOĞU ANADOLU ÇİMENTO SANAYİ VE TİCARET A.Ş.,PAY PİYASASI,YILDIZ PAZAR,EQUITY,True,True,KAP_MARKETS,KAP_MARKET:4028328c550642950155066367d0001b:4028328c6d92933b016e21b838963f42:8acae2c58b2fa64e018d8cfe461558d3:LMKDC,2026-07-29,https://www.kap.org.tr/tr/Pazarlar,165c147ceff27c3833dc68d68bf5905947d6185c0f6cc91594781d1d61183c35,Exact as-of source observation; no liquidity filter applied.,LMKDC,,YILDIZ PAZAR,EQUITY,PASS_BORSA_ISTANBUL_KAP_REFERENCE
bist_active_universe_v1,2026-07-29,SEC_d3c36b9d5e93,LOGO,LOGO YAZILIM SANAYİ VE TİCARET A.Ş.,PAY PİYASASI,YILDIZ PAZAR,EQUITY,True,True,KAP_MARKETS,KAP_MARKET:4028328c550642950155066367d0001b:4028328c6d92933b016e21b838963f42:4028e4a14158e41e01415b41210a6e8c:LOGO,2026-07-29,https://www.kap.org.tr/tr/Pazarlar,aed7edf23f8eaa277b44111b26766d2f6fb582fc8fb3b24e8151a78fc0d5be83,Exact as-of source observation; no liquidity filter applied.,LOGO,,YILDIZ PAZAR,EQUITY,PASS_BORSA_ISTANBUL_KAP_REFERENCE
bist_active_universe_v1,2026-07-29,SEC_d673526a1c51,LRSHO,LORAS HOLDİNG A.Ş.,PAY PİYASASI,YILDIZ PAZAR,EQUITY,True,True,KAP_MARKETS,KAP_MARKET:4028328c550642950155066367d0001b:4028328c6d92933b016e21b838963f42:4028e4a140f2ed7101411799cb9b02fc:LRSHO,2026-07-29,https://www.kap.org.tr/tr/Pazarlar,4391ef29a690479bf3e146470f40ed40bb7ff20c9a89a675c8544ca24a18af40,Exact as-of source observation; no liquidity filter applied.,LRSHO,,YILDIZ PAZAR,EQUITY,PASS_BORSA_ISTANBUL_KAP_REFERENCE
bist_active_universe_v1,2026-07-29,SEC_da226f4268ba,LUKSK,LÜKS KADİFE TİCARET VE SANAYİİ A.Ş.,PAY PİYASASI,ANA PAZAR,EQUITY,True,True,KAP_MARKETS,KAP_MARKET:4028328c550642950155066367d0001b:33E5FED802CC00EAE0530A4A622B2AEA:4028e4a140f2ed720140f31ed775014f:LUKSK,2026-07-29,https://www.kap.org.tr/tr/Pazarlar,e9f1d9d8f750b9eaec68858b9f3927828c0458dc03f3104b184770a07517950e,Exact as-of source observation; no liquidity filter applied.,LUKSK,,ANA PAZAR,EQUITY,PASS_BORSA_ISTANBUL_KAP_REFERENCE
bist_active_universe_v1,2026-07-29,SEC_cf071f8a043e,LXGYO,LUXERA GAYRİMENKUL YATIRIM ORTAKLIĞI A.Ş.,PAY PİYASASI,ANA PAZAR,EQUITY,True,True,KAP_MARKETS,KAP_MARKET:4028328c550642950155066367d0001b:33E5FED802CC00EAE0530A4A622B2AEA:8acae2c59b85fa03019c74a891e94f5d:LXGYO,2026-07-29,https://www.kap.org.tr/tr/Pazarlar,b0b841c85d05b457559c4fd014a4a7bd006da9777c1718d8f74965f35d970cb6,Exact as-of source observation; no liquidity filter applied.,LXGYO,,ANA PAZAR,EQUITY,PASS_BORSA_ISTANBUL_KAP_REFERENCE
bist_active_universe_v1,2026-07-29,SEC_23e9d029b564,LYDHO,LYDİA HOLDİNG A.Ş.,PAY PİYASASI,YILDIZ PAZAR,EQUITY,True,True,KAP_MARKETS,KAP_MARKET:4028328c550642950155066367d0001b:4028328c6d92933b016e21b838963f42:4028e4a240f2ef4701411763ed38047c:LYDHO,2026-07-29,https://www.kap.org.tr/tr/Pazarlar,355090c40b365ff2e9846b2098d07e8f038b4d356e7c7aecb4dc6bc9dc4e8963,Exact as-of source observation; no liquidity filter applied.,LYDHO,,YILDIZ PAZAR,EQUITY,PASS_BORSA_ISTANBUL_KAP_REFERENCE
bist_active_universe_v1,2026-07-29,SEC_164b423607cf,LYDYE,LYDİA YEŞİL ENERJİ KAYNAKLARI A.Ş.,PAY PİYASASI,ANA PAZAR,EQUITY,True,True,KAP_MARKETS,KAP_MARKET:4028328c550642950155066367d0001b:33E5FED802CC00EAE0530A4A622B2AEA:4028e4a241a25fcb0141a7c3f3302405:LYDYE,2026-07-29,https://www.kap.org.tr/tr/Pazarlar,8317f97d039c3aa34e23624719caabacce1e6290d91608d4364d6a35f8d23203,Exact as-of source observation; no liquidity filter applied.,LYDYE,,ANA PAZAR,EQUITY,PASS_BORSA_ISTANBUL_KAP_REFERENCE
bist_active_universe_v1,2026-07-29,SEC_e2d3623aab1e,MAALT,MARMARİS ALTINYUNUS TURİSTİK TESİSLER A.Ş.,PAY PİYASASI,ANA PAZAR,EQUITY,True,True,KAP_MARKETS,KAP_MARKET:4028328c550642950155066367d0001b:33E5FED802CC00EAE0530A4A622B2AEA:4028e4a140f2ed710141179bf0630308:MAALT,2026-07-29,https://www.kap.org.tr/tr/Pazarlar,540d3c0d1c191be96ace62369a81b3ab5bd23f890e957fcbe25e2220e446f587,Exact as-of source observation; no liquidity filter applied.,MAALT,,ANA PAZAR,EQUITY,PASS_BORSA_ISTANBUL_KAP_REFERENCE
bist_active_universe_v1,2026-07-29,SEC_e74d853495f2,MACKO,MACKOLİK İNTERNET HİZMETLERİ TİCARET A.Ş.,PAY PİYASASI,ANA PAZAR,EQUITY,True,True,KAP_MARKETS,KAP_MARKET:4028328c550642950155066367d0001b:33E5FED802CC00EAE0530A4A622B2AEA:8acae2c48304fe9e0183694124c82d0a:MACKO,2026-07-29,https://www.kap.org.tr/tr/Pazarlar,8f1fb513d155f5c164b16f22e7da4fd2ebef54e6fd6be165513c24d03db2a969,Exact as-of source observation; no liquidity filter applied.,MACKO,,ANA PAZAR,EQUITY,PASS_BORSA_ISTANBUL_KAP_REFERENCE
bist_active_universe_v1,2026-07-29,SEC_7e83a43f2296,MAGEN,MARGÜN ENERJİ ÜRETİM SANAYİ VE TİCARET A.Ş.,PAY PİYASASI,YILDIZ PAZAR,EQUITY,True,True,KAP_MARKETS,KAP_MARKET:4028328c550642950155066367d0001b:4028328c6d92933b016e21b838963f42:8acae2c47afb298a017bf270b76b78f1:MAGEN,2026-07-29,https://www.kap.org.tr/tr/Pazarlar,05156347e340d7e23920889b97aaedb42a03421ecab87761492f54fe95ae8747,Exact as-of source observation; no liquidity filter applied.,MAGEN,,YILDIZ PAZAR,EQUITY,PASS_BORSA_ISTANBUL_KAP_REFERENCE
bist_active_universe_v1,2026-07-29,SEC_2b592ca4fb7a,MAKIM,MAKİM MAKİNA TEKNOLOJİLERİ SANAYİ VE TİCARET A.Ş.,PAY PİYASASI,ANA PAZAR,EQUITY,True,True,KAP_MARKETS,KAP_MARKET:4028328c550642950155066367d0001b:33E5FED802CC00EAE0530A4A622B2AEA:8acae2c57f7cbb49017f977f7f190949:MAKIM,2026-07-29,https://www.kap.org.tr/tr/Pazarlar,9fce965b3540fda7dd10bd54300a4e05802a34d749f501d50b0859d6172672b7,Exact as-of source observation; no liquidity filter applied.,MAKIM,,ANA PAZAR,EQUITY,PASS_BORSA_ISTANBUL_KAP_REFERENCE
bist_active_universe_v1,2026-07-29,SEC_c38e7c8097a1,MAKTK,MAKİNA TAKIM ENDÜSTRİSİ A.Ş.,PAY PİYASASI,ANA PAZAR,EQUITY,True,True,KAP_MARKETS,KAP_MARKET:4028328c550642950155066367d0001b:33E5FED802CC00EAE0530A4A622B2AEA:4028e4a24158e42201415ad40fca5dd0:MAKTK,2026-07-29,https://www.kap.org.tr/tr/Pazarlar,433f03ff4d13d0cb29c3cffcc1d19729aca29b94d06e6836f256f931eba86aaf,Exact as-of source observation; no liquidity filter applied.,MAKTK,,ANA PAZAR,EQUITY,PASS_BORSA_ISTANBUL_KAP_REFERENCE
bist_active_universe_v1,2026-07-29,SEC_06e6e10559a8,MANAS,MANAS ENERJİ YÖNETİMİ SANAYİ VE TİCARET A.Ş.,PAY PİYASASI,ANA PAZAR,EQUITY,True,True,KAP_MARKETS,KAP_MARKET:4028328c550642950155066367d0001b:33E5FED802CC00EAE0530A4A622B2AEA:8acae2c5794d3d660179f09f7061388a:MANAS,2026-07-29,https://www.kap.org.tr/tr/Pazarlar,4a627e7841f7780b309ef0e68674b86030c043b42f54065b636c446127f0757e,Exact as-of source observation; no liquidity filter applied.,MANAS,,ANA PAZAR,EQUITY,PASS_BORSA_ISTANBUL_KAP_REFERENCE
bist_active_universe_v1,2026-07-29,SEC_fd5661113f0f,MARBL,TUREKS TURUNÇ MADENCİLİK İÇ VE DIŞ TİCARET A.Ş.,PAY PİYASASI,ANA PAZAR,EQUITY,True,True,KAP_MARKETS,KAP_MARKET:4028328c550642950155066367d0001b:33E5FED802CC00EAE0530A4A622B2AEA:8acae2c45835eb6501593a986e7e57f7:MARBL,2026-07-29,https://www.kap.org.tr/tr/Pazarlar,3135b7000aa8855d398a9339ff54017e81e14bef95a6dd28c8f332287ce059ae,Exact as-of source observation; no liquidity filter applied.,MARBL,,ANA PAZAR,EQUITY,PASS_BORSA_ISTANBUL_KAP_REFERENCE
bist_active_universe_v1,2026-07-29,SEC_dd73cc14580f,MARKA,MARKA YATIRIM HOLDİNG A.Ş.,PAY PİYASASI,ANA PAZAR,EQUITY,True,True,KAP_MARKETS,KAP_MARKET:4028328c550642950155066367d0001b:33E5FED802CC00EAE0530A4A622B2AEA:4028e4a140f2ed720141080991640264:MARKA,2026-07-29,https://www.kap.org.tr/tr/Pazarlar,f01002217a1205fb9d4a47e26c0badb3f8eee788d6617e04e17845c2a21e0daf,Exact as-of source observation; no liquidity filter applied.,MARKA,,ANA PAZAR,EQUITY,PASS_BORSA_ISTANBUL_KAP_REFERENCE
bist_active_universe_v1,2026-07-29,SEC_370481710182,MARMR,MARMARA HOLDİNG A.Ş.,PAY PİYASASI,ANA PAZAR,EQUITY,True,True,KAP_MARKETS,KAP_MARKET:4028328c550642950155066367d0001b:33E5FED802CC00EAE0530A4A622B2AEA:8acae2c5991b90b001993ca6c1951026:MARMR,2026-07-29,https://www.kap.org.tr/tr/Pazarlar,98e4f4721ab60f14b4fd327b534a701af62c73886ce9e9a0cdc8a6e74d541ce4,Exact as-of source observation; no liquidity filter applied.,MARMR,,ANA PAZAR,EQUITY,PASS_BORSA_ISTANBUL_KAP_REFERENCE
bist_active_universe_v1,2026-07-29,SEC_e79277f1d564,MARTI,MARTI OTEL İŞLETMELERİ A.Ş.,PAY PİYASASI,ANA PAZAR,EQUITY,True,True,KAP_MARKETS,KAP_MARKET:4028328c550642950155066367d0001b:33E5FED802CC00EAE0530A4A622B2AEA:4028e4a1415f4d9b0141603d6cec410f:MARTI,2026-07-29,https://www.kap.org.tr/tr/Pazarlar,7f67f0fc31a890cc07b03fdec13fbf2f99575cf1b9d4dacd88e322b21096838f,Exact as-of source observation; no liquidity filter applied.,MARTI,,ANA PAZAR,EQUITY,PASS_BORSA_ISTANBUL_KAP_REFERENCE
bist_active_universe_v1,2026-07-29,SEC_7e1150dfa2c2,MAVI,MAVİ GİYİM SANAYİ VE TİCARET A.Ş.,PAY PİYASASI,YILDIZ PAZAR,EQUITY,True,True,KAP_MARKETS,KAP_MARKET:4028328c550642950155066367d0001b:4028328c6d92933b016e21b838963f42:4028e4a141733b5101417ea9aae11fec:MAVI,2026-07-29,https://www.kap.org.tr/tr/Pazarlar,fe08a2973b1e3f89fc162237dd1b6e09af19d4898598b9b7fbc66185136d631a,Exact as-of source observation; no liquidity filter applied.,MAVI,,YILDIZ PAZAR,EQUITY,PASS_BORSA_ISTANBUL_KAP_REFERENCE
bist_active_universe_v1,2026-07-29,SEC_55dcc776cb74,MCARD,METROPAL KURUMSAL HİZMETLER A.Ş.,PAY PİYASASI,ANA PAZAR,EQUITY,True,True,KAP_MARKETS,KAP_MARKET:4028328c550642950155066367d0001b:33E5FED802CC00EAE0530A4A622B2AEA:8acae2c59c81f7f7019c98b19b8c0af5:MCARD,2026-07-29,https://www.kap.org.tr/tr/Pazarlar,c51cfcedfa1b07eea284cfd4898758569ed10699e42a9d3402a913c519218e7c,Exact as-of source observation; no liquidity filter applied.,MCARD,,ANA PAZAR,EQUITY,PASS_BORSA_ISTANBUL_KAP_REFERENCE
bist_active_universe_v1,2026-07-29,SEC_5da29113964c,MEDTR,MEDİTERA TIBBİ MALZEME SANAYİ VE TİCARET A.Ş.,PAY PİYASASI,ANA PAZAR,EQUITY,True,True,KAP_MARKETS,KAP_MARKET:4028328c550642950155066367d0001b:33E5FED802CC00EAE0530A4A622B2AEA:8acae2c5794d3d6a017a1de13bf04ff2:MEDTR,2026-07-29,https://www.kap.org.tr/tr/Pazarlar,150219454ce665174d35126424d8b49e7f5bc914a1994804e8e710396a23d9c4,Exact as-of source observation; no liquidity filter applied.,MEDTR,,ANA PAZAR,EQUITY,PASS_BORSA_ISTANBUL_KAP_REFERENCE
bist_active_universe_v1,2026-07-29,SEC_dcaf04d8792d,MEGAP,MEGA POLİETİLEN KÖPÜK SANAYİ VE TİCARET A.Ş.,PAY PİYASASI,YAKIN İZLEME PAZARI,EQUITY,True,True,KAP_MARKETS,KAP_MARKET:4028328c550642950155066367d0001b:33E5FED802BE00EAE0530A4A622B2AEA:4028e4a141e536460141ee602f162cdb:MEGAP,2026-07-29,https://www.kap.org.tr/tr/Pazarlar,6e730583b962aeebd18ba13b4d8a2c079b90e40b4deefd21dbe14b00a9ecf7b3,Exact as-of source observation; no liquidity filter applied.,MEGAP,,YAKIN İZLEME PAZARI,EQUITY,PASS_BORSA_ISTANBUL_KAP_REFERENCE
bist_active_universe_v1,2026-07-29,SEC_e601f78f5bac,MEGMT,MEGA METAL SANAYİ VE TİCARET A.Ş.,PAY PİYASASI,YILDIZ PAZAR,EQUITY,True,True,KAP_MARKETS,KAP_MARKET:4028328c550642950155066367d0001b:4028328c6d92933b016e21b838963f42:8acae2c5594ca644015964a5bef50e57:MEGMT,2026-07-29,https://www.kap.org.tr/tr/Pazarlar,eb9f7564b3cf91bc73aaaddc10100c02ad79344f1865851674c5b76a4fbd6c01,Exact as-of source observation; no liquidity filter applied.,MEGMT,,YILDIZ PAZAR,EQUITY,PASS_BORSA_ISTANBUL_KAP_REFERENCE
bist_active_universe_v1,2026-07-29,SEC_95e5b4b172c0,MEKAG,MEKA GLOBAL MAKİNE İMALAT SANAYİ VE TİCARET A.Ş.,PAY PİYASASI,ANA PAZAR,EQUITY,True,True,KAP_MARKETS,KAP_MARKET:4028328c550642950155066367d0001b:33E5FED802CC00EAE0530A4A622B2AEA:8acae2c586d22c51018adff79d0f2d15:MEKAG,2026-07-29,https://www.kap.org.tr/tr/Pazarlar,6df4f807b1b9f99ee377c629d919406ab31ecc8f7eceec8ad0da549deb3b6370,Exact as-of source observation; no liquidity filter applied.,MEKAG,,ANA PAZAR,EQUITY,PASS_BORSA_ISTANBUL_KAP_REFERENCE
bist_active_universe_v1,2026-07-29,SEC_c5ea6781d821,MEPET,MEPET METRO PETROL VE TESİSLERİ SANAYİ TİCARET A.Ş.,PAY PİYASASI,ALT PAZAR,EQUITY,True,True,KAP_MARKETS,KAP_MARKET:4028328c550642950155066367d0001b:4028328c6d92933b016e21b91b463f54:4028e4a1416e696301416ea253f418ae:MEPET,2026-07-29,https://www.kap.org.tr/tr/Pazarlar,93ba7df4caac23591ccc5fa8a21845bbf33afce04de6591b769953dd814ec7d4,Exact as-of source observation; no liquidity filter applied.,MEPET,,ALT PAZAR,EQUITY,PASS_BORSA_ISTANBUL_KAP_REFERENCE
bist_active_universe_v1,2026-07-29,SEC_995ef6830a72,MERCN,MERCAN KİMYA SANAYİ VE TİCARET A.Ş.,PAY PİYASASI,ANA PAZAR,EQUITY,True,True,KAP_MARKETS,KAP_MARKET:4028328c550642950155066367d0001b:33E5FED802CC00EAE0530A4A622B2AEA:8acae2c4782a4d580178ee32b32864d5:MERCN,2026-07-29,https://www.kap.org.tr/tr/Pazarlar,3f02d37c786fef7ec9c29a0bd489ad4e5a9d88eb8b68f1b3ba84801f58652cbf,Exact as-of source observation; no liquidity filter applied.,MERCN,,ANA PAZAR,EQUITY,PASS_BORSA_ISTANBUL_KAP_REFERENCE
bist_active_universe_v1,2026-07-29,SEC_fb7ab6b2d4ad,MERIT,MERİT TURİZM YATIRIM VE İŞLETME A.Ş.,PAY PİYASASI,YILDIZ PAZAR,EQUITY,True,True,KAP_MARKETS,KAP_MARKET:4028328c550642950155066367d0001b:4028328c6d92933b016e21b838963f42:4028e4a140f2ed7101412b9f84390347:MERIT,2026-07-29,https://www.kap.org.tr/tr/Pazarlar,c9f8fabdf5fb59808f8c176b76e873feecd26807e0eeea9908e0638a171a32bc,Exact as-of source observation; no liquidity filter applied.,MERIT,,YILDIZ PAZAR,EQUITY,PASS_BORSA_ISTANBUL_KAP_REFERENCE
bist_active_universe_v1,2026-07-29,SEC_44363414dae7,MERKO,MERKO GIDA SANAYİ VE TİCARET A.Ş.,PAY PİYASASI,ANA PAZAR,EQUITY,True,True,KAP_MARKETS,KAP_MARKET:4028328c550642950155066367d0001b:33E5FED802CC00EAE0530A4A622B2AEA:4028e4a240f2ef4701412bf3fc980553:MERKO,2026-07-29,https://www.kap.org.tr/tr/Pazarlar,07896a70e29dd70c531d52c7731a05479ae30582d33523fbfd552f4120a1b5e8,Exact as-of source observation; no liquidity filter applied.,MERKO,,ANA PAZAR,EQUITY,PASS_BORSA_ISTANBUL_KAP_REFERENCE
bist_active_universe_v1,2026-07-29,SEC_b6d440d65d60,METEN,METGÜN ENERJİ YATIRIMLARI A.Ş.,PAY PİYASASI,YILDIZ PAZAR,EQUITY,True,True,KAP_MARKETS,KAP_MARKET:4028328c550642950155066367d0001b:4028328c6d92933b016e21b838963f42:8acae2c49b85f8cf019c0470c53c6a68:METEN,2026-07-29,https://www.kap.org.tr/tr/Pazarlar,44682016d77bdc6cb2db462c33dd9ca857fc436cc0bd3f605be71418d3ef97ad,Exact as-of source observation; no liquidity filter applied.,METEN,,YILDIZ PAZAR,EQUITY,PASS_BORSA_ISTANBUL_KAP_REFERENCE
bist_active_universe_v1,2026-07-29,SEC_f958c7300c98,METRO,METRO TİCARİ VE MALİ YATIRIMLAR HOLDİNG A.Ş.,PAY PİYASASI,ANA PAZAR,EQUITY,True,True,KAP_MARKETS,KAP_MARKET:4028328c550642950155066367d0001b:33E5FED802CC00EAE0530A4A622B2AEA:4028e4a1416e696301416e9a320e1649:METRO,2026-07-29,https://www.kap.org.tr/tr/Pazarlar,5f4f681dee841101838fc265a93ad0c8d7b8c4256f6693538be1e48780eb5a2e,Exact as-of source observation; no liquidity filter applied.,METRO,,ANA PAZAR,EQUITY,PASS_BORSA_ISTANBUL_KAP_REFERENCE
bist_active_universe_v1,2026-07-29,SEC_45e69ca392d1,MEYSU,MEYSU GIDA SANAYİ VE TİCARET A.Ş.,PAY PİYASASI,ANA PAZAR,EQUITY,True,True,KAP_MARKETS,KAP_MARKET:4028328c550642950155066367d0001b:33E5FED802CC00EAE0530A4A622B2AEA:8acae2c5998f25d7019b59665bd030f1:MEYSU,2026-07-29,https://www.kap.org.tr/tr/Pazarlar,221d80722a364a4df88494fe07955f028732044668abed60d0a7a067972b2bfc,Exact as-of source observation; no liquidity filter applied.,MEYSU,,ANA PAZAR,EQUITY,PASS_BORSA_ISTANBUL_KAP_REFERENCE
bist_active_universe_v1,2026-07-29,SEC_12b14ce2953d,MGROS,MİGROS TİCARET A.Ş.,PAY PİYASASI,YILDIZ PAZAR,EQUITY,True,True,KAP_MARKETS,KAP_MARKET:4028328c550642950155066367d0001b:4028328c6d92933b016e21b838963f42:4028e4a141462df2014150162e1c3424:MGROS,2026-07-29,https://www.kap.org.tr/tr/Pazarlar,8a90c822939261f965d1ad00d95eb263a27384229cebb819dfae03551cf1ea25,Exact as-of source observation; no liquidity filter applied.,MGROS,,YILDIZ PAZAR,EQUITY,PASS_BORSA_ISTANBUL_KAP_REFERENCE
bist_active_universe_v1,2026-07-29,SEC_0f2baa712775,MHRGY,MHR GAYRİMENKUL YATIRIM ORTAKLIĞI A.Ş.,PAY PİYASASI,ANA PAZAR,EQUITY,True,True,KAP_MARKETS,KAP_MARKET:4028328c550642950155066367d0001b:33E5FED802CC00EAE0530A4A622B2AEA:8acae2c486d22a3a018b03ad439129a9:MHRGY,2026-07-29,https://www.kap.org.tr/tr/Pazarlar,d834f070f200f26a496c996cb7ca81c4b73997e2cae33f3bf3123eb3b5fece46,Exact as-of source observation; no liquidity filter applied.,MHRGY,,ANA PAZAR,EQUITY,PASS_BORSA_ISTANBUL_KAP_REFERENCE
bist_active_universe_v1,2026-07-29,SEC_0f390e9a4deb,MIATK,MİA TEKNOLOJİ A.Ş.,PAY PİYASASI,YILDIZ PAZAR,EQUITY,True,True,KAP_MARKETS,KAP_MARKET:4028328c550642950155066367d0001b:4028328c6d92933b016e21b838963f42:8acae2c47afb298a017cbcef284245ba:MIATK,2026-07-29,https://www.kap.org.tr/tr/Pazarlar,e6d99ecc3b8229cee0db38845b90b09dabd87b0445ad3d3e8bd4c97d60f60e09,Exact as-of source observation; no liquidity filter applied.,MIATK,,YILDIZ PAZAR,EQUITY,PASS_BORSA_ISTANBUL_KAP_REFERENCE
bist_active_universe_v1,2026-07-29,SEC_823f8bb1c881,MMCAS,MMC SANAYİ VE TİCARİ YATIRIMLAR A.Ş.,PAY PİYASASI,YAKIN İZLEME PAZARI,EQUITY,True,True,KAP_MARKETS,KAP_MARKET:4028328c550642950155066367d0001b:33E5FED802BE00EAE0530A4A622B2AEA:4028e4a1415f4d99014160040b8e3137:MMCAS,2026-07-29,https://www.kap.org.tr/tr/Pazarlar,b1dac58f20072ef95d5409f2e0ce53fd1062ba27d292dd00ea4bdb6f3c0fd3ab,Exact as-of source observation; no liquidity filter applied.,MMCAS,,YAKIN İZLEME PAZARI,EQUITY,PASS_BORSA_ISTANBUL_KAP_REFERENCE
bist_active_universe_v1,2026-07-29,SEC_37dc46e91969,MNDRS,MENDERES TEKSTİL SANAYİ VE TİCARET A.Ş.,PAY PİYASASI,ANA PAZAR,EQUITY,True,True,KAP_MARKETS,KAP_MARKET:4028328c550642950155066367d0001b:33E5FED802CC00EAE0530A4A622B2AEA:4028e4a1422d986e01425bfb19b05165:MNDRS,2026-07-29,https://www.kap.org.tr/tr/Pazarlar,58f9ff42fefc02b6d1582133e6956fddca11dc4802fc7e1c68c7819e936f8e11,Exact as-of source observation; no liquidity filter applied.,MNDRS,,ANA PAZAR,EQUITY,PASS_BORSA_ISTANBUL_KAP_REFERENCE
bist_active_universe_v1,2026-07-29,SEC_55bb7006c48b,MNDTR,MONDİ TURKEY OLUKLU MUKAVVA KAĞIT VE AMBALAJ SANAYİ A.Ş.,PAY PİYASASI,ANA PAZAR,EQUITY,True,True,KAP_MARKETS,KAP_MARKET:4028328c550642950155066367d0001b:33E5FED802CC00EAE0530A4A622B2AEA:4028e4a24158e42201415ae7c0875fab:MNDTR,2026-07-29,https://www.kap.org.tr/tr/Pazarlar,440e82430e6cacf3d0c381e340a32d06fa9259fb34a66b07f40f7eecd32ef7d0,Exact as-of source observation; no liquidity filter applied.,MNDTR,,ANA PAZAR,EQUITY,PASS_BORSA_ISTANBUL_KAP_REFERENCE
bist_active_universe_v1,2026-07-29,SEC_ad8ec60ffc97,MOBTL,MOBİLTEL İLETİŞİM HİZMETLERİ SANAYİ VE TİCARET A.Ş.,PAY PİYASASI,YILDIZ PAZAR,EQUITY,True,True,KAP_MARKETS,KAP_MARKET:4028328c550642950155066367d0001b:4028328c6d92933b016e21b838963f42:8acae2c57afb2d70017d12c6d335669c:MOBTL,2026-07-29,https://www.kap.org.tr/tr/Pazarlar,ac6531c884e613e4c08780a634e0839d497bd6847328e05fe5945101c6d4530b,Exact as-of source observation; no liquidity filter applied.,MOBTL,,YILDIZ PAZAR,EQUITY,PASS_BORSA_ISTANBUL_KAP_REFERENCE
bist_active_universe_v1,2026-07-29,SEC_c1924e11e332,MOGAN,MOGAN ENERJİ YATIRIM HOLDİNG A.Ş.,PAY PİYASASI,YILDIZ PAZAR,EQUITY,True,True,KAP_MARKETS,KAP_MARKET:4028328c550642950155066367d0001b:4028328c6d92933b016e21b838963f42:8acae2c473646c5e0173e77f33b35138:MOGAN,2026-07-29,https://www.kap.org.tr/tr/Pazarlar,28eef9e1e8a4f1085c0c18d3526b92df0dcbebd7724d3d69f96f353618d4e333,Exact as-of source observation; no liquidity filter applied.,MOGAN,,YILDIZ PAZAR,EQUITY,PASS_BORSA_ISTANBUL_KAP_REFERENCE
bist_active_universe_v1,2026-07-29,SEC_1073193e5afd,MOPAS,MOPAŞ MARKETÇİLİK GIDA SANAYİ VE TİCARET A.Ş.,PAY PİYASASI,YILDIZ PAZAR,EQUITY,True,True,KAP_MARKETS,KAP_MARKET:4028328c550642950155066367d0001b:4028328c6d92933b016e21b838963f42:8acae2c49145e00d0194730c9f3e6d30:MOPAS,2026-07-29,https://www.kap.org.tr/tr/Pazarlar,7437dfde377561c3d8bd0d15a8c2a364c2da32b1294b013201a34b6b62fcd5c1,Exact as-of source observation; no liquidity filter applied.,MOPAS,,YILDIZ PAZAR,EQUITY,PASS_BORSA_ISTANBUL_KAP_REFERENCE
bist_active_universe_v1,2026-07-29,SEC_994a4fa42b20,MPARK,MLP SAĞLIK HİZMETLERİ A.Ş.,PAY PİYASASI,YILDIZ PAZAR,EQUITY,True,True,KAP_MARKETS,KAP_MARKET:4028328c550642950155066367d0001b:4028328c6d92933b016e21b838963f42:4028e4a1462cc5dd01465c9550782baa:MPARK,2026-07-29,https://www.kap.org.tr/tr/Pazarlar,00b334008811f3324546c2133f30773b5117b4c065d11e31d1eca1ada3d48b1c,Exact as-of source observation; no liquidity filter applied.,MPARK,,YILDIZ PAZAR,EQUITY,PASS_BORSA_ISTANBUL_KAP_REFERENCE
bist_active_universe_v1,2026-07-29,SEC_e3c913a2dc46,MRGYO,MARTI GAYRİMENKUL YATIRIM ORTAKLIĞI A.Ş.,PAY PİYASASI,ANA PAZAR,EQUITY,True,True,KAP_MARKETS,KAP_MARKET:4028328c550642950155066367d0001b:33E5FED802CC00EAE0530A4A622B2AEA:4028e4a1415f4d9b0141603d2b414108:MRGYO,2026-07-29,https://www.kap.org.tr/tr/Pazarlar,6aa94c2e08deb8f82d18ead244f27496da4bd6f2d8837bda2ef03141203e3715,Exact as-of source observation; no liquidity filter applied.,MRGYO,,ANA PAZAR,EQUITY,PASS_BORSA_ISTANBUL_KAP_REFERENCE
bist_active_universe_v1,2026-07-29,SEC_e2920c6c95d1,MRSHL,MARSHALL BOYA VE VERNİK SANAYİİ A.Ş.,PAY PİYASASI,ANA PAZAR,EQUITY,True,True,KAP_MARKETS,KAP_MARKET:4028328c550642950155066367d0001b:33E5FED802CC00EAE0530A4A622B2AEA:4028e4a140f2ed720140f325b12e0172:MRSHL,2026-07-29,https://www.kap.org.tr/tr/Pazarlar,ba17253958719327d8545c04e655670327416fd881abc90f8865909a2e237079,Exact as-of source observation; no liquidity filter applied.,MRSHL,,ANA PAZAR,EQUITY,PASS_BORSA_ISTANBUL_KAP_REFERENCE
bist_active_universe_v1,2026-07-29,SEC_df2ab3de9eac,MSGYO,MİSTRAL GAYRİMENKUL YATIRIM ORTAKLIĞI A.Ş.,PAY PİYASASI,ANA PAZAR,EQUITY,True,True,KAP_MARKETS,KAP_MARKET:4028328c550642950155066367d0001b:33E5FED802CC00EAE0530A4A622B2AEA:8acae2c4540d444501545d374f8d070a:MSGYO,2026-07-29,https://www.kap.org.tr/tr/Pazarlar,9c1df3fa48f5a8e84ae543db06a79fcf8d98205a3be5bcb5708eb774466c55f5,Exact as-of source observation; no liquidity filter applied.,MSGYO,,ANA PAZAR,EQUITY,PASS_BORSA_ISTANBUL_KAP_REFERENCE
bist_active_universe_v1,2026-07-29,SEC_d7e9ac524c56,MTRKS,MATRİKS FİNANSAL TEKNOLOJİLER A.Ş.,PAY PİYASASI,ANA PAZAR,EQUITY,True,True,KAP_MARKETS,KAP_MARKET:4028328c550642950155066367d0001b:33E5FED802CC00EAE0530A4A622B2AEA:8acae2c575a1b5b60177de29c7177130:MTRKS,2026-07-29,https://www.kap.org.tr/tr/Pazarlar,e79838b928b0dcb15909fb81fbbcb445ceb331de72654df78e019227473db297,Exact as-of source observation; no liquidity filter applied.,MTRKS,,ANA PAZAR,EQUITY,PASS_BORSA_ISTANBUL_KAP_REFERENCE
bist_active_universe_v1,2026-07-29,SEC_6e755163224e,MTRYO,METRO YATIRIM ORTAKLIĞI A.Ş.,PAY PİYASASI,ALT PAZAR,EQUITY,True,True,KAP_MARKETS,KAP_MARKET:4028328c550642950155066367d0001b:4028328c6d92933b016e21b91b463f54:4028e4a14158e41f01415b1cecc4619f:MTRYO,2026-07-29,https://www.kap.org.tr/tr/Pazarlar,4d2f9158dd1e08de855dc94f2d8e15406c9b66409efd74b590c9267b545ad176,Exact as-of source observation; no liquidity filter applied.,MTRYO,,ALT PAZAR,EQUITY,PASS_BORSA_ISTANBUL_KAP_REFERENCE
bist_active_universe_v1,2026-07-29,SEC_a0fbc1eaa518,MZHLD,MAZHAR ZORLU HOLDİNG A.Ş.,PAY PİYASASI,ALT PAZAR,EQUITY,True,True,KAP_MARKETS,KAP_MARKET:4028328c550642950155066367d0001b:4028328c6d92933b016e21b91b463f54:4028e4a24158e42401415adbb0917e5e:MZHLD,2026-07-29,https://www.kap.org.tr/tr/Pazarlar,53f7675a945eb7da4ac318f717d058f39f7459d210c7a1000da9a43651169555,Exact as-of source observation; no liquidity filter applied.,MZHLD,,ALT PAZAR,EQUITY,PASS_BORSA_ISTANBUL_KAP_REFERENCE
bist_active_universe_v1,2026-07-29,SEC_cbcf7cecf2a1,NATEN,NATUREL YENİLENEBİLİR ENERJİ TİCARET A.Ş.,PAY PİYASASI,YILDIZ PAZAR,EQUITY,True,True,KAP_MARKETS,KAP_MARKET:4028328c550642950155066367d0001b:4028328c6d92933b016e21b838963f42:8acae2c469cee2a2016bb6c259155c47:NATEN,2026-07-29,https://www.kap.org.tr/tr/Pazarlar,c618d9877a0ae342ee61ffd4826ca41ef52776f7dfb61b903fcc701e08d661d3,Exact as-of source observation; no liquidity filter applied.,NATEN,,YILDIZ PAZAR,EQUITY,PASS_BORSA_ISTANBUL_KAP_REFERENCE
bist_active_universe_v1,2026-07-29,SEC_d8829b90a985,NETAS,NETAŞ TELEKOMÜNİKASYON A.Ş.,PAY PİYASASI,ANA PAZAR,EQUITY,True,True,KAP_MARKETS,KAP_MARKET:4028328c550642950155066367d0001b:33E5FED802CC00EAE0530A4A622B2AEA:4028e4a240f2ef47014111d7df220232:NETAS,2026-07-29,https://www.kap.org.tr/tr/Pazarlar,39bc2e06c36f74ebf013cd8e8e92e6bc99c2481079ead08a54de8f80c1f1084a,Exact as-of source observation; no liquidity filter applied.,NETAS,,ANA PAZAR,EQUITY,PASS_BORSA_ISTANBUL_KAP_REFERENCE
bist_active_universe_v1,2026-07-29,SEC_d761fab0f626,NETCD,NETCAD YAZILIM A.Ş.,PAY PİYASASI,YILDIZ PAZAR,EQUITY,True,True,KAP_MARKETS,KAP_MARKET:4028328c550642950155066367d0001b:4028328c6d92933b016e21b838963f42:8acae2c47f7cb492017fd60a82802767:NETCD,2026-07-29,https://www.kap.org.tr/tr/Pazarlar,1129009dbbe6ec0b2610cd504bf72b384d58c3ae99d763f48573a56fdb760e23,Exact as-of source observation; no liquidity filter applied.,NETCD,,YILDIZ PAZAR,EQUITY,PASS_BORSA_ISTANBUL_KAP_REFERENCE
bist_active_universe_v1,2026-07-29,SEC_2a37109a14f2,NIBAS,NİĞBAŞ NİĞDE BETON SANAYİ VE TİCARET A.Ş.,PAY PİYASASI,ANA PAZAR,EQUITY,True,True,KAP_MARKETS,KAP_MARKET:4028328c550642950155066367d0001b:33E5FED802CC00EAE0530A4A622B2AEA:4028e4a1413b7ef501413bc24123002f:NIBAS,2026-07-29,https://www.kap.org.tr/tr/Pazarlar,d38cea6218ff8988b5afa738268f5c63afb706403f3053488aee0296d6315f81,Exact as-of source observation; no liquidity filter applied.,NIBAS,,ANA PAZAR,EQUITY,PASS_BORSA_ISTANBUL_KAP_REFERENCE
bist_active_universe_v1,2026-07-29,SEC_c4528dced1ef,NTGAZ,NATURELGAZ SANAYİ VE TİCARET A.Ş.,PAY PİYASASI,YILDIZ PAZAR,EQUITY,True,True,KAP_MARKETS,KAP_MARKET:4028328c550642950155066367d0001b:4028328c6d92933b016e21b838963f42:8acae2c4782a4d580178492e12820f4f:NTGAZ,2026-07-29,https://www.kap.org.tr/tr/Pazarlar,f0472ba20d29788bb8a494b424c3a0567d0e76391ddceea023be365becf26119,Exact as-of source observation; no liquidity filter applied.,NTGAZ,,YILDIZ PAZAR,EQUITY,PASS_BORSA_ISTANBUL_KAP_REFERENCE
bist_active_universe_v1,2026-07-29,SEC_1039dc1b30aa,NTHOL,NET HOLDİNG A.Ş.,PAY PİYASASI,YILDIZ PAZAR,EQUITY,True,True,KAP_MARKETS,KAP_MARKET:4028328c550642950155066367d0001b:4028328c6d92933b016e21b838963f42:4028e4a140f2ed7101412ba0829f034d:NTHOL,2026-07-29,https://www.kap.org.tr/tr/Pazarlar,75e5767c7be014dabf4789477dab12c9624718530dc4ef78563681be4c4e5c50,Exact as-of source observation; no liquidity filter applied.,NTHOL,,YILDIZ PAZAR,EQUITY,PASS_BORSA_ISTANBUL_KAP_REFERENCE
bist_active_universe_v1,2026-07-29,SEC_e62afe6b9cfd,NUGYO,NUROL GAYRİMENKUL YATIRIM ORTAKLIĞI A.Ş.,PAY PİYASASI,ANA PAZAR,EQUITY,True,True,KAP_MARKETS,KAP_MARKET:4028328c550642950155066367d0001b:33E5FED802CC00EAE0530A4A622B2AEA:4028e4a1416e696301416f6100e76fb9:NUGYO,2026-07-29,https://www.kap.org.tr/tr/Pazarlar,42905829030e5405108ccc52fa4b54c5ada8158ac448853e9248331fff54bc36,Exact as-of source observation; no liquidity filter applied.,NUGYO,,ANA PAZAR,EQUITY,PASS_BORSA_ISTANBUL_KAP_REFERENCE
bist_active_universe_v1,2026-07-29,SEC_bd53cbaeac77,NUHCM,NUH ÇİMENTO SANAYİ A.Ş.,PAY PİYASASI,YILDIZ PAZAR,EQUITY,True,True,KAP_MARKETS,KAP_MARKET:4028328c550642950155066367d0001b:4028328c6d92933b016e21b838963f42:4028e4a141558bdd014156053d9f04b2:NUHCM,2026-07-29,https://www.kap.org.tr/tr/Pazarlar,6065e134bf2b321e06c33ec9944f179d79c3ed8a5ca4ec2e0f8948666665673c,Exact as-of source observation; no liquidity filter applied.,NUHCM,,YILDIZ PAZAR,EQUITY,PASS_BORSA_ISTANBUL_KAP_REFERENCE
bist_active_universe_v1,2026-07-29,SEC_b2e7c5ee9bf1,OBAMS,OBA MAKARNACILIK SANAYİ VE TİCARET A.Ş.,PAY PİYASASI,YILDIZ PAZAR,EQUITY,True,True,KAP_MARKETS,KAP_MARKET:4028328c550642950155066367d0001b:4028328c6d92933b016e21b838963f42:8acae2c58b2fa64e018dc01d63686b27:OBAMS,2026-07-29,https://www.kap.org.tr/tr/Pazarlar,53f98d52fdf220261aa1497c6ce1fd6785a3957d45e9cf9e00481dd488334ac9,Exact as-of source observation; no liquidity filter applied.,OBAMS,,YILDIZ PAZAR,EQUITY,PASS_BORSA_ISTANBUL_KAP_REFERENCE
bist_active_universe_v1,2026-07-29,SEC_40c10e740b43,OBASE,OBASE BİLGİSAYAR VE DANIŞMANLIK HİZMETLERİ TİCARET A.Ş.,PAY PİYASASI,ANA PAZAR,EQUITY,True,True,KAP_MARKETS,KAP_MARKET:4028328c550642950155066367d0001b:33E5FED802CC00EAE0530A4A622B2AEA:8acae2c57f7cbb49018050e4303b068b:OBASE,2026-07-29,https://www.kap.org.tr/tr/Pazarlar,4817a31dc833ce173f0c71580fe63621330b9082b21b93df91414962ae814fbd,Exact as-of source observation; no liquidity filter applied.,OBASE,,ANA PAZAR,EQUITY,PASS_BORSA_ISTANBUL_KAP_REFERENCE
bist_active_universe_v1,2026-07-29,SEC_3d58d1a2d2bb,ODAS,ODAŞ ELEKTRİK ÜRETİM SANAYİ TİCARET A.Ş.,PAY PİYASASI,YILDIZ PAZAR,EQUITY,True,True,KAP_MARKETS,KAP_MARKET:4028328c550642950155066367d0001b:4028328c6d92933b016e21b838963f42:4028e4a2416e696c01416edd70713183:ODAS,2026-07-29,https://www.kap.org.tr/tr/Pazarlar,1e21354fe8134c2e4e2343ccf3ea8efe7f52be8a57968283e263ddef31f02f4c,Exact as-of source observation; no liquidity filter applied.,ODAS,,YILDIZ PAZAR,EQUITY,PASS_BORSA_ISTANBUL_KAP_REFERENCE
bist_active_universe_v1,2026-07-29,SEC_701b56b6b1d2,ODINE,ODİNE SOLUTİONS TEKNOLOJİ TİCARET VE SANAYİ A.Ş.,PAY PİYASASI,YILDIZ PAZAR,EQUITY,True,True,KAP_MARKETS,KAP_MARKET:4028328c550642950155066367d0001b:4028328c6d92933b016e21b838963f42:8acae2c58b2fa64e018e1cbdc7e02623:ODINE,2026-07-29,https://www.kap.org.tr/tr/Pazarlar,5330b5b0e714d2f89fffdd1d0f7eb9b0997cf7f8dac1663868da464ee79fa741,Exact as-of source observation; no liquidity filter applied.,ODINE,,YILDIZ PAZAR,EQUITY,PASS_BORSA_ISTANBUL_KAP_REFERENCE
bist_active_universe_v1,2026-07-29,SEC_c54baef9063a,OFSYM,OFİS YEM GIDA SANAYİ TİCARET A.Ş.,PAY PİYASASI,ANA PAZAR,EQUITY,True,True,KAP_MARKETS,KAP_MARKET:4028328c550642950155066367d0001b:33E5FED802CC00EAE0530A4A622B2AEA:8acae2c586d22c510189bf5dfc710286:OFSYM,2026-07-29,https://www.kap.org.tr/tr/Pazarlar,871917d7cce8214e2115e8a267148142f039e74d4e039a2757637cfd47450900,Exact as-of source observation; no liquidity filter applied.,OFSYM,,ANA PAZAR,EQUITY,PASS_BORSA_ISTANBUL_KAP_REFERENCE
bist_active_universe_v1,2026-07-29,SEC_1ca3b299c88a,ONCSM,ONCOSEM ONKOLOJİK SİSTEMLER SANAYİ VE TİCARET A.Ş.,PAY PİYASASI,ANA PAZAR,EQUITY,True,True,KAP_MARKETS,KAP_MARKET:4028328c550642950155066367d0001b:33E5FED802CC00EAE0530A4A622B2AEA:8acae2c4812b870c018161f7cdde10f3:ONCSM,2026-07-29,https://www.kap.org.tr/tr/Pazarlar,d902da16ff1d2358cf722db423adabd296050855d341ca8e2e02ae59d03ffac2,Exact as-of source observation; no liquidity filter applied.,ONCSM,,ANA PAZAR,EQUITY,PASS_BORSA_ISTANBUL_KAP_REFERENCE
bist_active_universe_v1,2026-07-29,SEC_05b1c9a47ec9,ONRYT,ONUR YÜKSEK TEKNOLOJİ A.Ş.,PAY PİYASASI,ANA PAZAR,EQUITY,True,True,KAP_MARKETS,KAP_MARKET:4028328c550642950155066367d0001b:33E5FED802CC00EAE0530A4A622B2AEA:8acae2c58b2fa64e018f8540ca5f57d4:ONRYT,2026-07-29,https://www.kap.org.tr/tr/Pazarlar,5ce13b56429027e55381c58d5b86b768088f2850836a95f8e1038160a59950fa,Exact as-of source observation; no liquidity filter applied.,ONRYT,,ANA PAZAR,EQUITY,PASS_BORSA_ISTANBUL_KAP_REFERENCE
bist_active_universe_v1,2026-07-29,SEC_85b0e5c75c62,ORCAY,ORÇAY ORTAKÖY ÇAY SANAYİ VE TİCARET A.Ş.,PAY PİYASASI,ALT PAZAR,EQUITY,True,True,KAP_MARKETS,KAP_MARKET:4028328c550642950155066367d0001b:4028328c6d92933b016e21b91b463f54:8acae2c47afb298b017b5ea1d5ee3d78:ORCAY,2026-07-29,https://www.kap.org.tr/tr/Pazarlar,cc411522f4661e8f28cb3fbf9c5eeb564e9ccd10572e871543831c54945bcee4,Exact as-of source observation; no liquidity filter applied.,ORCAY,,ALT PAZAR,EQUITY,PASS_BORSA_ISTANBUL_KAP_REFERENCE
bist_active_universe_v1,2026-07-29,SEC_ff24fd07e3cd,ORGE,ORGE ENERJİ ELEKTRİK TAAHHÜT A.Ş.,PAY PİYASASI,YILDIZ PAZAR,EQUITY,True,True,KAP_MARKETS,KAP_MARKET:4028328c550642950155066367d0001b:4028328c6d92933b016e21b838963f42:4028e4a140ee35c00140ee3971130009:ORGE,2026-07-29,https://www.kap.org.tr/tr/Pazarlar,709b8b83e159791af998c5054a64268384fbb0b5445567a3e4edd355631757c2,Exact as-of source observation; no liquidity filter applied.,ORGE,,YILDIZ PAZAR,EQUITY,PASS_BORSA_ISTANBUL_KAP_REFERENCE
bist_active_universe_v1,2026-07-29,SEC_2fc52ef71c26,ORMA,ORMA ORMAN MAHSÜLLERİ İNTEGRE SANAYİ VE TİCARET A.Ş.,PAY PİYASASI,PİYASA ÖNCESİ İŞLEM PLATFORMU,EQUITY,True,True,KAP_MARKETS,KAP_MARKET:4028328c550642950155066367d0001b:33E5FED802B000EAE0530A4A622B2AEA:4028e4a240ee37a90140ee3cedbb0002:ORMA,2026-07-29,https://www.kap.org.tr/tr/Pazarlar,b6b85e343f874a9e242383a006b0134571e86480ab13f79ebb99e34ca86f0794,Exact as-of source observation; no liquidity filter applied.,ORMA,,PİYASA ÖNCESİ İŞLEM PLATFORMU,EQUITY,PASS_BORSA_ISTANBUL_KAP_REFERENCE
bist_active_universe_v1,2026-07-29,SEC_65a584f74789,ORZAX,ORZAKS İLAÇ VE KİMYA SANAYİ TİCARET A.Ş.,PAY PİYASASI,YILDIZ PAZAR,EQUITY,True,True,KAP_MARKETS,KAP_MARKET:4028328c550642950155066367d0001b:4028328c6d92933b016e21b838963f42:8acae2c59ee1b2d8019eff10c40c0dd5:ORZAX,2026-07-29,https://www.kap.org.tr/tr/Pazarlar,dfcf6aa2c2f0d7b9d476d144a20185d26dabedcbb6312847a6128df392bfdae3,Exact as-of source observation; no liquidity filter applied.,ORZAX,,YILDIZ PAZAR,EQUITY,PASS_BORSA_ISTANBUL_KAP_REFERENCE
bist_active_universe_v1,2026-07-29,SEC_262b539bd937,OSMEN,OSMANLI YATIRIM MENKUL DEĞERLER A.Ş.,PAY PİYASASI,ANA PAZAR,EQUITY,True,True,KAP_MARKETS,KAP_MARKET:4028328c550642950155066367d0001b:33E5FED802CC00EAE0530A4A622B2AEA:4028e4a240ee37a30140ee408ef80002:OSMEN,2026-07-29,https://www.kap.org.tr/tr/Pazarlar,afb24500ec0d1c69e29dda35261afb72b027236c7fb52949879cb66e36afa0f1,Exact as-of source observation; no liquidity filter applied.,OSMEN,,ANA PAZAR,EQUITY,PASS_BORSA_ISTANBUL_KAP_REFERENCE
bist_active_universe_v1,2026-07-29,SEC_e4712ed8f5e0,OSTIM,OSTİM ENDÜSTRİYEL YATIRIMLAR VE İŞLETME A.Ş.,PAY PİYASASI,ANA PAZAR,EQUITY,True,True,KAP_MARKETS,KAP_MARKET:4028328c550642950155066367d0001b:33E5FED802CC00EAE0530A4A622B2AEA:4028e4a241462fd8014149e82fb004c5:OSTIM,2026-07-29,https://www.kap.org.tr/tr/Pazarlar,fea87929fadf4b61af32b88efa47708bd214b2e961a75b79506b6ab7713842c7,Exact as-of source observation; no liquidity filter applied.,OSTIM,,ANA PAZAR,EQUITY,PASS_BORSA_ISTANBUL_KAP_REFERENCE
bist_active_universe_v1,2026-07-29,SEC_3f2469940768,OTKAR,OTOKAR OTOMOTİV VE SAVUNMA SANAYİ A.Ş.,PAY PİYASASI,YILDIZ PAZAR,EQUITY,True,True,KAP_MARKETS,KAP_MARKET:4028328c550642950155066367d0001b:4028328c6d92933b016e21b838963f42:4028e4a140ee35c70140ee4316b3001d:OTKAR,2026-07-29,https://www.kap.org.tr/tr/Pazarlar,d65968d93f5c4ad6c89450487e5fa6a2fbfc11dfb9a1de19e360145556adf499,Exact as-of source observation; no liquidity filter applied.,OTKAR,,YILDIZ PAZAR,EQUITY,PASS_BORSA_ISTANBUL_KAP_REFERENCE
bist_active_universe_v1,2026-07-29,SEC_56b4c6562d06,OTTO,OTTO HOLDİNG A.Ş.,PAY PİYASASI,ANA PAZAR,EQUITY,True,True,KAP_MARKETS,KAP_MARKET:4028328c550642950155066367d0001b:33E5FED802CC00EAE0530A4A622B2AEA:4028e4a14203278a01420955fc5d14bd:OTTO,2026-07-29,https://www.kap.org.tr/tr/Pazarlar,cb219fd56282c097073cf8ddc0b813ccfb26baf547cffdd377678faef725f9e0,Exact as-of source observation; no liquidity filter applied.,OTTO,,ANA PAZAR,EQUITY,PASS_BORSA_ISTANBUL_KAP_REFERENCE
bist_active_universe_v1,2026-07-29,SEC_3a2a7700a969,OYAKC,OYAK ÇİMENTO FABRİKALARI A.Ş.,PAY PİYASASI,YILDIZ PAZAR,EQUITY,True,True,KAP_MARKETS,KAP_MARKET:4028328c550642950155066367d0001b:4028328c6d92933b016e21b838963f42:4028e4a140f2ed720140f32377aa016c:OYAKC,2026-07-29,https://www.kap.org.tr/tr/Pazarlar,506116e72ccf03998f344f89ac8df16d35d10973e08fa0c1b8ee337f178ae3ac,Exact as-of source observation; no liquidity filter applied.,OYAKC,,YILDIZ PAZAR,EQUITY,PASS_BORSA_ISTANBUL_KAP_REFERENCE
bist_active_universe_v1,2026-07-29,SEC_08f231cf48a2,OYAYO,OYAK YATIRIM ORTAKLIĞI A.Ş.,PAY PİYASASI,ALT PAZAR,EQUITY,True,True,KAP_MARKETS,KAP_MARKET:4028328c550642950155066367d0001b:4028328c6d92933b016e21b91b463f54:4028e4a140ee35c70140ee4e93870038:OYAYO,2026-07-29,https://www.kap.org.tr/tr/Pazarlar,56d59a281270bc6978a69b7ab1b599ad8124bee9961d22a6022b9a8f89bbf112,Exact as-of source observation; no liquidity filter applied.,OYAYO,,ALT PAZAR,EQUITY,PASS_BORSA_ISTANBUL_KAP_REFERENCE
bist_active_universe_v1,2026-07-29,SEC_b75a5843a263,OYLUM,OYLUM SINAİ YATIRIMLAR A.Ş.,PAY PİYASASI,ALT PAZAR,EQUITY,True,True,KAP_MARKETS,KAP_MARKET:4028328c550642950155066367d0001b:4028328c6d92933b016e21b91b463f54:4028e4a14184e9cf0141919d8abd1552:OYLUM,2026-07-29,https://www.kap.org.tr/tr/Pazarlar,87b5f838dd794da5680dd22eb745eed4f8c0a1e2f4bb747a20dfefd4fcce2d6b,Exact as-of source observation; no liquidity filter applied.,OYLUM,,ALT PAZAR,EQUITY,PASS_BORSA_ISTANBUL_KAP_REFERENCE
bist_active_universe_v1,2026-07-29,SEC_cd5a2ede3c93,OYYAT,OYAK YATIRIM MENKUL DEĞERLER A.Ş.,PAY PİYASASI,YILDIZ PAZAR,EQUITY,True,True,KAP_MARKETS,KAP_MARKET:4028328c550642950155066367d0001b:4028328c6d92933b016e21b838963f42:4028e4a14158e41f01415a5e854d4441:OYYAT,2026-07-29,https://www.kap.org.tr/tr/Pazarlar,c52ff925a3b829b27cb598f63826ab88a3d7bba2e7ff772e698da074ed6a680f,Exact as-of source observation; no liquidity filter applied.,OYYAT,,YILDIZ PAZAR,EQUITY,PASS_BORSA_ISTANBUL_KAP_REFERENCE
bist_active_universe_v1,2026-07-29,SEC_e12efde01764,OZATD,ÖZATA DENİZCİLİK SANAYİ VE TİCARET A.Ş.,PAY PİYASASI,YILDIZ PAZAR,EQUITY,True,True,KAP_MARKETS,KAP_MARKET:4028328c550642950155066367d0001b:4028328c6d92933b016e21b838963f42:8acae2c49145e00d019180a20f28221c:OZATD,2026-07-29,https://www.kap.org.tr/tr/Pazarlar,00fea38098c4013a5007674fd7aa78e4bd6f9d5fe0622c1a52c48798ea4a77cd,Exact as-of source observation; no liquidity filter applied.,OZATD,,YILDIZ PAZAR,EQUITY,PASS_BORSA_ISTANBUL_KAP_REFERENCE
bist_active_universe_v1,2026-07-29,SEC_850c3df7ab84,OZGYO,ÖZDERİCİ GAYRİMENKUL YATIRIM ORTAKLIĞI A.Ş.,PAY PİYASASI,ANA PAZAR,EQUITY,True,True,KAP_MARKETS,KAP_MARKET:4028328c550642950155066367d0001b:33E5FED802CC00EAE0530A4A622B2AEA:4028e4a140ee35c70140ee582a75003c:OZGYO,2026-07-29,https://www.kap.org.tr/tr/Pazarlar,24f714eb380839b9ba7def42c05e62760acb7bf43bfe5f1f9ddb1132ba2b96a5,Exact as-of source observation; no liquidity filter applied.,OZGYO,,ANA PAZAR,EQUITY,PASS_BORSA_ISTANBUL_KAP_REFERENCE
bist_active_universe_v1,2026-07-29,SEC_3c1ca0322653,OZKGY,ÖZAK GAYRİMENKUL YATIRIM ORTAKLIĞI A.Ş.,PAY PİYASASI,YILDIZ PAZAR,EQUITY,True,True,KAP_MARKETS,KAP_MARKET:4028328c550642950155066367d0001b:4028328c6d92933b016e21b838963f42:4028e4a140f2ed720141079632d0024f:OZKGY,2026-07-29,https://www.kap.org.tr/tr/Pazarlar,538d58f9938ea465733c032f741b751e0cc2f550b8ce548aa992722b074ee68f,Exact as-of source observation; no liquidity filter applied.,OZKGY,,YILDIZ PAZAR,EQUITY,PASS_BORSA_ISTANBUL_KAP_REFERENCE
bist_active_universe_v1,2026-07-29,SEC_524d5decca75,OZRDN,ÖZERDEN AMBALAJ SANAYİ A.Ş.,PAY PİYASASI,ALT PAZAR,EQUITY,True,True,KAP_MARKETS,KAP_MARKET:4028328c550642950155066367d0001b:4028328c6d92933b016e21b91b463f54:1DE05DAA82D2073AE0530A4A622A2EBD:OZRDN,2026-07-29,https://www.kap.org.tr/tr/Pazarlar,20ac1bd215024377296e1f785cba39439ec7e1b951d4f508498584e52d05387f,Exact as-of source observation; no liquidity filter applied.,OZRDN,,ALT PAZAR,EQUITY,PASS_BORSA_ISTANBUL_KAP_REFERENCE
bist_active_universe_v1,2026-07-29,SEC_2714b3a78c01,OZSUB,ÖZSU BALIK ÜRETİM A.Ş.,PAY PİYASASI,ANA PAZAR,EQUITY,True,True,KAP_MARKETS,KAP_MARKET:4028328c550642950155066367d0001b:33E5FED802CC00EAE0530A4A622B2AEA:8acae2c465a51c380166776d73784fba:OZSUB,2026-07-29,https://www.kap.org.tr/tr/Pazarlar,fcd0d4d5dc8958d7090a0d26c5a4b73aba1d9b76840d5e209a03a47a65e421ab,Exact as-of source observation; no liquidity filter applied.,OZSUB,,ANA PAZAR,EQUITY,PASS_BORSA_ISTANBUL_KAP_REFERENCE
bist_active_universe_v1,2026-07-29,SEC_5ccec9eb1321,OZYSR,ÖZYAŞAR TEL VE GALVANİZLEME SANAYİ A.Ş.,PAY PİYASASI,ANA PAZAR,EQUITY,True,True,KAP_MARKETS,KAP_MARKET:4028328c550642950155066367d0001b:33E5FED802CC00EAE0530A4A622B2AEA:8acae2c58b2fa64e018f853cd37d57cf:OZYSR,2026-07-29,https://www.kap.org.tr/tr/Pazarlar,5b4db7bed7a158312f9711bbc5eaf67d430e9e8b6740a6d430cf0e7fd95c0763,Exact as-of source observation; no liquidity filter applied.,OZYSR,,ANA PAZAR,EQUITY,PASS_BORSA_ISTANBUL_KAP_REFERENCE
bist_active_universe_v1,2026-07-29,SEC_04820ecce2f2,PAGYO,PANORA GAYRİMENKUL YATIRIM ORTAKLIĞI A.Ş.,PAY PİYASASI,YILDIZ PAZAR,EQUITY,True,True,KAP_MARKETS,KAP_MARKET:4028328c550642950155066367d0001b:4028328c6d92933b016e21b838963f42:4028e4a240f2ef4c014134d6641f062a:PAGYO,2026-07-29,https://www.kap.org.tr/tr/Pazarlar,8ffa7dfa62439ca49e58680ac3ca212434cc5d1e25745f7ac1ed9481dd2b3f02,Exact as-of source observation; no liquidity filter applied.,PAGYO,,YILDIZ PAZAR,EQUITY,PASS_BORSA_ISTANBUL_KAP_REFERENCE
bist_active_universe_v1,2026-07-29,SEC_f9ae7dda6b54,PAHOL,PASİFİK HOLDİNG A.Ş.,PAY PİYASASI,YILDIZ PAZAR,EQUITY,True,True,KAP_MARKETS,KAP_MARKET:4028328c550642950155066367d0001b:4028328c6d92933b016e21b838963f42:8acae2c4998f24d8019a5ffde32b0e5a:PAHOL,2026-07-29,https://www.kap.org.tr/tr/Pazarlar,ffb471ca1d4774a70c5b04aae9efb5438c36d2bf70aa398f0e4b2284c22ab482,Exact as-of source observation; no liquidity filter applied.,PAHOL,,YILDIZ PAZAR,EQUITY,PASS_BORSA_ISTANBUL_KAP_REFERENCE
bist_active_universe_v1,2026-07-29,SEC_b9f2fb8cf955,PAMEL,PAMEL YENİLENEBİLİR ELEKTRİK ÜRETİM A.Ş.,PAY PİYASASI,ANA PAZAR,EQUITY,True,True,KAP_MARKETS,KAP_MARKET:4028328c550642950155066367d0001b:33E5FED802CC00EAE0530A4A622B2AEA:4028e4a246b4c5a90147f8ed32b0722f:PAMEL,2026-07-29,https://www.kap.org.tr/tr/Pazarlar,ba504f90b60f58db81d79dc1fc766855b8d598fb6433804de2e2e49ef5681ebe,Exact as-of source observation; no liquidity filter applied.,PAMEL,,ANA PAZAR,EQUITY,PASS_BORSA_ISTANBUL_KAP_REFERENCE
bist_active_universe_v1,2026-07-29,SEC_8b92ae934066,PAPIL,PAPİLON SAVUNMA TEKNOLOJİ VE TİCARET A.Ş.,PAY PİYASASI,YILDIZ PAZAR,EQUITY,True,True,KAP_MARKETS,KAP_MARKET:4028328c550642950155066367d0001b:4028328c6d92933b016e21b838963f42:8acae2c46e7fdc6a016e93286c5304b5:PAPIL,2026-07-29,https://www.kap.org.tr/tr/Pazarlar,af7b68f9330880b093f31422f5c539b4624ce79f4ed0b4de9630a4e0b4d93d74,Exact as-of source observation; no liquidity filter applied.,PAPIL,,YILDIZ PAZAR,EQUITY,PASS_BORSA_ISTANBUL_KAP_REFERENCE
bist_active_universe_v1,2026-07-29,SEC_ae8023d23aa9,PARSN,PARSAN MAKİNA PARÇALARI SANAYİİ A.Ş.,PAY PİYASASI,YILDIZ PAZAR,EQUITY,True,True,KAP_MARKETS,KAP_MARKET:4028328c550642950155066367d0001b:4028328c6d92933b016e21b838963f42:4028e4a140ee84900140f1ecef250011:PARSN,2026-07-29,https://www.kap.org.tr/tr/Pazarlar,1f7fa1b20f57487ed67be10a3de1f9ac462977ad54b73d68d5cc676d9d1be6e7,Exact as-of source observation; no liquidity filter applied.,PARSN,,YILDIZ PAZAR,EQUITY,PASS_BORSA_ISTANBUL_KAP_REFERENCE
bist_active_universe_v1,2026-07-29,SEC_16810f0f8390,PASEU,PASİFİK EURASİA LOJİSTİK DIŞ TİCARET A.Ş.,PAY PİYASASI,YILDIZ PAZAR,EQUITY,True,True,KAP_MARKETS,KAP_MARKET:4028328c550642950155066367d0001b:4028328c6d92933b016e21b838963f42:8acae2c586d22c5101887ae575873835:PASEU,2026-07-29,https://www.kap.org.tr/tr/Pazarlar,1937e9257c1b28fd059d833b6f3922e3ee8fd4fac819d9e59a2dc72fab4e435a,Exact as-of source observation; no liquidity filter applied.,PASEU,,YILDIZ PAZAR,EQUITY,PASS_BORSA_ISTANBUL_KAP_REFERENCE
bist_active_universe_v1,2026-07-29,SEC_36bf24d49712,PATEK,PASİFİK TEKNOLOJİ A.Ş.,PAY PİYASASI,YILDIZ PAZAR,EQUITY,True,True,KAP_MARKETS,KAP_MARKET:4028328c550642950155066367d0001b:4028328c6d92933b016e21b838963f42:8acae2c58b2fa64e018d63b9afbd4e6c:PATEK,2026-07-29,https://www.kap.org.tr/tr/Pazarlar,7fea413f82f2b9c7d62faf53dd10a9e75612fa197bb726689b642a2afdaf90e9,Exact as-of source observation; no liquidity filter applied.,PATEK,,YILDIZ PAZAR,EQUITY,PASS_BORSA_ISTANBUL_KAP_REFERENCE
bist_active_universe_v1,2026-07-29,SEC_6f99d30c13c3,PCILT,PC İLETİŞİM VE MEDYA HİZMETLERİ SANAYİ TİCARET A.Ş.,PAY PİYASASI,ANA PAZAR,EQUITY,True,True,KAP_MARKETS,KAP_MARKET:4028328c550642950155066367d0001b:33E5FED802CC00EAE0530A4A622B2AEA:8acae2c5782a4e6d017844c378070abd:PCILT,2026-07-29,https://www.kap.org.tr/tr/Pazarlar,e362b1ef84e2948a2443db3372224bdaa4abe4e3d1713b3fbaf9e2113df9f945,Exact as-of source observation; no liquidity filter applied.,PCILT,,ANA PAZAR,EQUITY,PASS_BORSA_ISTANBUL_KAP_REFERENCE
bist_active_universe_v1,2026-07-29,SEC_89834cc8b9de,PEKGY,PEKER GAYRİMENKUL YATIRIM ORTAKLIĞI A.Ş.,PAY PİYASASI,ANA PAZAR,EQUITY,True,True,KAP_MARKETS,KAP_MARKET:4028328c550642950155066367d0001b:33E5FED802CC00EAE0530A4A622B2AEA:8acae2c55fc6011001617acbeb1b48da:PEKGY,2026-07-29,https://www.kap.org.tr/tr/Pazarlar,4fb87d46f12e0a4d993941a78e868805d6d6afcdf3a81a7712a8236d79bbc94e,Exact as-of source observation; no liquidity filter applied.,PEKGY,,ANA PAZAR,EQUITY,PASS_BORSA_ISTANBUL_KAP_REFERENCE
bist_active_universe_v1,2026-07-29,SEC_4730a4626b9c,PENGD,PENGUEN GIDA SANAYİ A.Ş.,PAY PİYASASI,ANA PAZAR,EQUITY,True,True,KAP_MARKETS,KAP_MARKET:4028328c550642950155066367d0001b:33E5FED802CC00EAE0530A4A622B2AEA:4028e4a246b4c5a9014836bd56174fe9:PENGD,2026-07-29,https://www.kap.org.tr/tr/Pazarlar,976740b3b2170063d51a022e56b614cb9e16f9b463ae724f4aa979934492014d,Exact as-of source observation; no liquidity filter applied.,PENGD,,ANA PAZAR,EQUITY,PASS_BORSA_ISTANBUL_KAP_REFERENCE
bist_active_universe_v1,2026-07-29,SEC_5a6f1deb4111,PENTA,PENTA TEKNOLOJİ ÜRÜNLERİ DAĞITIM TİCARET A.Ş.,PAY PİYASASI,ANA PAZAR,EQUITY,True,True,KAP_MARKETS,KAP_MARKET:4028328c550642950155066367d0001b:33E5FED802CC00EAE0530A4A622B2AEA:4028e4a14184e9c9014198033c094251:PENTA,2026-07-29,https://www.kap.org.tr/tr/Pazarlar,312dc2c536140ba0332baeac7fe2e4ae63c6ee3e6d2fd914eacbb8e8f89acdee,Exact as-of source observation; no liquidity filter applied.,PENTA,,ANA PAZAR,EQUITY,PASS_BORSA_ISTANBUL_KAP_REFERENCE
bist_active_universe_v1,2026-07-29,SEC_7c35469dd970,PETKM,PETKİM PETROKİMYA HOLDİNG A.Ş.,PAY PİYASASI,YILDIZ PAZAR,EQUITY,True,True,KAP_MARKETS,KAP_MARKET:4028328c550642950155066367d0001b:4028328c6d92933b016e21b838963f42:4028e4a240f2ef470141165c566a03e4:PETKM,2026-07-29,https://www.kap.org.tr/tr/Pazarlar,4338a78e36ef2942c865d58b63f24b99faa566a04fe7f326bcbf8679a9d0df0f,Exact as-of source observation; no liquidity filter applied.,PETKM,,YILDIZ PAZAR,EQUITY,PASS_BORSA_ISTANBUL_KAP_REFERENCE
bist_active_universe_v1,2026-07-29,SEC_3a612609ca41,PETUN,PINAR ENTEGRE ET VE UN SANAYİİ A.Ş.,PAY PİYASASI,ANA PAZAR,EQUITY,True,True,KAP_MARKETS,KAP_MARKET:4028328c550642950155066367d0001b:33E5FED802CC00EAE0530A4A622B2AEA:4028e4a240ee866c0140f1f7b3990027:PETUN,2026-07-29,https://www.kap.org.tr/tr/Pazarlar,b490458ea0cb456189837c20d5fcc48ad67d1f14cff25200324a5572a1ac998a,Exact as-of source observation; no liquidity filter applied.,PETUN,,ANA PAZAR,EQUITY,PASS_BORSA_ISTANBUL_KAP_REFERENCE
bist_active_universe_v1,2026-07-29,SEC_dc71a6230684,PGSUS,PEGASUS HAVA TAŞIMACILIĞI A.Ş.,PAY PİYASASI,YILDIZ PAZAR,EQUITY,True,True,KAP_MARKETS,KAP_MARKET:4028328c550642950155066367d0001b:4028328c6d92933b016e21b838963f42:4028e4a2422d9a78014232e751bc22a4:PGSUS,2026-07-29,https://www.kap.org.tr/tr/Pazarlar,e1160e5d1216708bb675eff34152bc0bd01bc7015e11638938dbb34fa09324bd,Exact as-of source observation; no liquidity filter applied.,PGSUS,,YILDIZ PAZAR,EQUITY,PASS_BORSA_ISTANBUL_KAP_REFERENCE
bist_active_universe_v1,2026-07-29,SEC_7ea9342199ef,PINSU,PINAR SU VE İÇECEK SANAYİ VE TİCARET A.Ş.,PAY PİYASASI,ANA PAZAR,EQUITY,True,True,KAP_MARKETS,KAP_MARKET:4028328c550642950155066367d0001b:33E5FED802CC00EAE0530A4A622B2AEA:4028e4a240ee866c0140f1f8c01a003e:PINSU,2026-07-29,https://www.kap.org.tr/tr/Pazarlar,e1329b3f23558ac2a3cba3f9a72512e3ffcd0f5b2b421aa5ad11d5df0c44576c,Exact as-of source observation; no liquidity filter applied.,PINSU,,ANA PAZAR,EQUITY,PASS_BORSA_ISTANBUL_KAP_REFERENCE
bist_active_universe_v1,2026-07-29,SEC_ac91931abb13,PKART,PLASTİKKART AKILLI KART İLETİŞİM SİSTEMLERİ SANAYİ VE TİCARET A.Ş.,PAY PİYASASI,ANA PAZAR,EQUITY,True,True,KAP_MARKETS,KAP_MARKET:4028328c550642950155066367d0001b:33E5FED802CC00EAE0530A4A622B2AEA:4028e4a24184e9e501419d8dd26e7538:PKART,2026-07-29,https://www.kap.org.tr/tr/Pazarlar,0486cbf1b2c89b820b56fbfc920e5584d76f46b7d14f4b46d5801938164abed8,Exact as-of source observation; no liquidity filter applied.,PKART,,ANA PAZAR,EQUITY,PASS_BORSA_ISTANBUL_KAP_REFERENCE
bist_active_universe_v1,2026-07-29,SEC_d9e4dd4a6168,PKENT,PETROKENT TURİZM A.Ş.,PAY PİYASASI,ANA PAZAR,EQUITY,True,True,KAP_MARKETS,KAP_MARKET:4028328c550642950155066367d0001b:33E5FED802CC00EAE0530A4A622B2AEA:4028e4a140f2ed72014106c1df9a021f:PKENT,2026-07-29,https://www.kap.org.tr/tr/Pazarlar,c9fd971bb773c96cfe53eef73e1888b4edd984185ac20972d6e5045eeaf13ff0,Exact as-of source observation; no liquidity filter applied.,PKENT,,ANA PAZAR,EQUITY,PASS_BORSA_ISTANBUL_KAP_REFERENCE
bist_active_universe_v1,2026-07-29,SEC_ea33a1a12aba,PLTUR,PLATFORM TURİZM TAŞIMACILIK GIDA İNŞAAT TEMİZLİK HİZMETLERİ SANAYİ VE TİCARET A.Ş.,PAY PİYASASI,ANA PAZAR,EQUITY,True,True,KAP_MARKETS,KAP_MARKET:4028328c550642950155066367d0001b:33E5FED802CC00EAE0530A4A622B2AEA:4028e4a2422d9a7801427038d3fc1e11:PLTUR,2026-07-29,https://www.kap.org.tr/tr/Pazarlar,26f5d8a62e70667345996a827b8c0928604cd891172034172f7fe7d238a1ceff,Exact as-of source observation; no liquidity filter applied.,PLTUR,,ANA PAZAR,EQUITY,PASS_BORSA_ISTANBUL_KAP_REFERENCE
bist_active_universe_v1,2026-07-29,SEC_1d2b9e36a019,PNLSN,PANELSAN ÇATI CEPHE SİSTEMLERİ SANAYİ VE TİCARET A.Ş.,PAY PİYASASI,ANA PAZAR,EQUITY,True,True,KAP_MARKETS,KAP_MARKET:4028328c550642950155066367d0001b:33E5FED802CC00EAE0530A4A622B2AEA:8acae2c47d3bee50017db95876e6220e:PNLSN,2026-07-29,https://www.kap.org.tr/tr/Pazarlar,ec10e37faf899af67824153ee26b55569f8300687b58166499ff6f03908406e2,Exact as-of source observation; no liquidity filter applied.,PNLSN,,ANA PAZAR,EQUITY,PASS_BORSA_ISTANBUL_KAP_REFERENCE
bist_active_universe_v1,2026-07-29,SEC_45b313a22f18,PNSUT,PINAR SÜT MAMÜLLERİ SANAYİİ A.Ş.,PAY PİYASASI,ANA PAZAR,EQUITY,True,True,KAP_MARKETS,KAP_MARKET:4028328c550642950155066367d0001b:33E5FED802CC00EAE0530A4A622B2AEA:4028e4a240ee866c0140f1f97e530042:PNSUT,2026-07-29,https://www.kap.org.tr/tr/Pazarlar,74bc771cd918593f6c66a0a4d0f3ebb238184b286e3c13e1ba409f3d86dab159,Exact as-of source observation; no liquidity filter applied.,PNSUT,,ANA PAZAR,EQUITY,PASS_BORSA_ISTANBUL_KAP_REFERENCE
bist_active_universe_v1,2026-07-29,SEC_2afd0028b0b5,POLHO,POLİSAN HOLDİNG A.Ş.,PAY PİYASASI,YILDIZ PAZAR,EQUITY,True,True,KAP_MARKETS,KAP_MARKET:4028328c550642950155066367d0001b:4028328c6d92933b016e21b838963f42:4028e4a241733d4a01417414a27127d7:POLHO,2026-07-29,https://www.kap.org.tr/tr/Pazarlar,00b6e2f3ca678aac5611d51a5e54751a485890b58ad6cab185e2553b54f508fc,Exact as-of source observation; no liquidity filter applied.,POLHO,,YILDIZ PAZAR,EQUITY,PASS_BORSA_ISTANBUL_KAP_REFERENCE
bist_active_universe_v1,2026-07-29,SEC_b39a7168e3d5,POLTK,POLİTEKNİK METAL SANAYİ VE TİCARET A.Ş.,PAY PİYASASI,YILDIZ PAZAR,EQUITY,True,True,KAP_MARKETS,KAP_MARKET:4028328c550642950155066367d0001b:4028328c6d92933b016e21b838963f42:4028e4a246b4c5a90147fcd473d37f85:POLTK,2026-07-29,https://www.kap.org.tr/tr/Pazarlar,103d011cae13a2d91b7352e3dece2732233ae93139f419a4ce989b032a2f17b4,Exact as-of source observation; no liquidity filter applied.,POLTK,,YILDIZ PAZAR,EQUITY,PASS_BORSA_ISTANBUL_KAP_REFERENCE
bist_active_universe_v1,2026-07-29,SEC_6ae4df948795,PRDGS,PARDUS GİRİŞİM SERMAYESİ YATIRIM ORTAKLIĞI A.Ş.,PAY PİYASASI,ANA PAZAR,EQUITY,True,True,KAP_MARKETS,KAP_MARKET:4028328c550642950155066367d0001b:33E5FED802CC00EAE0530A4A622B2AEA:8acae2c57afb2d71017bceb97170639d:PRDGS,2026-07-29,https://www.kap.org.tr/tr/Pazarlar,45d2168b03c6759b7132a658a4bdb8f3e23ac449f68f9895c077e958505dc3b2,Exact as-of source observation; no liquidity filter applied.,PRDGS,,ANA PAZAR,EQUITY,PASS_BORSA_ISTANBUL_KAP_REFERENCE
bist_active_universe_v1,2026-07-29,SEC_b2f57671ba00,PRKAB,TÜRK PRYSMİAN KABLO VE SİSTEMLERİ A.Ş.,PAY PİYASASI,ANA PAZAR,EQUITY,True,True,KAP_MARKETS,KAP_MARKET:4028328c550642950155066367d0001b:33E5FED802CC00EAE0530A4A622B2AEA:4028e4a240f2ef470141167b777b0437:PRKAB,2026-07-29,https://www.kap.org.tr/tr/Pazarlar,19a88ca4e439b8a5a4dfc1f4cf640cbb3e4512ffd06f04d046f419ee947d8d5b,Exact as-of source observation; no liquidity filter applied.,PRKAB,,ANA PAZAR,EQUITY,PASS_BORSA_ISTANBUL_KAP_REFERENCE
bist_active_universe_v1,2026-07-29,SEC_f54a7c7dd982,PRKME,PARK ELEKTRİK ÜRETİM MADENCİLİK SANAYİ VE TİCARET A.Ş.,PAY PİYASASI,ANA PAZAR,EQUITY,True,True,KAP_MARKETS,KAP_MARKET:4028328c550642950155066367d0001b:33E5FED802CC00EAE0530A4A622B2AEA:4028e4a141da49ea0141e45622e54843:PRKME,2026-07-29,https://www.kap.org.tr/tr/Pazarlar,ef1f99d530ecd8c00012cd56b268bfbc3e3a3ab7756ca73e3a8e0e1fbf77b8b0,Exact as-of source observation; no liquidity filter applied.,PRKME,,ANA PAZAR,EQUITY,PASS_BORSA_ISTANBUL_KAP_REFERENCE
bist_active_universe_v1,2026-07-29,SEC_9e7a1bdbe0fb,PRZMA,PRİZMA PRES MATBAACILIK YAYINCILIK SANAYİ VE TİCARET A.Ş.,PAY PİYASASI,ANA PAZAR,EQUITY,True,True,KAP_MARKETS,KAP_MARKET:4028328c550642950155066367d0001b:33E5FED802CC00EAE0530A4A622B2AEA:4028e4a2415f4f8401415ff644c5341c:PRZMA,2026-07-29,https://www.kap.org.tr/tr/Pazarlar,614305c9cfa5ddd8fe7e4c0d820bd77aab07b6d093b43ced7a9d55a6a65b5b73,Exact as-of source observation; no liquidity filter applied.,PRZMA,,ANA PAZAR,EQUITY,PASS_BORSA_ISTANBUL_KAP_REFERENCE
bist_active_universe_v1,2026-07-29,SEC_e3af50f94532,PSDTC,PERGAMON STATUS DIŞ TİCARET A.Ş.,PAY PİYASASI,ANA PAZAR,EQUITY,True,True,KAP_MARKETS,KAP_MARKET:4028328c550642950155066367d0001b:33E5FED802CC00EAE0530A4A622B2AEA:1DE05DAA8399073AE0530A4A622A2EBD:PSDTC,2026-07-29,https://www.kap.org.tr/tr/Pazarlar,1a84555c89ab7f94ddae9169016c217e579941a89daae1eb02fd0fdb26907660,Exact as-of source observation; no liquidity filter applied.,PSDTC,,ANA PAZAR,EQUITY,PASS_BORSA_ISTANBUL_KAP_REFERENCE
bist_active_universe_v1,2026-07-29,SEC_8ddb347861c6,PSGYO,PASİFİK GAYRİMENKUL YATIRIM ORTAKLIĞI A.Ş.,PAY PİYASASI,YILDIZ PAZAR,EQUITY,True,True,KAP_MARKETS,KAP_MARKET:4028328c550642950155066367d0001b:4028328c6d92933b016e21b838963f42:8acae2c4794d364a017a51e9e5d256c9:PSGYO,2026-07-29,https://www.kap.org.tr/tr/Pazarlar,16983e50ea54e225e49ed07703560613835eaa633862926a8eed1f933516d01e,Exact as-of source observation; no liquidity filter applied.,PSGYO,,YILDIZ PAZAR,EQUITY,PASS_BORSA_ISTANBUL_KAP_REFERENCE
bist_active_universe_v1,2026-07-29,SEC_dd14aa053a4d,QNBFK,QNB FİNANSAL KİRALAMA A.Ş.,PAY PİYASASI,PİYASA ÖNCESİ İŞLEM PLATFORMU,EQUITY,True,True,KAP_MARKETS,KAP_MARKET:4028328c550642950155066367d0001b:33E5FED802B000EAE0530A4A622B2AEA:4028e4a140f2ed7201410821418e027d:QNBFK,2026-07-29,https://www.kap.org.tr/tr/Pazarlar,7617973b69be5994094247aa149e1602ab997fbd32180f1c5a50ae15723b540a,Exact as-of source observation; no liquidity filter applied.,QNBFK,,PİYASA ÖNCESİ İŞLEM PLATFORMU,EQUITY,PASS_BORSA_ISTANBUL_KAP_REFERENCE
bist_active_universe_v1,2026-07-29,SEC_19eb20d60f72,QNBTR,QNB BANK A.Ş.,PAY PİYASASI,PİYASA ÖNCESİ İŞLEM PLATFORMU,EQUITY,True,True,KAP_MARKETS,KAP_MARKET:4028328c550642950155066367d0001b:33E5FED802B000EAE0530A4A622B2AEA:4028e4a240e95dc90140ee076f400178:QNBTR,2026-07-29,https://www.kap.org.tr/tr/Pazarlar,7ad8c24256385d87a4ea17825d9c6c2e2af4a8be6ed1368ae5eee4b16abfa77f,Exact as-of source observation; no liquidity filter applied.,QNBTR,,PİYASA ÖNCESİ İŞLEM PLATFORMU,EQUITY,PASS_BORSA_ISTANBUL_KAP_REFERENCE
bist_active_universe_v1,2026-07-29,SEC_8fbe0589c7da,QUAGR,QUA GRANITE HAYAL YAPI VE ÜRÜNLERİ SANAYİ TİCARET A.Ş.,PAY PİYASASI,YILDIZ PAZAR,EQUITY,True,True,KAP_MARKETS,KAP_MARKET:4028328c550642950155066367d0001b:4028328c6d92933b016e21b838963f42:8acae2c469cee2a4016b1c1dc11f2b03:QUAGR,2026-07-29,https://www.kap.org.tr/tr/Pazarlar,bdcc3572ca3cbf19cdbc5293e92490e3fc80c9cb5ff3984d4f9477adb4628fbf,Exact as-of source observation; no liquidity filter applied.,QUAGR,,YILDIZ PAZAR,EQUITY,PASS_BORSA_ISTANBUL_KAP_REFERENCE
bist_active_universe_v1,2026-07-29,SEC_1eb64dc5da26,RALYH,RAL YATIRIM HOLDİNG A.Ş.,PAY PİYASASI,YILDIZ PAZAR,EQUITY,True,True,KAP_MARKETS,KAP_MARKET:4028328c550642950155066367d0001b:4028328c6d92933b016e21b838963f42:4028e4a240f2ef4c0141029be169015f:RALYH,2026-07-29,https://www.kap.org.tr/tr/Pazarlar,77c0f92d511c7f38b2f09e1620fb96b473302e6a54762f11f3f434983bf1bf37,Exact as-of source observation; no liquidity filter applied.,RALYH,,YILDIZ PAZAR,EQUITY,PASS_BORSA_ISTANBUL_KAP_REFERENCE
bist_active_universe_v1,2026-07-29,SEC_d5ca15ea74d4,RAYSG,RAY SİGORTA A.Ş.,PAY PİYASASI,ANA PAZAR,EQUITY,True,True,KAP_MARKETS,KAP_MARKET:4028328c550642950155066367d0001b:33E5FED802CC00EAE0530A4A622B2AEA:4028e4a241733d4201417ddf67f8288c:RAYSG,2026-07-29,https://www.kap.org.tr/tr/Pazarlar,6f4fd5a07ee777f1a3b0fa34414a75355db19789d452e79fff840ef40785dfe5,Exact as-of source observation; no liquidity filter applied.,RAYSG,,ANA PAZAR,EQUITY,PASS_BORSA_ISTANBUL_KAP_REFERENCE
bist_active_universe_v1,2026-07-29,SEC_c0ed66db7c09,REEDR,REEDER TEKNOLOJİ SANAYİ VE TİCARET A.Ş.,PAY PİYASASI,YILDIZ PAZAR,EQUITY,True,True,KAP_MARKETS,KAP_MARKET:4028328c550642950155066367d0001b:4028328c6d92933b016e21b838963f42:8acae2c586d22c53018a73739d9104a8:REEDR,2026-07-29,https://www.kap.org.tr/tr/Pazarlar,88d3b10a6cb59001550118410231b6eab76ddc98f7e3baff00821573b1361332,Exact as-of source observation; no liquidity filter applied.,REEDR,,YILDIZ PAZAR,EQUITY,PASS_BORSA_ISTANBUL_KAP_REFERENCE
bist_active_universe_v1,2026-07-29,SEC_7e156b7bf816,RGYAS,RÖNESANS GAYRİMENKUL YATIRIM A.Ş.,PAY PİYASASI,YILDIZ PAZAR,EQUITY,True,True,KAP_MARKETS,KAP_MARKET:4028328c550642950155066367d0001b:4028328c6d92933b016e21b838963f42:4028e4a241b612d80141d9a52e2a2727:RGYAS,2026-07-29,https://www.kap.org.tr/tr/Pazarlar,909504d5cb0c3fcd68dba124f889f63142c42f070f51dbb5329ed0a0c53967f7,Exact as-of source observation; no liquidity filter applied.,RGYAS,,YILDIZ PAZAR,EQUITY,PASS_BORSA_ISTANBUL_KAP_REFERENCE
bist_active_universe_v1,2026-07-29,SEC_a1ae639ca2f8,RNPOL,RAİNBOW POLİKARBONAT SANAYİ TİCARET A.Ş.,PAY PİYASASI,ALT PAZAR,EQUITY,True,True,KAP_MARKETS,KAP_MARKET:4028328c550642950155066367d0001b:4028328c6d92933b016e21b91b463f54:8acae2c47afb298b017bcfa8c4e96550:RNPOL,2026-07-29,https://www.kap.org.tr/tr/Pazarlar,3ba411343db6c02a361c1194290a8778ac3c2842cd60f5a0bac5c364efb050d7,Exact as-of source observation; no liquidity filter applied.,RNPOL,,ALT PAZAR,EQUITY,PASS_BORSA_ISTANBUL_KAP_REFERENCE
bist_active_universe_v1,2026-07-29,SEC_f7a65804c832,RODRG,RODRİGO TEKSTİL SANAYİ VE TİCARET A.Ş.,PAY PİYASASI,ALT PAZAR,EQUITY,True,True,KAP_MARKETS,KAP_MARKET:4028328c550642950155066367d0001b:4028328c6d92933b016e21b91b463f54:4028e4a241e538ab0141ef77414543c5:RODRG,2026-07-29,https://www.kap.org.tr/tr/Pazarlar,626164e404bd1699671da777923dff042b5bea85fba32f2e28a53073d5b68782,Exact as-of source observation; no liquidity filter applied.,RODRG,,ALT PAZAR,EQUITY,PASS_BORSA_ISTANBUL_KAP_REFERENCE
bist_active_universe_v1,2026-07-29,SEC_48ae909a5217,RTALB,RTA LABORATUVARLARI BİYOLOJİK ÜRÜNLER İLAÇ VE MAKİNE SANAYİ TİCARET A.Ş.,PAY PİYASASI,ANA PAZAR,EQUITY,True,True,KAP_MARKETS,KAP_MARKET:4028328c550642950155066367d0001b:33E5FED802CC00EAE0530A4A622B2AEA:4028e4a2486ec9ba0148c19eb7eb1933:RTALB,2026-07-29,https://www.kap.org.tr/tr/Pazarlar,5892ef8909319e95b30d0c04ba8950c3ea710b17a01fc0f07ac969b823d4f242,Exact as-of source observation; no liquidity filter applied.,RTALB,,ANA PAZAR,EQUITY,PASS_BORSA_ISTANBUL_KAP_REFERENCE
bist_active_universe_v1,2026-07-29,SEC_14ae6f0d04ff,RUBNS,RUBENİS TEKSTİL SANAYİ TİCARET A.Ş.,PAY PİYASASI,ANA PAZAR,EQUITY,True,True,KAP_MARKETS,KAP_MARKET:4028328c550642950155066367d0001b:33E5FED802CC00EAE0530A4A622B2AEA:8acae2c47d3bee50017d8f777c171313:RUBNS,2026-07-29,https://www.kap.org.tr/tr/Pazarlar,8837fcd277a107bc616323503388ff49add141ad38fed07117ada737911b8988,Exact as-of source observation; no liquidity filter applied.,RUBNS,,ANA PAZAR,EQUITY,PASS_BORSA_ISTANBUL_KAP_REFERENCE
bist_active_universe_v1,2026-07-29,SEC_13296ba3d2d5,RUZYE,RUZY MADENCİLİK VE ENERJİ YATIRIMLARI SANAYİ VE TİCARET A.Ş.,PAY PİYASASI,ANA PAZAR,EQUITY,True,True,KAP_MARKETS,KAP_MARKET:4028328c550642950155066367d0001b:33E5FED802CC00EAE0530A4A622B2AEA:4028e4a14158e41f01415a8ea74c4fbe:RUZYE,2026-07-29,https://www.kap.org.tr/tr/Pazarlar,3556d3ed576e0927e89aad727910bc457d2077ac502af2ba9d24bfd2d9e3bb98,Exact as-of source observation; no liquidity filter applied.,RUZYE,,ANA PAZAR,EQUITY,PASS_BORSA_ISTANBUL_KAP_REFERENCE
bist_active_universe_v1,2026-07-29,SEC_4754eb87adee,RYGYO,REYSAŞ GAYRİMENKUL YATIRIM ORTAKLIĞI A.Ş.,PAY PİYASASI,YILDIZ PAZAR,EQUITY,True,True,KAP_MARKETS,KAP_MARKET:4028328c550642950155066367d0001b:4028328c6d92933b016e21b838963f42:4028e4a140ee847b0140f20278c00023:RYGYO,2026-07-29,https://www.kap.org.tr/tr/Pazarlar,50f06ea74f7ff3fa3fa7ac4125ba46b86eac191a41e22242a2d13fe248769ee1,Exact as-of source observation; no liquidity filter applied.,RYGYO,,YILDIZ PAZAR,EQUITY,PASS_BORSA_ISTANBUL_KAP_REFERENCE
bist_active_universe_v1,2026-07-29,SEC_eaeae2e1ae2d,RYSAS,REYSAŞ TAŞIMACILIK VE LOJİSTİK TİCARET A.Ş.,PAY PİYASASI,YILDIZ PAZAR,EQUITY,True,True,KAP_MARKETS,KAP_MARKET:4028328c550642950155066367d0001b:4028328c6d92933b016e21b838963f42:4028e4a140ee847b0140f203980d0030:RYSAS,2026-07-29,https://www.kap.org.tr/tr/Pazarlar,b09871eee745e6257b7fcda1193f677aee50ac54bb2464d03d7749476d877e95,Exact as-of source observation; no liquidity filter applied.,RYSAS,,YILDIZ PAZAR,EQUITY,PASS_BORSA_ISTANBUL_KAP_REFERENCE
bist_active_universe_v1,2026-07-29,SEC_a4041c311945,SAFKR,SAFKAR EGE SOĞUTMACILIK KLİMA SOĞUK HAVA TESİSLERİ İHRACAT İTHALAT SANAYİ VE TİCARET A.Ş.,PAY PİYASASI,YILDIZ PAZAR,EQUITY,True,True,KAP_MARKETS,KAP_MARKET:4028328c550642950155066367d0001b:4028328c6d92933b016e21b838963f42:8acae2c55fc6011101602fcafb57255a:SAFKR,2026-07-29,https://www.kap.org.tr/tr/Pazarlar,67fd09b6fffc92c9fba3a1ad04025837134e0e75dfdf6fa67a63eb3d80878a2d,Exact as-of source observation; no liquidity filter applied.,SAFKR,,YILDIZ PAZAR,EQUITY,PASS_BORSA_ISTANBUL_KAP_REFERENCE
bist_active_universe_v1,2026-07-29,SEC_85e4c613a16f,SAHOL,HACI ÖMER SABANCI HOLDİNG A.Ş.,PAY PİYASASI,YILDIZ PAZAR,EQUITY,True,True,KAP_MARKETS,KAP_MARKET:4028328c550642950155066367d0001b:4028328c6d92933b016e21b838963f42:4028e4a240ee37a90140ee50087e000b:SAHOL,2026-07-29,https://www.kap.org.tr/tr/Pazarlar,368b8e07388486419d7299ad09d4d86c61ad35d7d402ed2895c215feceaa7e9e,Exact as-of source observation; no liquidity filter applied.,SAHOL,,YILDIZ PAZAR,EQUITY,PASS_BORSA_ISTANBUL_KAP_REFERENCE
bist_active_universe_v1,2026-07-29,SEC_708ecaddf305,SAMAT,SARAY MATBAACILIK KAĞITÇILIK KIRTASİYECİLİK TİCARET VE SANAYİ A.Ş.,PAY PİYASASI,ALT PAZAR,EQUITY,True,True,KAP_MARKETS,KAP_MARKET:4028328c550642950155066367d0001b:4028328c6d92933b016e21b91b463f54:4028e4a1415f4d9b01415fde1bcc2fce:SAMAT,2026-07-29,https://www.kap.org.tr/tr/Pazarlar,0e6bb1c64c96c6d9cf2618c1c3b2b2172a45548f7e819fb7b06f2f62ea3f62a5,Exact as-of source observation; no liquidity filter applied.,SAMAT,,ALT PAZAR,EQUITY,PASS_BORSA_ISTANBUL_KAP_REFERENCE
bist_active_universe_v1,2026-07-29,SEC_be9ab6d4ea42,SANEL,SAN-EL MÜHENDİSLİK ELEKTRİK TAAHHÜT SANAYİ VE TİCARET A.Ş.,PAY PİYASASI,ALT PAZAR,EQUITY,True,True,KAP_MARKETS,KAP_MARKET:4028328c550642950155066367d0001b:4028328c6d92933b016e21b91b463f54:4028e4a143371eea0143532e82ac510b:SANEL,2026-07-29,https://www.kap.org.tr/tr/Pazarlar,07fdb7938c4a7021b678ac766eb674e6a9ef5c713e9e5ca3787da9c35e3990cc,Exact as-of source observation; no liquidity filter applied.,SANEL,,ALT PAZAR,EQUITY,PASS_BORSA_ISTANBUL_KAP_REFERENCE
bist_active_universe_v1,2026-07-29,SEC_19a95af962df,SANFM,SANİFOAM ENDÜSTRİ VE TÜKETİM ÜRÜNLERİ SANAYİ TİCARET A.Ş.,PAY PİYASASI,ANA PAZAR,EQUITY,True,True,KAP_MARKETS,KAP_MARKET:4028328c550642950155066367d0001b:33E5FED802CC00EAE0530A4A622B2AEA:4028e4a141733b560141741ee61b25bd:SANFM,2026-07-29,https://www.kap.org.tr/tr/Pazarlar,fd3a5450bf914ddaeeb5e57a26a089c7cf247cf3d17a25ce00f3e24701ec2208,Exact as-of source observation; no liquidity filter applied.,SANFM,,ANA PAZAR,EQUITY,PASS_BORSA_ISTANBUL_KAP_REFERENCE
bist_active_universe_v1,2026-07-29,SEC_db753ba51ce6,SANKO,SANKO PAZARLAMA İTHALAT İHRACAT A.Ş.,PAY PİYASASI,ANA PAZAR,EQUITY,True,True,KAP_MARKETS,KAP_MARKET:4028328c550642950155066367d0001b:33E5FED802CC00EAE0530A4A622B2AEA:4028e4a242140a92014223b5b91333e8:SANKO,2026-07-29,https://www.kap.org.tr/tr/Pazarlar,34df6f258199f5ad76ec06a25d404b08babcd78385fd8538bc686725ae5d4d1f,Exact as-of source observation; no liquidity filter applied.,SANKO,,ANA PAZAR,EQUITY,PASS_BORSA_ISTANBUL_KAP_REFERENCE
bist_active_universe_v1,2026-07-29,SEC_d5107b7fdf98,SARAE,ŞA-RA ENERJİ İNŞAAT TİCARET VE SANAYİ A.Ş.,PAY PİYASASI,YILDIZ PAZAR,EQUITY,True,True,KAP_MARKETS,KAP_MARKET:4028328c550642950155066367d0001b:4028328c6d92933b016e21b838963f42:8acae2c59ee1b2d8019f2860baca2f2e:SARAE,2026-07-29,https://www.kap.org.tr/tr/Pazarlar,9b5e26f54606652666a5bbd13bed8381a35315b9a2ed48a7479695a29e0a5df4,Exact as-of source observation; no liquidity filter applied.,SARAE,,YILDIZ PAZAR,EQUITY,PASS_BORSA_ISTANBUL_KAP_REFERENCE
bist_active_universe_v1,2026-07-29,SEC_286b88450992,SARKY,SARKUYSAN ELEKTROLİTİK BAKIR SANAYİ VE TİCARET A.Ş.,PAY PİYASASI,YILDIZ PAZAR,EQUITY,True,True,KAP_MARKETS,KAP_MARKET:4028328c550642950155066367d0001b:4028328c6d92933b016e21b838963f42:4028e4a140f2ed7101410294f924012d:SARKY,2026-07-29,https://www.kap.org.tr/tr/Pazarlar,171daa0a747c0988cef07e5ddad20c68af27a6f0907e6d87b3d7ed19c62f3eca,Exact as-of source observation; no liquidity filter applied.,SARKY,,YILDIZ PAZAR,EQUITY,PASS_BORSA_ISTANBUL_KAP_REFERENCE
bist_active_universe_v1,2026-07-29,SEC_4baa28b74e22,SASA,SASA POLYESTER SANAYİ A.Ş.,PAY PİYASASI,YILDIZ PAZAR,EQUITY,True,True,KAP_MARKETS,KAP_MARKET:4028328c550642950155066367d0001b:4028328c6d92933b016e21b838963f42:4028e4a240ee866c0140f20abd9500cc:SASA,2026-07-29,https://www.kap.org.tr/tr/Pazarlar,e52e728ae29ce1ec27106cd307d403b5c53ea202625796d0fb242f21d07588e5,Exact as-of source observation; no liquidity filter applied.,SASA,,YILDIZ PAZAR,EQUITY,PASS_BORSA_ISTANBUL_KAP_REFERENCE
bist_active_universe_v1,2026-07-29,SEC_af6d88194a1d,SAYAS,SAY YENİLENEBİLİR ENERJİ EKİPMANLARI SANAYİ VE TİCARET A.Ş.,PAY PİYASASI,ANA PAZAR,EQUITY,True,True,KAP_MARKETS,KAP_MARKET:4028328c550642950155066367d0001b:33E5FED802CC00EAE0530A4A622B2AEA:4028e4a1415f4d9901416000c2de30f0:SAYAS,2026-07-29,https://www.kap.org.tr/tr/Pazarlar,d4446037c78d93ee609d2ee53f0a43df8b0a1b185489b5648a134a09a1b5b48b,Exact as-of source observation; no liquidity filter applied.,SAYAS,,ANA PAZAR,EQUITY,PASS_BORSA_ISTANBUL_KAP_REFERENCE
bist_active_universe_v1,2026-07-29,SEC_2d5ee664fc85,SDTTR,SDT UZAY VE SAVUNMA TEKNOLOJİLERİ A.Ş.,PAY PİYASASI,YILDIZ PAZAR,EQUITY,True,True,KAP_MARKETS,KAP_MARKET:4028328c550642950155066367d0001b:4028328c6d92933b016e21b838963f42:8acae2c48304fe9e0183ac70038e4941:SDTTR,2026-07-29,https://www.kap.org.tr/tr/Pazarlar,1cfd9e1b7e7e8d50dc01cc9065657b298d994a63cb813c28f43efc391681c563,Exact as-of source observation; no liquidity filter applied.,SDTTR,,YILDIZ PAZAR,EQUITY,PASS_BORSA_ISTANBUL_KAP_REFERENCE
bist_active_universe_v1,2026-07-29,SEC_977076be874f,SEGMN,SEĞMEN KARDEŞLER GIDA ÜRETİM VE AMBALAJ SANAYİ A.Ş.,PAY PİYASASI,ANA PAZAR,EQUITY,True,True,KAP_MARKETS,KAP_MARKET:4028328c550642950155066367d0001b:33E5FED802CC00EAE0530A4A622B2AEA:8acae2c48c3efabf019017378c962a6d:SEGMN,2026-07-29,https://www.kap.org.tr/tr/Pazarlar,42a0ab709f55971d46e1913ed3adebdb378995b08e621df69b3c44c717bf5997,Exact as-of source observation; no liquidity filter applied.,SEGMN,,ANA PAZAR,EQUITY,PASS_BORSA_ISTANBUL_KAP_REFERENCE
bist_active_universe_v1,2026-07-29,SEC_f896684301ec,SEGYO,ŞEKER GAYRİMENKUL YATIRIM ORTAKLIĞI A.Ş.,PAY PİYASASI,ANA PAZAR,EQUITY,True,True,KAP_MARKETS,KAP_MARKET:4028328c550642950155066367d0001b:33E5FED802CC00EAE0530A4A622B2AEA:8acae2c56faf888c01718864329b7097:SEGYO,2026-07-29,https://www.kap.org.tr/tr/Pazarlar,4a98341d4a9572110e3c228de9db4d4c7a6382943cadc7f28457365e2b3b1de2,Exact as-of source observation; no liquidity filter applied.,SEGYO,,ANA PAZAR,EQUITY,PASS_BORSA_ISTANBUL_KAP_REFERENCE
bist_active_universe_v1,2026-07-29,SEC_6536a9c69371,SEKFK,ŞEKER FİNANSAL KİRALAMA A.Ş.,PAY PİYASASI,ALT PAZAR,EQUITY,True,True,KAP_MARKETS,KAP_MARKET:4028328c550642950155066367d0001b:4028328c6d92933b016e21b91b463f54:4028e4a141e536460141e92af0291568:SEKFK,2026-07-29,https://www.kap.org.tr/tr/Pazarlar,175a434f3e27db11a82ade5b173bc032d4984308a367327687ef3167cdbf1a99,Exact as-of source observation; no liquidity filter applied.,SEKFK,,ALT PAZAR,EQUITY,PASS_BORSA_ISTANBUL_KAP_REFERENCE
bist_active_universe_v1,2026-07-29,SEC_542d04afc54d,SEKUR,SEKURO PLASTİK AMBALAJ SANAYİ A.Ş.,PAY PİYASASI,ALT PAZAR,EQUITY,True,True,KAP_MARKETS,KAP_MARKET:4028328c550642950155066367d0001b:4028328c6d92933b016e21b91b463f54:1DE05DAA83C4073AE0530A4A622A2EBD:SEKUR,2026-07-29,https://www.kap.org.tr/tr/Pazarlar,cdfd6c25f676a1d676939c08ca60eba4c0893ef79aebe185b2dd1769c36cf71d,Exact as-of source observation; no liquidity filter applied.,SEKUR,,ALT PAZAR,EQUITY,PASS_BORSA_ISTANBUL_KAP_REFERENCE
bist_active_universe_v1,2026-07-29,SEC_d0ad7f9ec4a0,SELEC,SELÇUK ECZA DEPOSU TİCARET VE SANAYİ A.Ş.,PAY PİYASASI,YILDIZ PAZAR,EQUITY,True,True,KAP_MARKETS,KAP_MARKET:4028328c550642950155066367d0001b:4028328c6d92933b016e21b838963f42:4028e4a2416e697d01416ec00e101dce:SELEC,2026-07-29,https://www.kap.org.tr/tr/Pazarlar,959466f0c555a6561a465bd2568023947136b3d6730ece0fff5d1256a3536297,Exact as-of source observation; no liquidity filter applied.,SELEC,,YILDIZ PAZAR,EQUITY,PASS_BORSA_ISTANBUL_KAP_REFERENCE
bist_active_universe_v1,2026-07-29,SEC_6d06a01c0c2c,SELVA,SELVA GIDA SANAYİ A.Ş.,PAY PİYASASI,ANA PAZAR,EQUITY,True,True,KAP_MARKETS,KAP_MARKET:4028328c550642950155066367d0001b:33E5FED802CC00EAE0530A4A622B2AEA:8acae2c5794d3d6a0179fb3f31d744cd:SELVA,2026-07-29,https://www.kap.org.tr/tr/Pazarlar,1cc1f73c7ca36103a6ed4a0245bfdb71fa2fb106f970cfcef278a238c5dc4518,Exact as-of source observation; no liquidity filter applied.,SELVA,,ANA PAZAR,EQUITY,PASS_BORSA_ISTANBUL_KAP_REFERENCE
bist_active_universe_v1,2026-07-29,SEC_fe5ae2ac3db2,SERNT,SERANİT GRANİT SERAMİK SANAYİ VE TİCARET A.Ş.,PAY PİYASASI,ANA PAZAR,EQUITY,True,True,KAP_MARKETS,KAP_MARKET:4028328c550642950155066367d0001b:33E5FED802CC00EAE0530A4A622B2AEA:8acae2c49145e00b019497929176199a:SERNT,2026-07-29,https://www.kap.org.tr/tr/Pazarlar,f241cb92d1bc12688c12e0933ecd21858f74a15205d86966de14f5cb15a83d51,Exact as-of source observation; no liquidity filter applied.,SERNT,,ANA PAZAR,EQUITY,PASS_BORSA_ISTANBUL_KAP_REFERENCE
bist_active_universe_v1,2026-07-29,SEC_7116174aac17,SEYKM,SEYİTLER KİMYA SANAYİ A.Ş.,PAY PİYASASI,ALT PAZAR,EQUITY,True,True,KAP_MARKETS,KAP_MARKET:4028328c550642950155066367d0001b:4028328c6d92933b016e21b91b463f54:402821824da3aa97014f16c428d14bcf:SEYKM,2026-07-29,https://www.kap.org.tr/tr/Pazarlar,355a9360323a92ca1e70cc47610c8970239d94489d54f9ffc066d6b589d0ac58,Exact as-of source observation; no liquidity filter applied.,SEYKM,,ALT PAZAR,EQUITY,PASS_BORSA_ISTANBUL_KAP_REFERENCE
bist_active_universe_v1,2026-07-29,SEC_dd2d32d5656a,SILVR,SİLVERLİNE ENDÜSTRİ VE TİCARET A.Ş.,PAY PİYASASI,ALT PAZAR,EQUITY,True,True,KAP_MARKETS,KAP_MARKET:4028328c550642950155066367d0001b:4028328c6d92933b016e21b91b463f54:4028e4a243dd5e8f01440734fd5613db:SILVR,2026-07-29,https://www.kap.org.tr/tr/Pazarlar,f09a9fbad7f96fb997cd0eef2ff47020c5882f3abf9924374406381b64ebda87,Exact as-of source observation; no liquidity filter applied.,SILVR,,ALT PAZAR,EQUITY,PASS_BORSA_ISTANBUL_KAP_REFERENCE
bist_active_universe_v1,2026-07-29,SEC_c15b0cda40fa,SISE,TÜRKİYE ŞİŞE VE CAM FABRİKALARI A.Ş.,PAY PİYASASI,YILDIZ PAZAR,EQUITY,True,True,KAP_MARKETS,KAP_MARKET:4028328c550642950155066367d0001b:4028328c6d92933b016e21b838963f42:4028e4a140f2ed710140f385d5690102:SISE,2026-07-29,https://www.kap.org.tr/tr/Pazarlar,b10936118630d02a73da1ba250633948204d39d0a9c2bc070eba0abda10afb6e,Exact as-of source observation; no liquidity filter applied.,SISE,,YILDIZ PAZAR,EQUITY,PASS_BORSA_ISTANBUL_KAP_REFERENCE
bist_active_universe_v1,2026-07-29,SEC_9037f80f3f9e,SKBNK,ŞEKERBANK T.A.Ş.,PAY PİYASASI,YILDIZ PAZAR,EQUITY,True,True,KAP_MARKETS,KAP_MARKET:4028328c550642950155066367d0001b:4028328c6d92933b016e21b838963f42:4028e4a240f2ef4c01412adc8fba04ee:SKBNK,2026-07-29,https://www.kap.org.tr/tr/Pazarlar,26c9c7e2e83eaf08d4d156c8eac7ea55f248b133f84042bb849af48fe8381a4e,Exact as-of source observation; no liquidity filter applied.,SKBNK,,YILDIZ PAZAR,EQUITY,PASS_BORSA_ISTANBUL_KAP_REFERENCE
bist_active_universe_v1,2026-07-29,SEC_a9297aa1aebc,SKTAS,SÖKTAŞ TEKSTİL SANAYİ VE TİCARET A.Ş.,PAY PİYASASI,ANA PAZAR,EQUITY,True,True,KAP_MARKETS,KAP_MARKET:4028328c550642950155066367d0001b:33E5FED802CC00EAE0530A4A622B2AEA:4028e4a140f275530140f27bc043017d:SKTAS,2026-07-29,https://www.kap.org.tr/tr/Pazarlar,20439f209edcc95229b557c62c3c89f6ef53b5ec851746e0bb9e9b4d6d58b04b,Exact as-of source observation; no liquidity filter applied.,SKTAS,,ANA PAZAR,EQUITY,PASS_BORSA_ISTANBUL_KAP_REFERENCE
bist_active_universe_v1,2026-07-29,SEC_0ddc94542368,SKYLP,SKYALP FİNANSAL TEKNOLOJİLER VE DANIŞMANLIK A.Ş.,PAY PİYASASI,ALT PAZAR,EQUITY,True,True,KAP_MARKETS,KAP_MARKET:4028328c550642950155066367d0001b:4028328c6d92933b016e21b91b463f54:4028e4a1415f4d9b01415ff295793adc:SKYLP,2026-07-29,https://www.kap.org.tr/tr/Pazarlar,a334a325d496669dfb6ce35fb98a3fbcd9c5ea6e51ace78b86cb4450fbf00a0f,Exact as-of source observation; no liquidity filter applied.,SKYLP,,ALT PAZAR,EQUITY,PASS_BORSA_ISTANBUL_KAP_REFERENCE
bist_active_universe_v1,2026-07-29,SEC_ca17519e6a44,SKYMD,ŞEKER YATIRIM MENKUL DEĞERLER A.Ş.,PAY PİYASASI,ANA PAZAR,EQUITY,True,True,KAP_MARKETS,KAP_MARKET:4028328c550642950155066367d0001b:33E5FED802CC00EAE0530A4A622B2AEA:4028e4a241a25fcb0141a7c4a064241c:SKYMD,2026-07-29,https://www.kap.org.tr/tr/Pazarlar,b0341b6fec95de84e393c1b2baa3b0fe4a6d8f27127bcab655c3e350d4b134d1,Exact as-of source observation; no liquidity filter applied.,SKYMD,,ANA PAZAR,EQUITY,PASS_BORSA_ISTANBUL_KAP_REFERENCE
bist_active_universe_v1,2026-07-29,SEC_e0911252acc1,SMART,SMARTİKS YAZILIM A.Ş.,PAY PİYASASI,ANA PAZAR,EQUITY,True,True,KAP_MARKETS,KAP_MARKET:4028328c550642950155066367d0001b:33E5FED802CC00EAE0530A4A622B2AEA:8acae2c569cee403016a6d8db5035804:SMART,2026-07-29,https://www.kap.org.tr/tr/Pazarlar,5bb65973cf57f92909d1481b1706c757c898a31d2e6dd652b25140535318d759,Exact as-of source observation; no liquidity filter applied.,SMART,,ANA PAZAR,EQUITY,PASS_BORSA_ISTANBUL_KAP_REFERENCE
bist_active_universe_v1,2026-07-29,SEC_19c2bf02b842,SMRTG,SMART GÜNEŞ ENERJİSİ TEKNOLOJİLERİ ARAŞTIRMA GELİŞTİRME ÜRETİM SANAYİ VE TİCARET A.Ş.,PAY PİYASASI,YILDIZ PAZAR,EQUITY,True,True,KAP_MARKETS,KAP_MARKET:4028328c550642950155066367d0001b:4028328c6d92933b016e21b838963f42:8acae2c47d3bee4e017f49ce882e7b01:SMRTG,2026-07-29,https://www.kap.org.tr/tr/Pazarlar,15891d9f2604d587025766eac64f884811f4d9ef0d3f5f69184b1a79f7733e36,Exact as-of source observation; no liquidity filter applied.,SMRTG,,YILDIZ PAZAR,EQUITY,PASS_BORSA_ISTANBUL_KAP_REFERENCE
bist_active_universe_v1,2026-07-29,SEC_4f40e1b26182,SMRVA,SÜMER VARLIK YÖNETİM A.Ş.,PAY PİYASASI,ANA PAZAR,EQUITY,True,True,KAP_MARKETS,KAP_MARKET:4028328c550642950155066367d0001b:33E5FED802CC00EAE0530A4A622B2AEA:402821814da3a99c014eb57bdd604a6f:SMRVA,2026-07-29,https://www.kap.org.tr/tr/Pazarlar,3b1f55452a365ddd0c6e00f535b7c6dedb04df46b0b119806cc364bf84b214af,Exact as-of source observation; no liquidity filter applied.,SMRVA,,ANA PAZAR,EQUITY,PASS_BORSA_ISTANBUL_KAP_REFERENCE
bist_active_universe_v1,2026-07-29,SEC_00064f6d8950,SNGYO,SİNPAŞ GAYRİMENKUL YATIRIM ORTAKLIĞI A.Ş.,PAY PİYASASI,YILDIZ PAZAR,EQUITY,True,True,KAP_MARKETS,KAP_MARKET:4028328c550642950155066367d0001b:4028328c6d92933b016e21b838963f42:4028e4a14184e9cf01419c0168dd5a87:SNGYO,2026-07-29,https://www.kap.org.tr/tr/Pazarlar,08329f3677880b732d0093dac1f3bc63829b67ac952c4c8861fe08ac6a1a981c,Exact as-of source observation; no liquidity filter applied.,SNGYO,,YILDIZ PAZAR,EQUITY,PASS_BORSA_ISTANBUL_KAP_REFERENCE
bist_active_universe_v1,2026-07-29,SEC_e46b971f18ef,SNICA,SANİCA ISI SANAYİ A.Ş.,PAY PİYASASI,ANA PAZAR,EQUITY,True,True,KAP_MARKETS,KAP_MARKET:4028328c550642950155066367d0001b:33E5FED802CC00EAE0530A4A622B2AEA:8acae2c5830502c20183cb8491655a67:SNICA,2026-07-29,https://www.kap.org.tr/tr/Pazarlar,13882443239aec3caddca52771c94d7856d722a7c13981e47e07b218f1ed3b2e,Exact as-of source observation; no liquidity filter applied.,SNICA,,ANA PAZAR,EQUITY,PASS_BORSA_ISTANBUL_KAP_REFERENCE
bist_active_universe_v1,2026-07-29,SEC_55503a1aca04,SNPAM,SÖNMEZ PAMUKLU SANAYİİ A.Ş.,PAY PİYASASI,PİYASA ÖNCESİ İŞLEM PLATFORMU,EQUITY,True,True,KAP_MARKETS,KAP_MARKET:4028328c550642950155066367d0001b:33E5FED802B000EAE0530A4A622B2AEA:4028e4a240f2ef4c01412ad919a504dd:SNPAM,2026-07-29,https://www.kap.org.tr/tr/Pazarlar,0ead65de236bec193138eed69f5cac695696abaecdc0317858e3e52a7a5826f4,Exact as-of source observation; no liquidity filter applied.,SNPAM,,PİYASA ÖNCESİ İŞLEM PLATFORMU,EQUITY,PASS_BORSA_ISTANBUL_KAP_REFERENCE
bist_active_universe_v1,2026-07-29,SEC_6c86f591c0eb,SODSN,SODAŞ SODYUM SANAYİİ A.Ş.,PAY PİYASASI,PİYASA ÖNCESİ İŞLEM PLATFORMU,EQUITY,True,True,KAP_MARKETS,KAP_MARKET:4028328c550642950155066367d0001b:33E5FED802B000EAE0530A4A622B2AEA:4028e4a140f2ed7201412ad04fdc071d:SODSN,2026-07-29,https://www.kap.org.tr/tr/Pazarlar,b842fa1787d9aae33623d7fcfbf0e7e173ec2909eb4fc2dbb53d7385720dc98b,Exact as-of source observation; no liquidity filter applied.,SODSN,,PİYASA ÖNCESİ İŞLEM PLATFORMU,EQUITY,PASS_BORSA_ISTANBUL_KAP_REFERENCE
bist_active_universe_v1,2026-07-29,SEC_6850f653dfd0,SOHOE,SOHO GİYİM VE ENERJİ A.Ş.,PAY PİYASASI,ANA PAZAR,EQUITY,True,True,KAP_MARKETS,KAP_MARKET:4028328c550642950155066367d0001b:33E5FED802CC00EAE0530A4A622B2AEA:8acae2c49ee1b0ec019efd886aee0cc5:SOHOE,2026-07-29,https://www.kap.org.tr/tr/Pazarlar,887a4898e60876f88396407b96f74fa85a90114f1c6866a0e35eb1079a96600c,Exact as-of source observation; no liquidity filter applied.,SOHOE,,ANA PAZAR,EQUITY,PASS_BORSA_ISTANBUL_KAP_REFERENCE
bist_active_universe_v1,2026-07-29,SEC_b5d2fbdc2071,SOKE,SÖKE DEĞİRMENCİLİK SANAYİ VE TİCARET A.Ş.,PAY PİYASASI,ANA PAZAR,EQUITY,True,True,KAP_MARKETS,KAP_MARKET:4028328c550642950155066367d0001b:33E5FED802CC00EAE0530A4A622B2AEA:8acae2c552495f640152d616d67a0b95:SOKE,2026-07-29,https://www.kap.org.tr/tr/Pazarlar,ca8c91526928164f656eafbb6204db8f3ee69d8509511e324229d2302b52d439,Exact as-of source observation; no liquidity filter applied.,SOKE,,ANA PAZAR,EQUITY,PASS_BORSA_ISTANBUL_KAP_REFERENCE
bist_active_universe_v1,2026-07-29,SEC_7472dd0d8c63,SOKM,ŞOK MARKETLER TİCARET A.Ş.,PAY PİYASASI,YILDIZ PAZAR,EQUITY,True,True,KAP_MARKETS,KAP_MARKET:4028328c550642950155066367d0001b:4028328c6d92933b016e21b838963f42:4028e4a14184e9c9014198095f4442bf:SOKM,2026-07-29,https://www.kap.org.tr/tr/Pazarlar,66731a02c9a2141957d164266897903b995a3ef9447c2d493a7e63f3479d37a5,Exact as-of source observation; no liquidity filter applied.,SOKM,,YILDIZ PAZAR,EQUITY,PASS_BORSA_ISTANBUL_KAP_REFERENCE
bist_active_universe_v1,2026-07-29,SEC_d845ad88309b,SONME,SÖNMEZ FİLAMENT SENTETİK İPLİK VE ELYAF SANAYİ A.Ş.,PAY PİYASASI,ALT PAZAR,EQUITY,True,True,KAP_MARKETS,KAP_MARKET:4028328c550642950155066367d0001b:4028328c6d92933b016e21b91b463f54:4028e4a240f2ef4c01412ad6196104d2:SONME,2026-07-29,https://www.kap.org.tr/tr/Pazarlar,aec53d4bbec69640fc52284d681d5fdd948c9f9343a84467769ea4542aefb134,Exact as-of source observation; no liquidity filter applied.,SONME,,ALT PAZAR,EQUITY,PASS_BORSA_ISTANBUL_KAP_REFERENCE
bist_active_universe_v1,2026-07-29,SEC_2574dc50f6f3,SRVGY,SERVET GAYRİMENKUL YATIRIM ORTAKLIĞI A.Ş.,PAY PİYASASI,YILDIZ PAZAR,EQUITY,True,True,KAP_MARKETS,KAP_MARKET:4028328c550642950155066367d0001b:4028328c6d92933b016e21b838963f42:4028e4a1416e696501416f80a3377c4b:SRVGY,2026-07-29,https://www.kap.org.tr/tr/Pazarlar,2c27b97ea83305d1e2946547ca8c1ca7e852b36cfd17bf5316f0f11e4a78120b,Exact as-of source observation; no liquidity filter applied.,SRVGY,,YILDIZ PAZAR,EQUITY,PASS_BORSA_ISTANBUL_KAP_REFERENCE
bist_active_universe_v1,2026-07-29,SEC_dbccc8c0253c,SSAAT,SAAT VE SAAT SANAYİ VE TİCARET A.Ş.,PAY PİYASASI,YILDIZ PAZAR,EQUITY,True,True,KAP_MARKETS,KAP_MARKET:4028328c550642950155066367d0001b:4028328c6d92933b016e21b838963f42:8acae2c4508ff7260151d47a54641b19:SSAAT,2026-07-29,https://www.kap.org.tr/tr/Pazarlar,6960435d1e73696690a51cf1976f991f4e62636ad8f8a72936eb9936240c792c,Exact as-of source observation; no liquidity filter applied.,SSAAT,,YILDIZ PAZAR,EQUITY,PASS_BORSA_ISTANBUL_KAP_REFERENCE
bist_active_universe_v1,2026-07-29,SEC_64d435e6b4a3,SUMAS,SUMAŞ SUNİ TAHTA VE MOBİLYA SANAYİİ A.Ş.,PAY PİYASASI,PİYASA ÖNCESİ İŞLEM PLATFORMU,EQUITY,True,True,KAP_MARKETS,KAP_MARKET:4028328c550642950155066367d0001b:33E5FED802B000EAE0530A4A622B2AEA:4028e4a141e536460141ea4aa4271f3b:SUMAS,2026-07-29,https://www.kap.org.tr/tr/Pazarlar,cb64977daaa19033c565042df4ccaa8a9bda02a6bdc23e5edf0acbf4aac20f4e,Exact as-of source observation; no liquidity filter applied.,SUMAS,,PİYASA ÖNCESİ İŞLEM PLATFORMU,EQUITY,PASS_BORSA_ISTANBUL_KAP_REFERENCE
bist_active_universe_v1,2026-07-29,SEC_df4ff4b2062c,SUNTK,SUN TEKSTİL SANAYİ VE TİCARET A.Ş.,PAY PİYASASI,YILDIZ PAZAR,EQUITY,True,True,KAP_MARKETS,KAP_MARKET:4028328c550642950155066367d0001b:4028328c6d92933b016e21b838963f42:8acae2c47f7cb4920180234f4d1064b4:SUNTK,2026-07-29,https://www.kap.org.tr/tr/Pazarlar,1e11b35bac9b6e777b5d637f0fd56aa7bfe09958e15b48e24b7810a165eca58a,Exact as-of source observation; no liquidity filter applied.,SUNTK,,YILDIZ PAZAR,EQUITY,PASS_BORSA_ISTANBUL_KAP_REFERENCE
bist_active_universe_v1,2026-07-29,SEC_0def830ad4fb,SURGY,SUR TATİL EVLERİ GAYRİMENKUL YATIRIM ORTAKLIĞI A.Ş.,PAY PİYASASI,YILDIZ PAZAR,EQUITY,True,True,KAP_MARKETS,KAP_MARKET:4028328c550642950155066367d0001b:4028328c6d92933b016e21b838963f42:8acae2c48b2fa25a018c33a0808a03b0:SURGY,2026-07-29,https://www.kap.org.tr/tr/Pazarlar,7f4a24a1c3e43f3624c087772252320b1bc041ea2a1247c6b680c4f8fa034322,Exact as-of source observation; no liquidity filter applied.,SURGY,,YILDIZ PAZAR,EQUITY,PASS_BORSA_ISTANBUL_KAP_REFERENCE
bist_active_universe_v1,2026-07-29,SEC_cfc1603b333f,SUWEN,SUWEN TEKSTİL SANAYİ PAZARLAMA A.Ş.,PAY PİYASASI,YILDIZ PAZAR,EQUITY,True,True,KAP_MARKETS,KAP_MARKET:4028328c550642950155066367d0001b:4028328c6d92933b016e21b838963f42:8acae2c47902e75601792308abd41e4a:SUWEN,2026-07-29,https://www.kap.org.tr/tr/Pazarlar,762c97f61349dc6db792ea1ac4370523c2c76592ed614d6aeb2336417e1a52ea,Exact as-of source observation; no liquidity filter applied.,SUWEN,,YILDIZ PAZAR,EQUITY,PASS_BORSA_ISTANBUL_KAP_REFERENCE
bist_active_universe_v1,2026-07-29,SEC_3deace0845ba,SVGYO,SAVUR GAYRİMENKUL YATIRIM ORTAKLIĞI A.Ş.,PAY PİYASASI,ANA PAZAR,EQUITY,True,True,KAP_MARKETS,KAP_MARKET:4028328c550642950155066367d0001b:33E5FED802CC00EAE0530A4A622B2AEA:8acae2c59b85fa03019c74a8cf6a4f62:SVGYO,2026-07-29,https://www.kap.org.tr/tr/Pazarlar,bb0c7f4fcc8446444ef3aa1785e459ac9ba724acf7b255fec2b8006f7e81d604,Exact as-of source observation; no liquidity filter applied.,SVGYO,,ANA PAZAR,EQUITY,PASS_BORSA_ISTANBUL_KAP_REFERENCE
bist_active_universe_v1,2026-07-29,SEC_436595b365af,TABGD,TAB GIDA SANAYİ VE TİCARET A.Ş.,PAY PİYASASI,YILDIZ PAZAR,EQUITY,True,True,KAP_MARKETS,KAP_MARKET:4028328c550642950155066367d0001b:4028328c6d92933b016e21b838963f42:4028e4a141e536460141e5aa84740938:TABGD,2026-07-29,https://www.kap.org.tr/tr/Pazarlar,20135e84cf0c69ef98f4864bc39fc384876ec5418305ac598677cb663b97357f,Exact as-of source observation; no liquidity filter applied.,TABGD,,YILDIZ PAZAR,EQUITY,PASS_BORSA_ISTANBUL_KAP_REFERENCE
bist_active_universe_v1,2026-07-29,SEC_19eb805f8e5a,TARKM,TARKİM BİTKİ KORUMA SANAYİ VE TİCARET A.Ş.,PAY PİYASASI,YILDIZ PAZAR,EQUITY,True,True,KAP_MARKETS,KAP_MARKET:4028328c550642950155066367d0001b:4028328c6d92933b016e21b838963f42:8acae2c56eccfc0c016fae44264f6323:TARKM,2026-07-29,https://www.kap.org.tr/tr/Pazarlar,54d7e7536dbf4899d744b90df7932a36d7f0df83c1528f083d9591acf0b5cd08,Exact as-of source observation; no liquidity filter applied.,TARKM,,YILDIZ PAZAR,EQUITY,PASS_BORSA_ISTANBUL_KAP_REFERENCE
bist_active_universe_v1,2026-07-29,SEC_174ce04251ac,TATEN,TATLIPINAR ENERJİ ÜRETİM A.Ş.,PAY PİYASASI,YILDIZ PAZAR,EQUITY,True,True,KAP_MARKETS,KAP_MARKET:4028328c550642950155066367d0001b:4028328c6d92933b016e21b838963f42:8acae2c586d22c510189bf5827490281:TATEN,2026-07-29,https://www.kap.org.tr/tr/Pazarlar,dd38ac2b190fb9cbe21eacf0dc84006d626af1dcf562b95afeffadd69c54868a,Exact as-of source observation; no liquidity filter applied.,TATEN,,YILDIZ PAZAR,EQUITY,PASS_BORSA_ISTANBUL_KAP_REFERENCE
bist_active_universe_v1,2026-07-29,SEC_ef4425968963,TATGD,TAT GIDA SANAYİ A.Ş.,PAY PİYASASI,ANA PAZAR,EQUITY,True,True,KAP_MARKETS,KAP_MARKET:4028328c550642950155066367d0001b:33E5FED802CC00EAE0530A4A622B2AEA:4028e4a140f2ed720140f31089aa010a:TATGD,2026-07-29,https://www.kap.org.tr/tr/Pazarlar,08876e39fa6bd979175f4aee716a5f2df674d66fbd1608896aa32f635f2c259e,Exact as-of source observation; no liquidity filter applied.,TATGD,,ANA PAZAR,EQUITY,PASS_BORSA_ISTANBUL_KAP_REFERENCE
bist_active_universe_v1,2026-07-29,SEC_4436a0040f4f,TAVHL,TAV HAVALİMANLARI HOLDİNG A.Ş.,PAY PİYASASI,YILDIZ PAZAR,EQUITY,True,True,KAP_MARKETS,KAP_MARKET:4028328c550642950155066367d0001b:4028328c6d92933b016e21b838963f42:4028e4a140f2ed720140f31195ef010e:TAVHL,2026-07-29,https://www.kap.org.tr/tr/Pazarlar,a60530a410b6234dbc717eee604a1587301349dca23292aba1378576aed1e707,Exact as-of source observation; no liquidity filter applied.,TAVHL,,YILDIZ PAZAR,EQUITY,PASS_BORSA_ISTANBUL_KAP_REFERENCE
bist_active_universe_v1,2026-07-29,SEC_b7fac6a301f1,TBORG,TÜRK TUBORG BİRA VE MALT SANAYİİ A.Ş.,PAY PİYASASI,ANA PAZAR,EQUITY,True,True,KAP_MARKETS,KAP_MARKET:4028328c550642950155066367d0001b:33E5FED802CC00EAE0530A4A622B2AEA:4028e4a140f2ed720140f37b033601b2:TBORG,2026-07-29,https://www.kap.org.tr/tr/Pazarlar,fb568120897c78ccf28786584e107459f540ca83ae6949c213ee09616817e92b,Exact as-of source observation; no liquidity filter applied.,TBORG,,ANA PAZAR,EQUITY,PASS_BORSA_ISTANBUL_KAP_REFERENCE
bist_active_universe_v1,2026-07-29,SEC_7d40e5b770d8,TCELL,TURKCELL İLETİŞİM HİZMETLERİ A.Ş.,PAY PİYASASI,YILDIZ PAZAR,EQUITY,True,True,KAP_MARKETS,KAP_MARKET:4028328c550642950155066367d0001b:4028328c6d92933b016e21b838963f42:4028e4a1486ec80a0148c55510d71d31:TCELL,2026-07-29,https://www.kap.org.tr/tr/Pazarlar,af000354a6433d721d359aacffb0111ed72a826dee3f48086d7b1c59e92f5dec,Exact as-of source observation; no liquidity filter applied.,TCELL,,YILDIZ PAZAR,EQUITY,PASS_BORSA_ISTANBUL_KAP_REFERENCE
bist_active_universe_v1,2026-07-29,SEC_e6943e881969,TCKRC,KIRAÇ GALVANİZ TELEKOMİNİKASYON METAL MAKİNE İNŞAAT ELEKTRİK SANAYİ VE TİCARET A.Ş.,PAY PİYASASI,YILDIZ PAZAR,EQUITY,True,True,KAP_MARKETS,KAP_MARKET:4028328c550642950155066367d0001b:4028328c6d92933b016e21b838963f42:8acae2c48c3efac0019137973fd07e5e:TCKRC,2026-07-29,https://www.kap.org.tr/tr/Pazarlar,ea1d03a1c9bb1ef8057339462a7e4f1e9da75cd5a76c21a8232ddfaf31f21a3a,Exact as-of source observation; no liquidity filter applied.,TCKRC,,YILDIZ PAZAR,EQUITY,PASS_BORSA_ISTANBUL_KAP_REFERENCE
bist_active_universe_v1,2026-07-29,SEC_38e7a41f3d5c,TDGYO,TREND GAYRİMENKUL YATIRIM ORTAKLIĞI A.Ş.,PAY PİYASASI,ALT PAZAR,EQUITY,True,True,KAP_MARKETS,KAP_MARKET:4028328c550642950155066367d0001b:4028328c6d92933b016e21b91b463f54:8acae2c45fc5ff9d01613299f17a2065:TDGYO,2026-07-29,https://www.kap.org.tr/tr/Pazarlar,1cbb760b850d56cf47350ef958723a7060e484a66dd293598e1ed0dd303b1497,Exact as-of source observation; no liquidity filter applied.,TDGYO,,ALT PAZAR,EQUITY,PASS_BORSA_ISTANBUL_KAP_REFERENCE
bist_active_universe_v1,2026-07-29,SEC_abc4ddf4d811,TEHOL,TERA YATIRIM TEKNOLOJİ HOLDİNG A.Ş.,PAY PİYASASI,ANA PAZAR,EQUITY,True,True,KAP_MARKETS,KAP_MARKET:4028328c550642950155066367d0001b:33E5FED802CC00EAE0530A4A622B2AEA:4028e4a240ee866c0140f1f6699e0018:TEHOL,2026-07-29,https://www.kap.org.tr/tr/Pazarlar,cea812288884f66b0abf81435ce7c8bc254df37b9b4f5932a6a6d69935b1a61f,Exact as-of source observation; no liquidity filter applied.,TEHOL,,ANA PAZAR,EQUITY,PASS_BORSA_ISTANBUL_KAP_REFERENCE
bist_active_universe_v1,2026-07-29,SEC_92646152ff64,TEKTU,TEK-ART İNŞAAT TİCARET TURİZM SANAYİ VE YATIRIMLAR A.Ş.,PAY PİYASASI,ANA PAZAR,EQUITY,True,True,KAP_MARKETS,KAP_MARKET:4028328c550642950155066367d0001b:33E5FED802CC00EAE0530A4A622B2AEA:4028e4a1416e696301416effc1a04330:TEKTU,2026-07-29,https://www.kap.org.tr/tr/Pazarlar,ba6fd0e38c789bd28957e3eb0240c35280db9ffc1cb06a9df0ba34a8d4cea734,Exact as-of source observation; no liquidity filter applied.,TEKTU,,ANA PAZAR,EQUITY,PASS_BORSA_ISTANBUL_KAP_REFERENCE
bist_active_universe_v1,2026-07-29,SEC_f69ec91e1184,TERA,TERA YATIRIM MENKUL DEĞERLER A.Ş.,PAY PİYASASI,ANA PAZAR,EQUITY,True,True,KAP_MARKETS,KAP_MARKET:4028328c550642950155066367d0001b:33E5FED802CC00EAE0530A4A622B2AEA:4028e4a141733b56014178115f7e51e7:TERA,2026-07-29,https://www.kap.org.tr/tr/Pazarlar,828f0e093a83468db65364d507a6fe374389cdf61efd1cfe50b79cdd5739433b,Exact as-of source observation; no liquidity filter applied.,TERA,,ANA PAZAR,EQUITY,PASS_BORSA_ISTANBUL_KAP_REFERENCE
bist_active_universe_v1,2026-07-29,SEC_6e1557904577,TEZOL,EUROPAP TEZOL KAĞIT SANAYİ VE TİCARET A.Ş.,PAY PİYASASI,YILDIZ PAZAR,EQUITY,True,True,KAP_MARKETS,KAP_MARKET:4028328c550642950155066367d0001b:4028328c6d92933b016e21b838963f42:8acae2c468aeffb7016949376d695d6c:TEZOL,2026-07-29,https://www.kap.org.tr/tr/Pazarlar,2b7e41a9459c1e8db55b4c1cd2fb1fdedbf7096d64ee3040d86457613ab7b6dc,Exact as-of source observation; no liquidity filter applied.,TEZOL,,YILDIZ PAZAR,EQUITY,PASS_BORSA_ISTANBUL_KAP_REFERENCE
bist_active_universe_v1,2026-07-29,SEC_2cda803838d4,TGSAS,TGS DIŞ TİCARET A.Ş.,PAY PİYASASI,ANA PAZAR,EQUITY,True,True,KAP_MARKETS,KAP_MARKET:4028328c550642950155066367d0001b:33E5FED802CC00EAE0530A4A622B2AEA:4028e4a140f2ed710140f3255bea009c:TGSAS,2026-07-29,https://www.kap.org.tr/tr/Pazarlar,f702a7a0d701fdb0de721d2856851e49296655a3fc17eaa44ee1b9733eeaedf3,Exact as-of source observation; no liquidity filter applied.,TGSAS,,ANA PAZAR,EQUITY,PASS_BORSA_ISTANBUL_KAP_REFERENCE
bist_active_universe_v1,2026-07-29,SEC_444a261b8b9b,THYAO,TÜRK HAVA YOLLARI A.O.,PAY PİYASASI,YILDIZ PAZAR,EQUITY,True,True,KAP_MARKETS,KAP_MARKET:4028328c550642950155066367d0001b:4028328c6d92933b016e21b838963f42:4028e4a140f2ed720140f376bebb01a7:THYAO,2026-07-29,https://www.kap.org.tr/tr/Pazarlar,23641728a970cef82b2700775df9ff70a0cbc4f329197819d8e5184633e09090,Exact as-of source observation; no liquidity filter applied.,THYAO,,YILDIZ PAZAR,EQUITY,PASS_BORSA_ISTANBUL_KAP_REFERENCE
bist_active_universe_v1,2026-07-29,SEC_d1d828db6caf,TKFEN,TEKFEN HOLDİNG A.Ş.,PAY PİYASASI,YILDIZ PAZAR,EQUITY,True,True,KAP_MARKETS,KAP_MARKET:4028328c550642950155066367d0001b:4028328c6d92933b016e21b838963f42:4028e4a140f2ed720140f31367840112:TKFEN,2026-07-29,https://www.kap.org.tr/tr/Pazarlar,d730e286a935d9c6b5f2e55f2ec97da4f993c3888816e99a29667b70c5d48c5b,Exact as-of source observation; no liquidity filter applied.,TKFEN,,YILDIZ PAZAR,EQUITY,PASS_BORSA_ISTANBUL_KAP_REFERENCE
bist_active_universe_v1,2026-07-29,SEC_f6ff9d62ea51,TKNSA,TEKNOSA İÇ VE DIŞ TİCARET A.Ş.,PAY PİYASASI,ANA PAZAR,EQUITY,True,True,KAP_MARKETS,KAP_MARKET:4028328c550642950155066367d0001b:33E5FED802CC00EAE0530A4A622B2AEA:4028e4a240f2ef470140f31ac6aa006f:TKNSA,2026-07-29,https://www.kap.org.tr/tr/Pazarlar,3d0e02ec2488473e9a2f0ef7d9962d44fe55ad66106c035b33aa477565fb2296,Exact as-of source observation; no liquidity filter applied.,TKNSA,,ANA PAZAR,EQUITY,PASS_BORSA_ISTANBUL_KAP_REFERENCE
bist_active_universe_v1,2026-07-29,SEC_6a3f29724678,TLMAN,TRABZON LİMAN İŞLETMECİLİĞİ A.Ş.,PAY PİYASASI,ANA PAZAR,EQUITY,True,True,KAP_MARKETS,KAP_MARKET:4028328c550642950155066367d0001b:33E5FED802CC00EAE0530A4A622B2AEA:8acae2c45fc5ff9d0160e9391f3b05a4:TLMAN,2026-07-29,https://www.kap.org.tr/tr/Pazarlar,e266cc3c60d96f135ce9358b73b483219f1fd25f401750019f7d273e0b345dba,Exact as-of source observation; no liquidity filter applied.,TLMAN,,ANA PAZAR,EQUITY,PASS_BORSA_ISTANBUL_KAP_REFERENCE
bist_active_universe_v1,2026-07-29,SEC_a499ed1f1fee,TMPOL,TEMAPOL POLİMER PLASTİK VE İNŞAAT SANAYİ TİCARET A.Ş.,PAY PİYASASI,ANA PAZAR,EQUITY,True,True,KAP_MARKETS,KAP_MARKET:4028328c550642950155066367d0001b:33E5FED802CC00EAE0530A4A622B2AEA:4028e4a246b4c5ad0148319a4a87518f:TMPOL,2026-07-29,https://www.kap.org.tr/tr/Pazarlar,2d86379c8051cc88a4b07742e99037175811b5fe4c7e297e71c219edbe2d8e32,Exact as-of source observation; no liquidity filter applied.,TMPOL,,ANA PAZAR,EQUITY,PASS_BORSA_ISTANBUL_KAP_REFERENCE
bist_active_universe_v1,2026-07-29,SEC_5261b059daaf,TMSN,TÜMOSAN MOTOR VE TRAKTÖR SANAYİ A.Ş.,PAY PİYASASI,YILDIZ PAZAR,EQUITY,True,True,KAP_MARKETS,KAP_MARKET:4028328c550642950155066367d0001b:4028328c6d92933b016e21b838963f42:4028e4a141e536460141e53904b50025:TMSN,2026-07-29,https://www.kap.org.tr/tr/Pazarlar,dfbd37e943583741b5ff8b27a22c66312db894603b3fa2c7241eaf5dbfcab446,Exact as-of source observation; no liquidity filter applied.,TMSN,,YILDIZ PAZAR,EQUITY,PASS_BORSA_ISTANBUL_KAP_REFERENCE
bist_active_universe_v1,2026-07-29,SEC_966ac700e6bb,TNZTP,TAPDİ OKSİJEN ÖZEL SAĞLIK VE EĞİTİM HİZMETLERİ SANAYİ TİCARET A.Ş.,PAY PİYASASI,YILDIZ PAZAR,EQUITY,True,True,KAP_MARKETS,KAP_MARKET:4028328c550642950155066367d0001b:4028328c6d92933b016e21b838963f42:8acae2c575a1b5b601773e8cc29d0b24:TNZTP,2026-07-29,https://www.kap.org.tr/tr/Pazarlar,674a0e909ceabe25bb1eef27a0fa3823c228707f78ff6be11258d7ac1c3bce18,Exact as-of source observation; no liquidity filter applied.,TNZTP,,YILDIZ PAZAR,EQUITY,PASS_BORSA_ISTANBUL_KAP_REFERENCE
bist_active_universe_v1,2026-07-29,SEC_4ad3ec9aae03,TOASO,TOFAŞ TÜRK OTOMOBİL FABRİKASI A.Ş.,PAY PİYASASI,YILDIZ PAZAR,EQUITY,True,True,KAP_MARKETS,KAP_MARKET:4028328c550642950155066367d0001b:4028328c6d92933b016e21b838963f42:4028e4a140f2ed710140f328bed700a5:TOASO,2026-07-29,https://www.kap.org.tr/tr/Pazarlar,8543a2c8a7d5b96f2ca75bec295bb34f2b7c819a3f50cf4448c61cc02f548ad0,Exact as-of source observation; no liquidity filter applied.,TOASO,,YILDIZ PAZAR,EQUITY,PASS_BORSA_ISTANBUL_KAP_REFERENCE
bist_active_universe_v1,2026-07-29,SEC_fa0982616141,TRALT,TÜRK ALTIN İŞLETMELERİ A.Ş.,PAY PİYASASI,YILDIZ PAZAR,EQUITY,True,True,KAP_MARKETS,KAP_MARKET:4028328c550642950155066367d0001b:4028328c6d92933b016e21b838963f42:4028e4a2422d9a6e0142bd91d3687a69:TRALT,2026-07-29,https://www.kap.org.tr/tr/Pazarlar,86bbd34289ccda6fada17dc0afec5599f453e3d88b7d801584e3c8f7a09dd15a,Exact as-of source observation; no liquidity filter applied.,TRALT,,YILDIZ PAZAR,EQUITY,PASS_BORSA_ISTANBUL_KAP_REFERENCE
bist_active_universe_v1,2026-07-29,SEC_ecb8038467ca,TRCAS,TURCAS HOLDİNG A.Ş.,PAY PİYASASI,YILDIZ PAZAR,EQUITY,True,True,KAP_MARKETS,KAP_MARKET:4028328c550642950155066367d0001b:4028328c6d92933b016e21b838963f42:4028e4a1415f4d9b01416005c65d3d53:TRCAS,2026-07-29,https://www.kap.org.tr/tr/Pazarlar,ee25df303c04a0eaf641fd591b1cd19bfb3010d7592e30e179689a0908547ba1,Exact as-of source observation; no liquidity filter applied.,TRCAS,,YILDIZ PAZAR,EQUITY,PASS_BORSA_ISTANBUL_KAP_REFERENCE
bist_active_universe_v1,2026-07-29,SEC_8ada3fa7c608,TRENJ,TR DOĞAL ENERJİ KAYNAKLARI ARAŞTIRMA VE ÜRETİM A.Ş.,PAY PİYASASI,YILDIZ PAZAR,EQUITY,True,True,KAP_MARKETS,KAP_MARKET:4028328c550642950155066367d0001b:4028328c6d92933b016e21b838963f42:4028e4a2422d9a6e0142bd9255a37a70:TRENJ,2026-07-29,https://www.kap.org.tr/tr/Pazarlar,c4d2ea48e47660a7d79cf1d52ed7302c758aadd0b874ebe926ad9ba3ff5e8af6,Exact as-of source observation; no liquidity filter applied.,TRENJ,,YILDIZ PAZAR,EQUITY,PASS_BORSA_ISTANBUL_KAP_REFERENCE
bist_active_universe_v1,2026-07-29,SEC_4973243f32f3,TRGYO,TORUNLAR GAYRİMENKUL YATIRIM ORTAKLIĞI A.Ş.,PAY PİYASASI,YILDIZ PAZAR,EQUITY,True,True,KAP_MARKETS,KAP_MARKET:4028328c550642950155066367d0001b:4028328c6d92933b016e21b838963f42:4028e4a1413b7ef5014144f83882011f:TRGYO,2026-07-29,https://www.kap.org.tr/tr/Pazarlar,067db9dc0927816bab11bfaee87a1e4c991a7d45a79ff5267a6aca4723b41953,Exact as-of source observation; no liquidity filter applied.,TRGYO,,YILDIZ PAZAR,EQUITY,PASS_BORSA_ISTANBUL_KAP_REFERENCE
bist_active_universe_v1,2026-07-29,SEC_9636c8605f05,TRHOL,TERA FİNANSAL YATIRIMLAR HOLDİNG A.Ş.,PAY PİYASASI,ALT PAZAR,EQUITY,True,True,KAP_MARKETS,KAP_MARKET:4028328c550642950155066367d0001b:4028328c6d92933b016e21b91b463f54:4028e4a140f2ed7101411163985a021e:TRHOL,2026-07-29,https://www.kap.org.tr/tr/Pazarlar,9d0dc08cd06ab0488c20ab692c68e4f716c9b209c7c50cc6299079312464f9f1,Exact as-of source observation; no liquidity filter applied.,TRHOL,,ALT PAZAR,EQUITY,PASS_BORSA_ISTANBUL_KAP_REFERENCE
bist_active_universe_v1,2026-07-29,SEC_02ba05412e2f,TRILC,TURK İLAÇ VE SERUM SANAYİ A.Ş.,PAY PİYASASI,YAKIN İZLEME PAZARI,EQUITY,True,True,KAP_MARKETS,KAP_MARKET:4028328c550642950155066367d0001b:33E5FED802BE00EAE0530A4A622B2AEA:8acae2c575a1b5b601773ec6c0030b66:TRILC,2026-07-29,https://www.kap.org.tr/tr/Pazarlar,6e00dc52a199154775bbf1c490bd6949ba9a1433edf75f6c570509886ae5471a,Exact as-of source observation; no liquidity filter applied.,TRILC,,YAKIN İZLEME PAZARI,EQUITY,PASS_BORSA_ISTANBUL_KAP_REFERENCE
bist_active_universe_v1,2026-07-29,SEC_fe0355eba3b3,TRMET,TR ANADOLU METAL MADENCİLİK İŞLETMELERİ A.Ş.,PAY PİYASASI,YILDIZ PAZAR,EQUITY,True,True,KAP_MARKETS,KAP_MARKET:4028328c550642950155066367d0001b:4028328c6d92933b016e21b838963f42:4028e4a2422d9a6e0142bd921d307a6d:TRMET,2026-07-29,https://www.kap.org.tr/tr/Pazarlar,35a46a39a71fee209d01f1ae35325aa41e4434f59538777d9d058d4b4525d7f0,Exact as-of source observation; no liquidity filter applied.,TRMET,,YILDIZ PAZAR,EQUITY,PASS_BORSA_ISTANBUL_KAP_REFERENCE
bist_active_universe_v1,2026-07-29,SEC_81067270b05a,TSGYO,TSKB GAYRİMENKUL YATIRIM ORTAKLIĞI A.Ş.,PAY PİYASASI,ANA PAZAR,EQUITY,True,True,KAP_MARKETS,KAP_MARKET:4028328c550642950155066367d0001b:33E5FED802CC00EAE0530A4A622B2AEA:4028e4a240f2ef470140f37174c600a7:TSGYO,2026-07-29,https://www.kap.org.tr/tr/Pazarlar,6958aeae989100f48dde9d7be8ea988a4f613f3a017f3024a78464b2ad6c9614,Exact as-of source observation; no liquidity filter applied.,TSGYO,,ANA PAZAR,EQUITY,PASS_BORSA_ISTANBUL_KAP_REFERENCE
bist_active_universe_v1,2026-07-29,SEC_035c1c8b4282,TSKB,TÜRKİYE SINAİ KALKINMA BANKASI A.Ş.,PAY PİYASASI,YILDIZ PAZAR,EQUITY,True,True,KAP_MARKETS,KAP_MARKET:4028328c550642950155066367d0001b:4028328c6d92933b016e21b838963f42:4028e4a140f2ed710140f3831c6300fd:TSKB,2026-07-29,https://www.kap.org.tr/tr/Pazarlar,c0b4689a4234b4f51c6ec3cf43d5d58c1f228300c72256d15aeced5c54472ce3,Exact as-of source observation; no liquidity filter applied.,TSKB,,YILDIZ PAZAR,EQUITY,PASS_BORSA_ISTANBUL_KAP_REFERENCE
bist_active_universe_v1,2026-07-29,SEC_80a8900cfed0,TSPOR,TRABZONSPOR SPORTİF YATIRIM VE FUTBOL İŞLETMECİLİĞİ TİCARET A.Ş.,PAY PİYASASI,YILDIZ PAZAR,EQUITY,True,True,KAP_MARKETS,KAP_MARKET:4028328c550642950155066367d0001b:4028328c6d92933b016e21b838963f42:4028e4a141da49e50141e0852f272b80:TSPOR,2026-07-29,https://www.kap.org.tr/tr/Pazarlar,794443f8f003a64f46a9073f740971737c4eaccfdd9a9d313303c0612c86f87d,Exact as-of source observation; no liquidity filter applied.,TSPOR,,YILDIZ PAZAR,EQUITY,PASS_BORSA_ISTANBUL_KAP_REFERENCE
bist_active_universe_v1,2026-07-29,SEC_a1c9c355852f,TTKOM,TÜRK TELEKOMÜNİKASYON A.Ş.,PAY PİYASASI,YILDIZ PAZAR,EQUITY,True,True,KAP_MARKETS,KAP_MARKET:4028328c550642950155066367d0001b:4028328c6d92933b016e21b838963f42:4028e4a241e538ab0141ea9c96912c8b:TTKOM,2026-07-29,https://www.kap.org.tr/tr/Pazarlar,30775afe520f860a5506b43caa1863bb7d8ea672d8744625632699929c46ef22,Exact as-of source observation; no liquidity filter applied.,TTKOM,,YILDIZ PAZAR,EQUITY,PASS_BORSA_ISTANBUL_KAP_REFERENCE
bist_active_universe_v1,2026-07-29,SEC_d4c7eeb9c4fb,TTRAK,TÜRK TRAKTÖR VE ZİRAAT MAKİNELERİ A.Ş.,PAY PİYASASI,YILDIZ PAZAR,EQUITY,True,True,KAP_MARKETS,KAP_MARKET:4028328c550642950155066367d0001b:4028328c6d92933b016e21b838963f42:4028e4a140f2ed720140f3790d6a01ad:TTRAK,2026-07-29,https://www.kap.org.tr/tr/Pazarlar,e97fd6ebb05758a4aa355409de78359bd7cd28a843bcaf5ec94a31f9928c64b6,Exact as-of source observation; no liquidity filter applied.,TTRAK,,YILDIZ PAZAR,EQUITY,PASS_BORSA_ISTANBUL_KAP_REFERENCE
bist_active_universe_v1,2026-07-29,SEC_c07109106e1e,TUCLK,TUĞÇELİK ALÜMİNYUM VE METAL MAMÜLLERİ SANAYİ VE TİCARET A.Ş.,PAY PİYASASI,ANA PAZAR,EQUITY,True,True,KAP_MARKETS,KAP_MARKET:4028328c550642950155066367d0001b:33E5FED802CC00EAE0530A4A622B2AEA:4028e4a146b4c4110147f3bb4e795ce5:TUCLK,2026-07-29,https://www.kap.org.tr/tr/Pazarlar,14f3c9c36278114e2110c1a6069e273393a2fe62550daaa225622b833e8c8518,Exact as-of source observation; no liquidity filter applied.,TUCLK,,ANA PAZAR,EQUITY,PASS_BORSA_ISTANBUL_KAP_REFERENCE
bist_active_universe_v1,2026-07-29,SEC_1ed54743536a,TUKAS,TUKAŞ GIDA SANAYİ VE TİCARET A.Ş.,PAY PİYASASI,YILDIZ PAZAR,EQUITY,True,True,KAP_MARKETS,KAP_MARKET:4028328c550642950155066367d0001b:4028328c6d92933b016e21b838963f42:4028e4a240f2ef470140f373b77f00ac:TUKAS,2026-07-29,https://www.kap.org.tr/tr/Pazarlar,1554b845309e8174c3a6efbc1a16b4fff5986c4871523f1afcfaa69f7c14d5ce,Exact as-of source observation; no liquidity filter applied.,TUKAS,,YILDIZ PAZAR,EQUITY,PASS_BORSA_ISTANBUL_KAP_REFERENCE
bist_active_universe_v1,2026-07-29,SEC_6f71d9bece8b,TUPRS,TÜPRAŞ-TÜRKİYE PETROL RAFİNERİLERİ A.Ş.,PAY PİYASASI,YILDIZ PAZAR,EQUITY,True,True,KAP_MARKETS,KAP_MARKET:4028328c550642950155066367d0001b:4028328c6d92933b016e21b838963f42:4028e4a140f2ed720140f37f139c01bc:TUPRS,2026-07-29,https://www.kap.org.tr/tr/Pazarlar,e19438e3dcc3fde687f984b3bfa9b69af2a989a1e181d872db0c6de053a0d4c2,Exact as-of source observation; no liquidity filter applied.,TUPRS,,YILDIZ PAZAR,EQUITY,PASS_BORSA_ISTANBUL_KAP_REFERENCE
bist_active_universe_v1,2026-07-29,SEC_97da3882aa58,TUREX,TUREKS TURİZM TAŞIMACILIK A.Ş.,PAY PİYASASI,YILDIZ PAZAR,EQUITY,True,True,KAP_MARKETS,KAP_MARKET:4028328c550642950155066367d0001b:4028328c6d92933b016e21b838963f42:402821824bf524dd014d7babc2134829:TUREX,2026-07-29,https://www.kap.org.tr/tr/Pazarlar,ec707281ef6aaf5efceb305d80af3bfeb7dde77764951c670c4e22b4cac46aa0,Exact as-of source observation; no liquidity filter applied.,TUREX,,YILDIZ PAZAR,EQUITY,PASS_BORSA_ISTANBUL_KAP_REFERENCE
bist_active_universe_v1,2026-07-29,SEC_437aa8911ef5,TURGG,TÜRKER PROJE GAYRİMENKUL VE YATIRIM GELİŞTİRME A.Ş.,PAY PİYASASI,ANA PAZAR,EQUITY,True,True,KAP_MARKETS,KAP_MARKET:4028328c550642950155066367d0001b:33E5FED802CC00EAE0530A4A622B2AEA:4028e4a140f2ed720140f3440383018e:TURGG,2026-07-29,https://www.kap.org.tr/tr/Pazarlar,01426c9a20a7515b079a57bcf16bbe3c0d95b10b1d99581cee2233e9db60b1b0,Exact as-of source observation; no liquidity filter applied.,TURGG,,ANA PAZAR,EQUITY,PASS_BORSA_ISTANBUL_KAP_REFERENCE
bist_active_universe_v1,2026-07-29,SEC_14b88f5d3641,TURSG,TÜRKİYE SİGORTA A.Ş.,PAY PİYASASI,YILDIZ PAZAR,EQUITY,True,True,KAP_MARKETS,KAP_MARKET:4028328c550642950155066367d0001b:4028328c6d92933b016e21b838963f42:4028e4a140e95be70140ee2f466d0159:TURSG,2026-07-29,https://www.kap.org.tr/tr/Pazarlar,64dda3a1590b1d1413b9ec967bb00c1decac561388622d76f5e920ccbf3224c3,Exact as-of source observation; no liquidity filter applied.,TURSG,,YILDIZ PAZAR,EQUITY,PASS_BORSA_ISTANBUL_KAP_REFERENCE
bist_active_universe_v1,2026-07-29,SEC_f00dc33fba9c,UCAYM,ÜÇAY MÜHENDİSLİK ENERJİ VE İKLİMLENDİRME TEKNOLOJİLERİ A.Ş.,PAY PİYASASI,YILDIZ PAZAR,EQUITY,True,True,KAP_MARKETS,KAP_MARKET:4028328c550642950155066367d0001b:4028328c6d92933b016e21b838963f42:8acae2c49b85f8ce019ba3efeb403292:UCAYM,2026-07-29,https://www.kap.org.tr/tr/Pazarlar,736c312c2d16d30962394ba9c71f7c247731c16e0187c41c917e4aa4b1fa2b85,Exact as-of source observation; no liquidity filter applied.,UCAYM,,YILDIZ PAZAR,EQUITY,PASS_BORSA_ISTANBUL_KAP_REFERENCE
bist_active_universe_v1,2026-07-29,SEC_69aff7d529f4,UFUK,UFUK YATIRIM YÖNETİM VE GAYRİMENKUL A.Ş.,PAY PİYASASI,ANA PAZAR,EQUITY,True,True,KAP_MARKETS,KAP_MARKET:4028328c550642950155066367d0001b:33E5FED802CC00EAE0530A4A622B2AEA:4028e4a24158e42201415afe28e760a4:UFUK,2026-07-29,https://www.kap.org.tr/tr/Pazarlar,1249e7dfbd360a445fdffb9f7cea76f464aba2151aaf897eb5b8950f5dd9cda1,Exact as-of source observation; no liquidity filter applied.,UFUK,,ANA PAZAR,EQUITY,PASS_BORSA_ISTANBUL_KAP_REFERENCE
bist_active_universe_v1,2026-07-29,SEC_2acdd7453034,ULAS,ULAŞLAR TURİZM ENERJİ TARIM GIDA VE İNŞAAT YATIRIMLARI A.Ş.,PAY PİYASASI,ALT PAZAR,EQUITY,True,True,KAP_MARKETS,KAP_MARKET:4028328c550642950155066367d0001b:4028328c6d92933b016e21b91b463f54:4028e4a240f2ef4c0140f38adfa1008d:ULAS,2026-07-29,https://www.kap.org.tr/tr/Pazarlar,f23ca84abde5e87c1d607e8c2f6eb8c29e1305026c01975f4c5203f63446fade,Exact as-of source observation; no liquidity filter applied.,ULAS,,ALT PAZAR,EQUITY,PASS_BORSA_ISTANBUL_KAP_REFERENCE
bist_active_universe_v1,2026-07-29,SEC_d2de5344cb04,ULKER,ÜLKER BİSKÜVİ SANAYİ A.Ş.,PAY PİYASASI,YILDIZ PAZAR,EQUITY,True,True,KAP_MARKETS,KAP_MARKET:4028328c550642950155066367d0001b:4028328c6d92933b016e21b838963f42:4028e4a14184e9c901419801438a422b:ULKER,2026-07-29,https://www.kap.org.tr/tr/Pazarlar,92c3aad98505a2393c6a9d9e6151fb2312a027353ebe950c8a053406f9049768,Exact as-of source observation; no liquidity filter applied.,ULKER,,YILDIZ PAZAR,EQUITY,PASS_BORSA_ISTANBUL_KAP_REFERENCE
bist_active_universe_v1,2026-07-29,SEC_1b87f56f4e79,ULUFA,ULUSAL FAKTORİNG A.Ş.,PAY PİYASASI,ANA PAZAR,EQUITY,True,True,KAP_MARKETS,KAP_MARKET:4028328c550642950155066367d0001b:33E5FED802CC00EAE0530A4A622B2AEA:4028e4a1416e696301416f321c3d5ca7:ULUFA,2026-07-29,https://www.kap.org.tr/tr/Pazarlar,993edab9501d59216f2088158b5ce906cde9ef1fe62755f06254c2e554c16a98,Exact as-of source observation; no liquidity filter applied.,ULUFA,,ANA PAZAR,EQUITY,PASS_BORSA_ISTANBUL_KAP_REFERENCE
bist_active_universe_v1,2026-07-29,SEC_8355a4dd31c9,ULUSE,ULUSOY ELEKTRİK İMALAT TAAHHÜT VE TİCARET A.Ş.,PAY PİYASASI,ANA PAZAR,EQUITY,True,True,KAP_MARKETS,KAP_MARKET:4028328c550642950155066367d0001b:33E5FED802CC00EAE0530A4A622B2AEA:4028e4a24a069620014a341cfac83419:ULUSE,2026-07-29,https://www.kap.org.tr/tr/Pazarlar,5412be1ce4c73f3bc6e3c7a0c0d8cccdc1527db2a1d6c67edb9d36ef366f2896,Exact as-of source observation; no liquidity filter applied.,ULUSE,,ANA PAZAR,EQUITY,PASS_BORSA_ISTANBUL_KAP_REFERENCE
bist_active_universe_v1,2026-07-29,SEC_26bd00b2e9b5,ULUUN,ULUSOY UN SANAYİ VE TİCARET A.Ş.,PAY PİYASASI,ANA PAZAR,EQUITY,True,True,KAP_MARKETS,KAP_MARKET:4028328c550642950155066367d0001b:33E5FED802CC00EAE0530A4A622B2AEA:4028e4a14371e09d0143c4d925022442:ULUUN,2026-07-29,https://www.kap.org.tr/tr/Pazarlar,2ff9f08709c43278990ee9d04f9476a45670cd56aa766a34847d0539afa9d780,Exact as-of source observation; no liquidity filter applied.,ULUUN,,ANA PAZAR,EQUITY,PASS_BORSA_ISTANBUL_KAP_REFERENCE
bist_active_universe_v1,2026-07-29,SEC_14b03f002c0b,UMPAS,UMPAŞ HOLDİNG A.Ş.,PAY PİYASASI,PİYASA ÖNCESİ İŞLEM PLATFORMU,EQUITY,True,True,KAP_MARKETS,KAP_MARKET:4028328c550642950155066367d0001b:33E5FED802B000EAE0530A4A622B2AEA:4028e4a240f2ef4c0140f38be24f0091:UMPAS,2026-07-29,https://www.kap.org.tr/tr/Pazarlar,50b40f6ba1821979d5251c8a67e39523084d02cad4f18e2b1723525666698aed,Exact as-of source observation; no liquidity filter applied.,UMPAS,,PİYASA ÖNCESİ İŞLEM PLATFORMU,EQUITY,PASS_BORSA_ISTANBUL_KAP_REFERENCE
bist_active_universe_v1,2026-07-29,SEC_adec0cb816d3,UNLU,ÜNLÜ YATIRIM HOLDİNG A.Ş.,PAY PİYASASI,ANA PAZAR,EQUITY,True,True,KAP_MARKETS,KAP_MARKET:4028328c550642950155066367d0001b:33E5FED802CC00EAE0530A4A622B2AEA:4028e4a24bcf2bca014be9def2a47203:UNLU,2026-07-29,https://www.kap.org.tr/tr/Pazarlar,cf6857af142d8d21f839a4172a9f2ba39300f03ae96c8e3671505b5aed617e12,Exact as-of source observation; no liquidity filter applied.,UNLU,,ANA PAZAR,EQUITY,PASS_BORSA_ISTANBUL_KAP_REFERENCE
bist_active_universe_v1,2026-07-29,SEC_d5b4bc47a31f,USAK,UŞAK SERAMİK SANAYİ A.Ş.,PAY PİYASASI,YILDIZ PAZAR,EQUITY,True,True,KAP_MARKETS,KAP_MARKET:4028328c550642950155066367d0001b:4028328c6d92933b016e21b838963f42:1DE05DAA843E073AE0530A4A622A2EBD:USAK,2026-07-29,https://www.kap.org.tr/tr/Pazarlar,f909240ab68ebbfcba7893b7611e5e2be6c40c45a35c54d60a8f6820a81c22c1,Exact as-of source observation; no liquidity filter applied.,USAK,,YILDIZ PAZAR,EQUITY,PASS_BORSA_ISTANBUL_KAP_REFERENCE
bist_active_universe_v1,2026-07-29,SEC_a709f511f0a6,VAKBN,TÜRKİYE VAKIFLAR BANKASI T.A.O.,PAY PİYASASI,YILDIZ PAZAR,EQUITY,True,True,KAP_MARKETS,KAP_MARKET:4028328c550642950155066367d0001b:4028328c6d92933b016e21b838963f42:4028e4a1415f4d9b01415fe3340f36e4:VAKBN,2026-07-29,https://www.kap.org.tr/tr/Pazarlar,1d637c399c17aba4684f8dfa05baf090b503c3f1307b310a3e4f50f1632357f6,Exact as-of source observation; no liquidity filter applied.,VAKBN,,YILDIZ PAZAR,EQUITY,PASS_BORSA_ISTANBUL_KAP_REFERENCE
bist_active_universe_v1,2026-07-29,SEC_9d637f1987c7,VAKFA,VAKIF FAKTORİNG A.Ş.,PAY PİYASASI,YILDIZ PAZAR,EQUITY,True,True,KAP_MARKETS,KAP_MARKET:4028328c550642950155066367d0001b:4028328c6d92933b016e21b838963f42:4028e4a2422d9a7801426b0fb4db037d:VAKFA,2026-07-29,https://www.kap.org.tr/tr/Pazarlar,80ab83f9768d413f2501977598a25593c56873b2db112b12d9c6887fed890fcc,Exact as-of source observation; no liquidity filter applied.,VAKFA,,YILDIZ PAZAR,EQUITY,PASS_BORSA_ISTANBUL_KAP_REFERENCE
bist_active_universe_v1,2026-07-29,SEC_5ea2102c3f23,VAKFN,VAKIF FİNANSAL KİRALAMA A.Ş.,PAY PİYASASI,YILDIZ PAZAR,EQUITY,True,True,KAP_MARKETS,KAP_MARKET:4028328c550642950155066367d0001b:4028328c6d92933b016e21b838963f42:4028e4a241462fd801414fa81cce2e75:VAKFN,2026-07-29,https://www.kap.org.tr/tr/Pazarlar,6d471ca56cb9c1223c147412e66a098abe7c3937b86631f3b8362a2a604c5017,Exact as-of source observation; no liquidity filter applied.,VAKFN,,YILDIZ PAZAR,EQUITY,PASS_BORSA_ISTANBUL_KAP_REFERENCE
bist_active_universe_v1,2026-07-29,SEC_7e1db2620ef1,VAKKO,VAKKO TEKSTİL VE HAZIR GİYİM SANAYİ İŞLETMELERİ A.Ş.,PAY PİYASASI,YILDIZ PAZAR,EQUITY,True,True,KAP_MARKETS,KAP_MARKET:4028328c550642950155066367d0001b:4028328c6d92933b016e21b838963f42:4028e4a2422d9a6e014251b075f0227f:VAKKO,2026-07-29,https://www.kap.org.tr/tr/Pazarlar,d8cea64e1cb492c541ba0a87b1df789b126b85517883687eb3c2642bd4964b77,Exact as-of source observation; no liquidity filter applied.,VAKKO,,YILDIZ PAZAR,EQUITY,PASS_BORSA_ISTANBUL_KAP_REFERENCE
bist_active_universe_v1,2026-07-29,SEC_189de31cd10b,VANGD,VANET GIDA SANAYİ İÇ VE DIŞ TİCARET A.Ş.,PAY PİYASASI,ALT PAZAR,EQUITY,True,True,KAP_MARKETS,KAP_MARKET:4028328c550642950155066367d0001b:4028328c6d92933b016e21b91b463f54:4028e4a1416e696301416ecfa3fb2ca4:VANGD,2026-07-29,https://www.kap.org.tr/tr/Pazarlar,e07f88c7ce087dfca4ba861243201bf6e6bf70d4ad1e438ee720d60d41d1b3f4,Exact as-of source observation; no liquidity filter applied.,VANGD,,ALT PAZAR,EQUITY,PASS_BORSA_ISTANBUL_KAP_REFERENCE
bist_active_universe_v1,2026-07-29,SEC_371d6f84281a,VBTYZ,VBT YAZILIM A.Ş.,PAY PİYASASI,ANA PAZAR,EQUITY,True,True,KAP_MARKETS,KAP_MARKET:4028328c550642950155066367d0001b:33E5FED802CC00EAE0530A4A622B2AEA:8acae2c4794d3648017a420bdd4c4fa3:VBTYZ,2026-07-29,https://www.kap.org.tr/tr/Pazarlar,bd50cd4a8ae96b58f1a5b9c0e3dc9e55858dc6fbbd4e4d6cdad7f691e581c1f9,Exact as-of source observation; no liquidity filter applied.,VBTYZ,,ANA PAZAR,EQUITY,PASS_BORSA_ISTANBUL_KAP_REFERENCE
bist_active_universe_v1,2026-07-29,SEC_44f79df2b93a,VERTU,VERUSATURK GİRİŞİM SERMAYESİ YATIRIM ORTAKLIĞI A.Ş.,PAY PİYASASI,ANA PAZAR,EQUITY,True,True,KAP_MARKETS,KAP_MARKET:4028328c550642950155066367d0001b:33E5FED802CC00EAE0530A4A622B2AEA:4028e4a2420327a4014209c59cc91457:VERTU,2026-07-29,https://www.kap.org.tr/tr/Pazarlar,7d7a9a63e2c895f0a3527b358c2e1617ffd02dcd934ebb6c57f31b89d1218e7e,Exact as-of source observation; no liquidity filter applied.,VERTU,,ANA PAZAR,EQUITY,PASS_BORSA_ISTANBUL_KAP_REFERENCE
bist_active_universe_v1,2026-07-29,SEC_7666c4de6ba7,VERUS,VERUSA HOLDİNG A.Ş.,PAY PİYASASI,ANA PAZAR,EQUITY,True,True,KAP_MARKETS,KAP_MARKET:4028328c550642950155066367d0001b:33E5FED802CC00EAE0530A4A622B2AEA:4028e4a2422d9a78014275ba7f133b05:VERUS,2026-07-29,https://www.kap.org.tr/tr/Pazarlar,e6adca7ee05f95f7654294a7645c68654a0321322a8fc76e6e82b8a26246657b,Exact as-of source observation; no liquidity filter applied.,VERUS,,ANA PAZAR,EQUITY,PASS_BORSA_ISTANBUL_KAP_REFERENCE
bist_active_universe_v1,2026-07-29,SEC_98b067b30d77,VESBE,VESTEL BEYAZ EŞYA SANAYİ VE TİCARET A.Ş.,PAY PİYASASI,YILDIZ PAZAR,EQUITY,True,True,KAP_MARKETS,KAP_MARKET:4028328c550642950155066367d0001b:4028328c6d92933b016e21b838963f42:4028e4a140f2ed7201412c223c9707e6:VESBE,2026-07-29,https://www.kap.org.tr/tr/Pazarlar,67a179d62ad67a1f8e4589024552a8abcdcb984dc8fc1bc267887b82ac0e3005,Exact as-of source observation; no liquidity filter applied.,VESBE,,YILDIZ PAZAR,EQUITY,PASS_BORSA_ISTANBUL_KAP_REFERENCE
bist_active_universe_v1,2026-07-29,SEC_e4907263d589,VESTL,VESTEL ELEKTRONİK SANAYİ VE TİCARET A.Ş.,PAY PİYASASI,YILDIZ PAZAR,EQUITY,True,True,KAP_MARKETS,KAP_MARKET:4028328c550642950155066367d0001b:4028328c6d92933b016e21b838963f42:4028e4a140f2ed7201412c2000c507db:VESTL,2026-07-29,https://www.kap.org.tr/tr/Pazarlar,0da5e0ed8f21cd6b667518a37cfa48b2bf33b95d1e0f43c419f6d69c4ac7b3a0,Exact as-of source observation; no liquidity filter applied.,VESTL,,YILDIZ PAZAR,EQUITY,PASS_BORSA_ISTANBUL_KAP_REFERENCE
bist_active_universe_v1,2026-07-29,SEC_d3a3d6cbf46f,VKFYO,VAKIF MENKUL KIYMET YATIRIM ORTAKLIĞI A.Ş.,PAY PİYASASI,ALT PAZAR,EQUITY,True,True,KAP_MARKETS,KAP_MARKET:4028328c550642950155066367d0001b:4028328c6d92933b016e21b91b463f54:4028e4a241462fd801414fa6227c2e62:VKFYO,2026-07-29,https://www.kap.org.tr/tr/Pazarlar,45d9f50d93c10f922e6990118ba90b445f4f4ba1274dac24a2dce21a6bf617e4,Exact as-of source observation; no liquidity filter applied.,VKFYO,,ALT PAZAR,EQUITY,PASS_BORSA_ISTANBUL_KAP_REFERENCE
bist_active_universe_v1,2026-07-29,SEC_82dd061435e7,VKGYO,VAKIF GAYRİMENKUL YATIRIM ORTAKLIĞI A.Ş.,PAY PİYASASI,YILDIZ PAZAR,EQUITY,True,True,KAP_MARKETS,KAP_MARKET:4028328c550642950155066367d0001b:4028328c6d92933b016e21b838963f42:4028e4a140f2ed72014101a0d3b501f7:VKGYO,2026-07-29,https://www.kap.org.tr/tr/Pazarlar,dea68a3f96954540ade0b780d8a8d13fb0bf48da6b872b28e28a4ffe9bb31bdd,Exact as-of source observation; no liquidity filter applied.,VKGYO,,YILDIZ PAZAR,EQUITY,PASS_BORSA_ISTANBUL_KAP_REFERENCE
bist_active_universe_v1,2026-07-29,SEC_3a275c5250f9,VKING,VİKİNG KAĞIT VE SELÜLOZ A.Ş.,PAY PİYASASI,ANA PAZAR,EQUITY,True,True,KAP_MARKETS,KAP_MARKET:4028328c550642950155066367d0001b:33E5FED802CC00EAE0530A4A622B2AEA:4028e4a140f2ed72014101a2d00a01fe:VKING,2026-07-29,https://www.kap.org.tr/tr/Pazarlar,81ccfe3ebdf70fa8ee3807c4d197327f8f7379a77f8dc47ee2f50d196204eb42,Exact as-of source observation; no liquidity filter applied.,VKING,,ANA PAZAR,EQUITY,PASS_BORSA_ISTANBUL_KAP_REFERENCE
bist_active_universe_v1,2026-07-29,SEC_b31fa2c2cc92,VRGYO,VERA KONSEPT GAYRİMENKUL YATIRIM ORTAKLIĞI A.Ş.,PAY PİYASASI,ANA PAZAR,EQUITY,True,True,KAP_MARKETS,KAP_MARKET:4028328c550642950155066367d0001b:33E5FED802CC00EAE0530A4A622B2AEA:8acae2c486d22a3a018b27e15c37493e:VRGYO,2026-07-29,https://www.kap.org.tr/tr/Pazarlar,00bc7836793864c5dd47a8851ae54c15946811bbb7c61d3a008bfd5990dc6e88,Exact as-of source observation; no liquidity filter applied.,VRGYO,,ANA PAZAR,EQUITY,PASS_BORSA_ISTANBUL_KAP_REFERENCE
bist_active_universe_v1,2026-07-29,SEC_7ec9bb5ec68c,VSNMD,VİŞNE MADENCİLİK ÜRETİM SANAYİ VE TİCARET A.Ş.,PAY PİYASASI,ANA PAZAR,EQUITY,True,True,KAP_MARKETS,KAP_MARKET:4028328c550642950155066367d0001b:33E5FED802CC00EAE0530A4A622B2AEA:8acae2c59145e00e01949893374b244d:VSNMD,2026-07-29,https://www.kap.org.tr/tr/Pazarlar,74269b7c1a7d2480766ab3c0359ee35a476bd28be99eeb6faa7b950f99a16b2a,Exact as-of source observation; no liquidity filter applied.,VSNMD,,ANA PAZAR,EQUITY,PASS_BORSA_ISTANBUL_KAP_REFERENCE
bist_active_universe_v1,2026-07-29,SEC_df6ca5af4ed5,YAPRK,YAPRAK SÜT VE BESİ ÇİFTLİKLERİ SANAYİ VE TİCARET A.Ş.,PAY PİYASASI,ANA PAZAR,EQUITY,True,True,KAP_MARKETS,KAP_MARKET:4028328c550642950155066367d0001b:33E5FED802CC00EAE0530A4A622B2AEA:4028e4a1416e696501416eec8e443d62:YAPRK,2026-07-29,https://www.kap.org.tr/tr/Pazarlar,3be10912f7dadbced6b6d70c1787984a33de6f8b5e0d4ca5870f033b4890becc,Exact as-of source observation; no liquidity filter applied.,YAPRK,,ANA PAZAR,EQUITY,PASS_BORSA_ISTANBUL_KAP_REFERENCE
bist_active_universe_v1,2026-07-29,SEC_81d0cf1de9ca,YATAS,YATAŞ YATAK VE YORGAN SANAYİ TİCARET A.Ş.,PAY PİYASASI,YILDIZ PAZAR,EQUITY,True,True,KAP_MARKETS,KAP_MARKET:4028328c550642950155066367d0001b:4028328c6d92933b016e21b838963f42:4028e4a140f2ed72014106c48768022e:YATAS,2026-07-29,https://www.kap.org.tr/tr/Pazarlar,285c9c21347561bb91d31be66231ef9e40b57199ed478fdbcd8a761b1a33c25a,Exact as-of source observation; no liquidity filter applied.,YATAS,,YILDIZ PAZAR,EQUITY,PASS_BORSA_ISTANBUL_KAP_REFERENCE
bist_active_universe_v1,2026-07-29,SEC_4dd7aa6498dd,YAYLA,YAYLA ENERJİ ÜRETİM TURİZM VE İNŞAAT TİCARET A.Ş.,PAY PİYASASI,ANA PAZAR,EQUITY,True,True,KAP_MARKETS,KAP_MARKET:4028328c550642950155066367d0001b:33E5FED802CC00EAE0530A4A622B2AEA:4028e4a1486ec80b0148c539d6721829:YAYLA,2026-07-29,https://www.kap.org.tr/tr/Pazarlar,ca6d450619ccc89e811af7956ec8b85ee4916a003f0456138919a4458ae1b3d6,Exact as-of source observation; no liquidity filter applied.,YAYLA,,ANA PAZAR,EQUITY,PASS_BORSA_ISTANBUL_KAP_REFERENCE
bist_active_universe_v1,2026-07-29,SEC_28334ffbc636,YBTAS,YİBİTAŞ YOZGAT İŞÇİ BİRLİĞİ İNŞAAT MALZEMELERİ TİCARET VE SANAYİ A.Ş.,PAY PİYASASI,PİYASA ÖNCESİ İŞLEM PLATFORMU,EQUITY,True,True,KAP_MARKETS,KAP_MARKET:4028328c550642950155066367d0001b:33E5FED802B000EAE0530A4A622B2AEA:4028e4a2416f888d01416f94bfb001ec:YBTAS,2026-07-29,https://www.kap.org.tr/tr/Pazarlar,c92ebef82cf21ac576000ba88ad7c69fa494550d67bb4464f8ace9bf72aede37,Exact as-of source observation; no liquidity filter applied.,YBTAS,,PİYASA ÖNCESİ İŞLEM PLATFORMU,EQUITY,PASS_BORSA_ISTANBUL_KAP_REFERENCE
bist_active_universe_v1,2026-07-29,SEC_9a99878f0099,YEOTK,YEO TEKNOLOJİ ENERJİ VE ENDÜSTRİ A.Ş.,PAY PİYASASI,YILDIZ PAZAR,EQUITY,True,True,KAP_MARKETS,KAP_MARKET:4028328c550642950155066367d0001b:4028328c6d92933b016e21b838963f42:4028e4a140f2ed7101413af3da8c0440:YEOTK,2026-07-29,https://www.kap.org.tr/tr/Pazarlar,ec961574438556e8aa764687efffea6039f2abf64e5631caa04f12dbbe413c4d,Exact as-of source observation; no liquidity filter applied.,YEOTK,,YILDIZ PAZAR,EQUITY,PASS_BORSA_ISTANBUL_KAP_REFERENCE
bist_active_universe_v1,2026-07-29,SEC_3e4fa5adf334,YESIL,YEŞİL YATIRIM HOLDİNG A.Ş.,PAY PİYASASI,ANA PAZAR,EQUITY,True,True,KAP_MARKETS,KAP_MARKET:4028328c550642950155066367d0001b:33E5FED802CC00EAE0530A4A622B2AEA:4028e4a2416e696c01416edc458b30f0:YESIL,2026-07-29,https://www.kap.org.tr/tr/Pazarlar,71231e7a7312793e45fb47cb4368837125f1a340ce5b8ce228ece2910dcd3cd7,Exact as-of source observation; no liquidity filter applied.,YESIL,,ANA PAZAR,EQUITY,PASS_BORSA_ISTANBUL_KAP_REFERENCE
bist_active_universe_v1,2026-07-29,SEC_2f6edac687d5,YGGYO,YENİ GİMAT GAYRİMENKUL YATIRIM ORTAKLIĞI A.Ş.,PAY PİYASASI,YILDIZ PAZAR,EQUITY,True,True,KAP_MARKETS,KAP_MARKET:4028328c550642950155066367d0001b:4028328c6d92933b016e21b838963f42:4028e4a241733d4201417cda3f421321:YGGYO,2026-07-29,https://www.kap.org.tr/tr/Pazarlar,71ab304d57737b94528f23b35126398e6f078432e7498e4b62d8942d61f105eb,Exact as-of source observation; no liquidity filter applied.,YGGYO,,YILDIZ PAZAR,EQUITY,PASS_BORSA_ISTANBUL_KAP_REFERENCE
bist_active_universe_v1,2026-07-29,SEC_7a6abaa1928a,YIGIT,YİĞİT AKÜ MALZEMELERİ NAKLİYAT TURİZM İNŞAAT SANAYİ VE TİCARET A.Ş.,PAY PİYASASI,ANA PAZAR,EQUITY,True,True,KAP_MARKETS,KAP_MARKET:4028328c550642950155066367d0001b:33E5FED802CC00EAE0530A4A622B2AEA:8acae2c48c3efac0018fabe5e40b5043:YIGIT,2026-07-29,https://www.kap.org.tr/tr/Pazarlar,b1efed253914ec77e224b00cb141f0d8d9c857c602969e79274bb918e9c03d0f,Exact as-of source observation; no liquidity filter applied.,YIGIT,,ANA PAZAR,EQUITY,PASS_BORSA_ISTANBUL_KAP_REFERENCE
bist_active_universe_v1,2026-07-29,SEC_14f822d99893,YKBNK,YAPI VE KREDİ BANKASI A.Ş.,PAY PİYASASI,YILDIZ PAZAR,EQUITY,True,True,KAP_MARKETS,KAP_MARKET:4028328c550642950155066367d0001b:4028328c6d92933b016e21b838963f42:4028e4a240f2ef4c01412ae6d6630538:YKBNK,2026-07-29,https://www.kap.org.tr/tr/Pazarlar,edb6cd229905c30bb8413c41707406fdf9844fe983bda12c9e84fc7744f509aa,Exact as-of source observation; no liquidity filter applied.,YKBNK,,YILDIZ PAZAR,EQUITY,PASS_BORSA_ISTANBUL_KAP_REFERENCE
bist_active_universe_v1,2026-07-29,SEC_2de2b93e3418,YKSLN,YÜKSELEN ÇELİK A.Ş.,PAY PİYASASI,ANA PAZAR,EQUITY,True,True,KAP_MARKETS,KAP_MARKET:4028328c550642950155066367d0001b:33E5FED802CC00EAE0530A4A622B2AEA:8acae2c569cee403016a6e925a8b5bd8:YKSLN,2026-07-29,https://www.kap.org.tr/tr/Pazarlar,065eb81133898ec1dc8f72e70c5838faa598c34211ad8b6806085c45dbe3df8b,Exact as-of source observation; no liquidity filter applied.,YKSLN,,ANA PAZAR,EQUITY,PASS_BORSA_ISTANBUL_KAP_REFERENCE
bist_active_universe_v1,2026-07-29,SEC_7fc4a8b168ab,YONGA,YONGA MOBİLYA SANAYİ VE TİCARET A.Ş.,PAY PİYASASI,PİYASA ÖNCESİ İŞLEM PLATFORMU,EQUITY,True,True,KAP_MARKETS,KAP_MARKET:4028328c550642950155066367d0001b:33E5FED802B000EAE0530A4A622B2AEA:4028e4a24158e42201415b0fde196300:YONGA,2026-07-29,https://www.kap.org.tr/tr/Pazarlar,1856cf57ef143d4bf27dbbaa3fc740a5eb85ca27f5b71e52c43bc6de3b9ea766,Exact as-of source observation; no liquidity filter applied.,YONGA,,PİYASA ÖNCESİ İŞLEM PLATFORMU,EQUITY,PASS_BORSA_ISTANBUL_KAP_REFERENCE
bist_active_universe_v1,2026-07-29,SEC_9b0d89403655,YUNSA,YÜNSA YÜNLÜ SANAYİ VE TİCARET A.Ş.,PAY PİYASASI,ANA PAZAR,EQUITY,True,True,KAP_MARKETS,KAP_MARKET:4028328c550642950155066367d0001b:33E5FED802CC00EAE0530A4A622B2AEA:4028e4a240f2ef4c014101b726fa011d:YUNSA,2026-07-29,https://www.kap.org.tr/tr/Pazarlar,b6a0a00a926cbb3084b6fa3e94c3fb6f4813d5ccdbf4cbcb8dff60be83a91f94,Exact as-of source observation; no liquidity filter applied.,YUNSA,,ANA PAZAR,EQUITY,PASS_BORSA_ISTANBUL_KAP_REFERENCE
bist_active_universe_v1,2026-07-29,SEC_7237d6ee402a,YYAPI,YEŞİL YAPI ENDÜSTRİSİ A.Ş.,PAY PİYASASI,YAKIN İZLEME PAZARI,EQUITY,True,True,KAP_MARKETS,KAP_MARKET:4028328c550642950155066367d0001b:33E5FED802BE00EAE0530A4A622B2AEA:4028e4a1416e696301416f35f8425ec3:YYAPI,2026-07-29,https://www.kap.org.tr/tr/Pazarlar,1cde57bccc07dca46a5cfb8ba71092b5f82cd097a588d3558e9d4b2279a217ef,Exact as-of source observation; no liquidity filter applied.,YYAPI,,YAKIN İZLEME PAZARI,EQUITY,PASS_BORSA_ISTANBUL_KAP_REFERENCE
bist_active_universe_v1,2026-07-29,SEC_dddb1c537d8c,YYLGD,YAYLA AGRO GIDA SANAYİ VE TİCARET A.Ş.,PAY PİYASASI,YILDIZ PAZAR,EQUITY,True,True,KAP_MARKETS,KAP_MARKET:4028328c550642950155066367d0001b:4028328c6d92933b016e21b838963f42:4028e4a2420a2daf014213d4625d3edc:YYLGD,2026-07-29,https://www.kap.org.tr/tr/Pazarlar,c16e8c7b72542684ea1c581a80b0760383ed1a36cbea86bf31b11c04a3101820,Exact as-of source observation; no liquidity filter applied.,YYLGD,,YILDIZ PAZAR,EQUITY,PASS_BORSA_ISTANBUL_KAP_REFERENCE
bist_active_universe_v1,2026-07-29,SEC_7a7ef1b62704,ZEDUR,ZEDUR ENERJİ ELEKTRİK ÜRETİM A.Ş.,PAY PİYASASI,ANA PAZAR,EQUITY,True,True,KAP_MARKETS,KAP_MARKET:4028328c550642950155066367d0001b:33E5FED802CC00EAE0530A4A622B2AEA:4028e4a240f2ef470141164fd5f803a1:ZEDUR,2026-07-29,https://www.kap.org.tr/tr/Pazarlar,09bdacc7563d706d7898f25769ba5413fe3aac773dbea80aba43c9bda228111b,Exact as-of source observation; no liquidity filter applied.,ZEDUR,,ANA PAZAR,EQUITY,PASS_BORSA_ISTANBUL_KAP_REFERENCE
bist_active_universe_v1,2026-07-29,SEC_dd37fac4e9eb,ZERGY,ZERAY GAYRİMENKUL YATIRIM ORTAKLIĞI A.Ş.,PAY PİYASASI,YILDIZ PAZAR,EQUITY,True,True,KAP_MARKETS,KAP_MARKET:4028328c550642950155066367d0001b:4028328c6d92933b016e21b838963f42:8acae2c5998f25d7019aed48b7597a50:ZERGY,2026-07-29,https://www.kap.org.tr/tr/Pazarlar,73d545d0b28c38e82ecb53c16f23abe9ec63c826511ce05aa60ce7e569862860,Exact as-of source observation; no liquidity filter applied.,ZERGY,,YILDIZ PAZAR,EQUITY,PASS_BORSA_ISTANBUL_KAP_REFERENCE
bist_active_universe_v1,2026-07-29,SEC_ceb64dbb616f,ZGYO,Z GAYRİMENKUL YATIRIM ORTAKLIĞI A.Ş.,PAY PİYASASI,ANA PAZAR,EQUITY,True,True,KAP_MARKETS,KAP_MARKET:4028328c550642950155066367d0001b:33E5FED802CC00EAE0530A4A622B2AEA:8acae2c5998f25d7019b732d4d683a5c:ZGYO,2026-07-29,https://www.kap.org.tr/tr/Pazarlar,b7e58718a334f6c6c9d037b3e14150ae4719803057c27c1d306089116df141e1,Exact as-of source observation; no liquidity filter applied.,ZGYO,,ANA PAZAR,EQUITY,PASS_BORSA_ISTANBUL_KAP_REFERENCE
bist_active_universe_v1,2026-07-29,SEC_786c2177f751,ZOREN,ZORLU ENERJİ ELEKTRİK ÜRETİM A.Ş.,PAY PİYASASI,YILDIZ PAZAR,EQUITY,True,True,KAP_MARKETS,KAP_MARKET:4028328c550642950155066367d0001b:4028328c6d92933b016e21b838963f42:4028e4a140f2ed7201412c19687407a7:ZOREN,2026-07-29,https://www.kap.org.tr/tr/Pazarlar,0ca7699212307f89dc63933a572eabbf1f238334ce8ab1baecf2a89f3b7c81ca,Exact as-of source observation; no liquidity filter applied.,ZOREN,,YILDIZ PAZAR,EQUITY,PASS_BORSA_ISTANBUL_KAP_REFERENCE
bist_active_universe_v1,2026-07-29,SEC_a2830d236b43,ZRGYO,ZİRAAT GAYRİMENKUL YATIRIM ORTAKLIĞI A.Ş.,PAY PİYASASI,YILDIZ PAZAR,EQUITY,True,True,KAP_MARKETS,KAP_MARKET:4028328c550642950155066367d0001b:4028328c6d92933b016e21b838963f42:8acae2c45835eb660158bfedd32d3332:ZRGYO,2026-07-29,https://www.kap.org.tr/tr/Pazarlar,ad18912584006d30a96d0790eed64cc8bdd34dc9e7063c4ac3454eb1151cc283,Exact as-of source observation; no liquidity filter applied.,ZRGYO,,YILDIZ PAZAR,EQUITY,PASS_BORSA_ISTANBUL_KAP_REFERENCE
bist_active_universe_v1,2026-07-29,,,A1 CAPİTAL YATIRIM MENKUL DEĞERLER A.Ş.,BORÇLANMA ARAÇLARI PİYASASI,KESİN ALIM SATIM PAZARI-NİTELİKLİ YATIRIMCILAR ARASINDA,EQUITY,False,False,KAP_MARKETS,KAP_MARKET:4028328c55064295015506669f1f0027:33E5FED802DA00EAE0530A4A622B2AEA:4028e4a1416e696301416f37201c5f2e:A1CAP,2026-07-29,https://www.kap.org.tr/tr/Pazarlar,7d784c22c6285d00df866786a589b8041d0cfc0c9813f6ca79926e103cc0eadd,Exact as-of source observation; no liquidity filter applied.,A1CAP,NOT_PAY_MARKET,KESİN ALIM SATIM PAZARI-NİTELİKLİ YATIRIMCILAR ARASINDA,EQUITY,PASS_BORSA_ISTANBUL_KAP_REFERENCE
bist_active_universe_v1,2026-07-29,,,ANADOLUBANK A.Ş.,BORÇLANMA ARAÇLARI PİYASASI,KESİN ALIM SATIM PAZARI-NİTELİKLİ YATIRIMCILAR ARASINDA,EQUITY,False,False,KAP_MARKETS,KAP_MARKET:4028328c55064295015506669f1f0027:33E5FED802DA00EAE0530A4A622B2AEA:4028e4a140f2ed72014116e79df405db:ADBNK,2026-07-29,https://www.kap.org.tr/tr/Pazarlar,114f66df98a2455a28491df8c32b1f36fb8f7af048abf5c15cf0e5c4bb7e4c40,Exact as-of source observation; no liquidity filter applied.,ADBNK,NOT_PAY_MARKET,KESİN ALIM SATIM PAZARI-NİTELİKLİ YATIRIMCILAR ARASINDA,EQUITY,PASS_BORSA_ISTANBUL_KAP_REFERENCE
bist_active_universe_v1,2026-07-29,,,ADEL KALEMCİLİK TİCARET VE SANAYİ A.Ş.,BORÇLANMA ARAÇLARI PİYASASI,KESİN ALIM SATIM PAZARI-NİTELİKLİ YATIRIMCILAR ARASINDA,EQUITY,False,False,KAP_MARKETS,KAP_MARKET:4028328c55064295015506669f1f0027:33E5FED802DA00EAE0530A4A622B2AEA:4028e4a240e8d16e0140e8f159dc0033:ADEL,2026-07-29,https://www.kap.org.tr/tr/Pazarlar,de33bdbb00a39e95ed21b3a2a70c492982a8f445de6af9e4365a911c02022a2d,Exact as-of source observation; no liquidity filter applied.,ADEL,NOT_PAY_MARKET,KESİN ALIM SATIM PAZARI-NİTELİKLİ YATIRIMCILAR ARASINDA,EQUITY,PASS_BORSA_ISTANBUL_KAP_REFERENCE
bist_active_universe_v1,2026-07-29,,,ADİL VARLIK YÖNETİM A.Ş.,BORÇLANMA ARAÇLARI PİYASASI,KESİN ALIM SATIM PAZARI-NİTELİKLİ YATIRIMCILAR ARASINDA,EQUITY,False,False,KAP_MARKETS,KAP_MARKET:4028328c55064295015506669f1f0027:33E5FED802DA00EAE0530A4A622B2AEA:8acae2c4998f24d80199e1a75ec6473e:ADLVY,2026-07-29,https://www.kap.org.tr/tr/Pazarlar,53d52b50cc4abb714d9f489d1edaa6c4c676096a2d4360614345f958fa1899e8,Exact as-of source observation; no liquidity filter applied.,ADLVY,NOT_PAY_MARKET,KESİN ALIM SATIM PAZARI-NİTELİKLİ YATIRIMCILAR ARASINDA,EQUITY,PASS_BORSA_ISTANBUL_KAP_REFERENCE
bist_active_universe_v1,2026-07-29,,,ANADOLU EFES BİRACILIK VE MALT SANAYİİ A.Ş.,BORÇLANMA ARAÇLARI PİYASASI,KESİN ALIM SATIM PAZARI-NİTELİKLİ YATIRIMCILAR ARASINDA,EQUITY,False,False,KAP_MARKETS,KAP_MARKET:4028328c55064295015506669f1f0027:33E5FED802DA00EAE0530A4A622B2AEA:4028e4a140e95bea0140ed2fde10009d:AEFES,2026-07-29,https://www.kap.org.tr/tr/Pazarlar,ab1ee36359689add0eae5ee6d24fc399b0da6d1c771c7199e3877e928c801d10,Exact as-of source observation; no liquidity filter applied.,AEFES,NOT_PAY_MARKET,KESİN ALIM SATIM PAZARI-NİTELİKLİ YATIRIMCILAR ARASINDA,EQUITY,PASS_BORSA_ISTANBUL_KAP_REFERENCE
bist_active_universe_v1,2026-07-29,,,AG ANADOLU GRUBU HOLDİNG A.Ş.,BORÇLANMA ARAÇLARI PİYASASI,KESİN ALIM SATIM PAZARI-NİTELİKLİ YATIRIMCILAR ARASINDA,EQUITY,False,False,KAP_MARKETS,KAP_MARKET:4028328c55064295015506669f1f0027:33E5FED802DA00EAE0530A4A622B2AEA:4028e4a240f2ef4c014101b18dc000f7:AGHOL,2026-07-29,https://www.kap.org.tr/tr/Pazarlar,875a245bcec963892e658ade78ff26798bbdd208c472d3ad9f255e5348184817,Exact as-of source observation; no liquidity filter applied.,AGHOL,NOT_PAY_MARKET,KESİN ALIM SATIM PAZARI-NİTELİKLİ YATIRIMCILAR ARASINDA,EQUITY,PASS_BORSA_ISTANBUL_KAP_REFERENCE
bist_active_universe_v1,2026-07-29,,,AKBANK T.A.Ş.,BORÇLANMA ARAÇLARI PİYASASI,KESİN ALIM SATIM PAZARI-NİTELİKLİ YATIRIMCILAR ARASINDA,EQUITY,False,False,KAP_MARKETS,KAP_MARKET:4028328c55064295015506669f1f0027:33E5FED802DA00EAE0530A4A622B2AEA:4028e4a240e8d1830140e905edcd0006:AKBNK,2026-07-29,https://www.kap.org.tr/tr/Pazarlar,a278b7c3a012be61df9330952b6f12992444daff3e392f4e4d38d5f90efb9571,Exact as-of source observation; no liquidity filter applied.,AKBNK,NOT_PAY_MARKET,KESİN ALIM SATIM PAZARI-NİTELİKLİ YATIRIMCILAR ARASINDA,EQUITY,PASS_BORSA_ISTANBUL_KAP_REFERENCE
bist_active_universe_v1,2026-07-29,,,AKADEMİ ÇEVRE ENTEGRE ATIK YÖNETİMİ ENDÜSTRİ A.Ş.,BORÇLANMA ARAÇLARI PİYASASI,KESİN ALIM SATIM PAZARI-NİTELİKLİ YATIRIMCILAR ARASINDA,EQUITY,False,False,KAP_MARKETS,KAP_MARKET:4028328c55064295015506669f1f0027:33E5FED802DA00EAE0530A4A622B2AEA:8acae2c4991b8c31019928545a1100fe:AKCVR,2026-07-29,https://www.kap.org.tr/tr/Pazarlar,316ddcee99aba5dadb0611ad00b8eaaf871bd7dd1928c0602bbbfe6de45e90e0,Exact as-of source observation; no liquidity filter applied.,AKCVR,NOT_PAY_MARKET,KESİN ALIM SATIM PAZARI-NİTELİKLİ YATIRIMCILAR ARASINDA,EQUITY,PASS_BORSA_ISTANBUL_KAP_REFERENCE
bist_active_universe_v1,2026-07-29,,,AKDENİZ FAKTORİNG A.Ş.,BORÇLANMA ARAÇLARI PİYASASI,KESİN ALIM SATIM PAZARI-NİTELİKLİ YATIRIMCILAR ARASINDA,EQUITY,False,False,KAP_MARKETS,KAP_MARKET:4028328c55064295015506669f1f0027:33E5FED802DA00EAE0530A4A622B2AEA:4028e4a1415f4d990141601150cc3212:AKDFA,2026-07-29,https://www.kap.org.tr/tr/Pazarlar,00fcc44944917be26affe3b09439364ed9b14704fc238a0288762a8be5b976ba,Exact as-of source observation; no liquidity filter applied.,AKDFA,NOT_PAY_MARKET,KESİN ALIM SATIM PAZARI-NİTELİKLİ YATIRIMCILAR ARASINDA,EQUITY,PASS_BORSA_ISTANBUL_KAP_REFERENCE
bist_active_universe_v1,2026-07-29,,,AK FİNANSAL KİRALAMA A.Ş.,BORÇLANMA ARAÇLARI PİYASASI,KESİN ALIM SATIM PAZARI-NİTELİKLİ YATIRIMCILAR ARASINDA,EQUITY,False,False,KAP_MARKETS,KAP_MARKET:4028328c55064295015506669f1f0027:33E5FED802DA00EAE0530A4A622B2AEA:4028e4a240e8d16e0140e8f31069003f:AKFK,2026-07-29,https://www.kap.org.tr/tr/Pazarlar,4e5f546d353f7bfda1b90b809a50cb5f855fc4338c8d779d851b0175e3da9e7d,Exact as-of source observation; no liquidity filter applied.,AKFK,NOT_PAY_MARKET,KESİN ALIM SATIM PAZARI-NİTELİKLİ YATIRIMCILAR ARASINDA,EQUITY,PASS_BORSA_ISTANBUL_KAP_REFERENCE
bist_active_universe_v1,2026-07-29,,,AK YATIRIM MENKUL DEĞERLER A.Ş.,BORÇLANMA ARAÇLARI PİYASASI,KESİN ALIM SATIM PAZARI-NİTELİKLİ YATIRIMCILAR ARASINDA,EQUITY,False,False,KAP_MARKETS,KAP_MARKET:4028328c55064295015506669f1f0027:33E5FED802DA00EAE0530A4A622B2AEA:4028e4a240e8d16e0140e8f3d0fe0047:AKMEN,2026-07-29,https://www.kap.org.tr/tr/Pazarlar,a473d370e5fad79a37e95bbc6590b2e82475765989eac8a7324bb1c09d46bb3f,Exact as-of source observation; no liquidity filter applied.,AKMEN,NOT_PAY_MARKET,KESİN ALIM SATIM PAZARI-NİTELİKLİ YATIRIMCILAR ARASINDA,EQUITY,PASS_BORSA_ISTANBUL_KAP_REFERENCE
bist_active_universe_v1,2026-07-29,,,AK YATIRIM MENKUL DEĞERLER A.Ş.,PAY PİYASASI,YAPILANDIRILMIŞ ÜRÜNLER VE FON PAZARI,EQUITY,False,False,KAP_MARKETS,KAP_MARKET:4028328c550642950155066367d0001b:33E5FED802B700EAE0530A4A622B2AEA:4028e4a240e8d16e0140e8f3d0fe0047:AKMEN,2026-07-29,https://www.kap.org.tr/tr/Pazarlar,20ff57b5b798e2081dd0b429618541197c624128e668abe85430eec9a825b193,Exact as-of source observation; no liquidity filter applied.,AKMEN,NON_EQUITY_MARKET,YAPILANDIRILMIŞ ÜRÜNLER VE FON PAZARI,EQUITY,PASS_BORSA_ISTANBUL_KAP_REFERENCE
bist_active_universe_v1,2026-07-29,,,AK FAKTORİNG A.Ş.,BORÇLANMA ARAÇLARI PİYASASI,KESİN ALIM SATIM PAZARI-NİTELİKLİ YATIRIMCILAR ARASINDA,EQUITY,False,False,KAP_MARKETS,KAP_MARKET:4028328c55064295015506669f1f0027:33E5FED802DA00EAE0530A4A622B2AEA:4028e4a240e8d16e0140e8f24bd3003b:AKSFA,2026-07-29,https://www.kap.org.tr/tr/Pazarlar,df729b474fcdcd32ecac696a3458e6e3d80a64bd82135531177927d39c4f7e8f,Exact as-of source observation; no liquidity filter applied.,AKSFA,NOT_PAY_MARKET,KESİN ALIM SATIM PAZARI-NİTELİKLİ YATIRIMCILAR ARASINDA,EQUITY,PASS_BORSA_ISTANBUL_KAP_REFERENCE
bist_active_universe_v1,2026-07-29,,,AKTİF YATIRIM BANKASI A.Ş.,BORÇLANMA ARAÇLARI PİYASASI,KESİN ALIM SATIM PAZARI,EQUITY,False,False,KAP_MARKETS,KAP_MARKET:4028328c55064295015506669f1f0027:33E5FED802A900EAE0530A4A622B2AEA:1DE05DAA8212073AE0530A4A622A2EBD:AKTIF,2026-07-29,https://www.kap.org.tr/tr/Pazarlar,a871a4f7e848be84ac119e722dd809541550ad3cd851d2a60c584bd30ecac508,Exact as-of source observation; no liquidity filter applied.,AKTIF,NOT_PAY_MARKET,KESİN ALIM SATIM PAZARI,EQUITY,PASS_BORSA_ISTANBUL_KAP_REFERENCE
bist_active_universe_v1,2026-07-29,,,AKTİF YATIRIM BANKASI A.Ş.,BORÇLANMA ARAÇLARI PİYASASI,KESİN ALIM SATIM PAZARI-NİTELİKLİ YATIRIMCILAR ARASINDA,EQUITY,False,False,KAP_MARKETS,KAP_MARKET:4028328c55064295015506669f1f0027:33E5FED802DA00EAE0530A4A622B2AEA:1DE05DAA8212073AE0530A4A622A2EBD:AKTIF,2026-07-29,https://www.kap.org.tr/tr/Pazarlar,386995b09e24300b145c2e30dfdea659cf44ce3c9130db1245d2bceab591cb03,Exact as-of source observation; no liquidity filter applied.,AKTIF,NOT_PAY_MARKET,KESİN ALIM SATIM PAZARI-NİTELİKLİ YATIRIMCILAR ARASINDA,EQUITY,PASS_BORSA_ISTANBUL_KAP_REFERENCE
bist_active_universe_v1,2026-07-29,,,AKTİF BANK SUKUK VARLIK KİRALAMA A.Ş.,BORÇLANMA ARAÇLARI PİYASASI,KESİN ALIM SATIM PAZARI-NİTELİKLİ YATIRIMCILAR ARASINDA,EQUITY,False,False,KAP_MARKETS,KAP_MARKET:4028328c55064295015506669f1f0027:33E5FED802DA00EAE0530A4A622B2AEA:4028e4a14371e097014371f9653d00c2:AKTVK,2026-07-29,https://www.kap.org.tr/tr/Pazarlar,753626abc2dbafdfd525a2e63455305bb0eae64daf4b2078d85c8077cb358b0c,Exact as-of source observation; no liquidity filter applied.,AKTVK,NOT_PAY_MARKET,KESİN ALIM SATIM PAZARI-NİTELİKLİ YATIRIMCILAR ARASINDA,EQUITY,PASS_BORSA_ISTANBUL_KAP_REFERENCE
bist_active_universe_v1,2026-07-29,,,ALBARAKA PORTFÖY YÖNETİMİ A.Ş. DÜKKAN GAYRİMENKUL YATIRIM FONU,PAY PİYASASI,GİRİŞİM SERMAYESİ PAZARI,FUND,False,False,KAP_MARKETS,KAP_MARKET:4028328c550642950155066367d0001b:4028328c5fc60da8015fde393e673cb9:ALDUK,2026-07-29,https://www.kap.org.tr/tr/Pazarlar,160fed3d24ca2c276462c333123b4c233618a7bd2769bcb341e26d3df1076b2b,Exact as-of source observation; no liquidity filter applied.,ALDUK,FUND,GİRİŞİM SERMAYESİ PAZARI,FUND,PASS_BORSA_ISTANBUL_KAP_REFERENCE
bist_active_universe_v1,2026-07-29,,,ALJ FİNANSMAN A.Ş.,BORÇLANMA ARAÇLARI PİYASASI,KESİN ALIM SATIM PAZARI-NİTELİKLİ YATIRIMCILAR ARASINDA,EQUITY,False,False,KAP_MARKETS,KAP_MARKET:4028328c55064295015506669f1f0027:33E5FED802DA00EAE0530A4A622B2AEA:4028e4a2422d9a6e01427b2bed8d5347:ALJF,2026-07-29,https://www.kap.org.tr/tr/Pazarlar,82848ad5d7c6e306e8d883c87560dbf8ba8101824f22193bfe3e00800aba62fa,Exact as-of source observation; no liquidity filter applied.,ALJF,NOT_PAY_MARKET,KESİN ALIM SATIM PAZARI-NİTELİKLİ YATIRIMCILAR ARASINDA,EQUITY,PASS_BORSA_ISTANBUL_KAP_REFERENCE
bist_active_universe_v1,2026-07-29,,,ALTINKILIÇ GIDA VE SÜT SANAYİ TİCARET A.Ş.,BORÇLANMA ARAÇLARI PİYASASI,KESİN ALIM SATIM PAZARI-NİTELİKLİ YATIRIMCILAR ARASINDA,EQUITY,False,False,KAP_MARKETS,KAP_MARKET:4028328c55064295015506669f1f0027:33E5FED802DA00EAE0530A4A622B2AEA:8acae2c48c3efac0018fabe7ce965048:ALKLC,2026-07-29,https://www.kap.org.tr/tr/Pazarlar,c06ebea3187723965245a9456d182c92eee12796fb46de8fbe75dffe1a50529e,Exact as-of source observation; no liquidity filter applied.,ALKLC,NOT_PAY_MARKET,KESİN ALIM SATIM PAZARI-NİTELİKLİ YATIRIMCILAR ARASINDA,EQUITY,PASS_BORSA_ISTANBUL_KAP_REFERENCE
bist_active_universe_v1,2026-07-29,,,ALNUS YATIRIM MENKUL DEĞERLER A.Ş.,BORÇLANMA ARAÇLARI PİYASASI,KESİN ALIM SATIM PAZARI-NİTELİKLİ YATIRIMCILAR ARASINDA,EQUITY,False,False,KAP_MARKETS,KAP_MARKET:4028328c55064295015506669f1f0027:33E5FED802DA00EAE0530A4A622B2AEA:4028e4a141da49e50141e085b2112b8a:ALNUS,2026-07-29,https://www.kap.org.tr/tr/Pazarlar,20c6223cf256a1c25ea9047f49b7ff32475501ca282ee1a56abb2f0cc6e8bf5d,Exact as-of source observation; no liquidity filter applied.,ALNUS,NOT_PAY_MARKET,KESİN ALIM SATIM PAZARI-NİTELİKLİ YATIRIMCILAR ARASINDA,EQUITY,PASS_BORSA_ISTANBUL_KAP_REFERENCE
bist_active_universe_v1,2026-07-29,,,ALBARAKA PORTFÖY YÖNETİMİ A.Ş. SEKİZİNCİ KARMA GAYRİMENKUL YATIRIM FONU,PAY PİYASASI,GİRİŞİM SERMAYESİ PAZARI,FUND,False,False,KAP_MARKETS,KAP_MARKET:4028328c550642950155066367d0001b:4028328c5fc60da8015fde393e673cb9:ALONE,2026-07-29,https://www.kap.org.tr/tr/Pazarlar,4421b95acbcf808ede80ea64623630322523dd304f541d1f7d2816d962bdb81b,Exact as-of source observation; no liquidity filter applied.,ALONE,FUND,GİRİŞİM SERMAYESİ PAZARI,FUND,PASS_BORSA_ISTANBUL_KAP_REFERENCE
bist_active_universe_v1,2026-07-29,,,ALVES KABLO SANAYİ VE TİCARET A.Ş.,BORÇLANMA ARAÇLARI PİYASASI,KESİN ALIM SATIM PAZARI-NİTELİKLİ YATIRIMCILAR ARASINDA,EQUITY,False,False,KAP_MARKETS,KAP_MARKET:4028328c55064295015506669f1f0027:33E5FED802DA00EAE0530A4A622B2AEA:8acae2c58b2fa64e018dc0263b1377aa:ALVES,2026-07-29,https://www.kap.org.tr/tr/Pazarlar,53ae161f9a1c1dc20d0564b384019a3f3d14d79cb32874a5d1396247667394d4,Exact as-of source observation; no liquidity filter applied.,ALVES,NOT_PAY_MARKET,KESİN ALIM SATIM PAZARI-NİTELİKLİ YATIRIMCILAR ARASINDA,EQUITY,PASS_BORSA_ISTANBUL_KAP_REFERENCE
bist_active_universe_v1,2026-07-29,,,AK PORTFÖY BIST BANKA DIŞI LİKİT 10 ENDEKSİ HİSSE SENEDİ YOĞUN BORSA YATIRIM FONU,PAY PİYASASI,YAPILANDIRILMIŞ ÜRÜNLER VE FON PAZARI,ETF,False,False,KAP_MARKETS,KAP_MARKET:4028328c550642950155066367d0001b:33E5FED802B700EAE0530A4A622B2AEA:APBDL,2026-07-29,https://www.kap.org.tr/tr/Pazarlar,9d4b6217b4d9e3d14567e4008d187c34264d4873911a83514f2f213272a1fdd2,Exact as-of source observation; no liquidity filter applied.,APBDL,NON_EQUITY_MARKET,YAPILANDIRILMIŞ ÜRÜNLER VE FON PAZARI,ETF,PASS_BORSA_ISTANBUL_KAP_REFERENCE
bist_active_universe_v1,2026-07-29,,,AK PORTFÖY ALTIN KATILIM BORSA YATIRIM FONU,PAY PİYASASI,YAPILANDIRILMIŞ ÜRÜNLER VE FON PAZARI,ETF,False,False,KAP_MARKETS,KAP_MARKET:4028328c550642950155066367d0001b:33E5FED802B700EAE0530A4A622B2AEA:APGLD,2026-07-29,https://www.kap.org.tr/tr/Pazarlar,bb926034503c1a0ab126817511a45f22f4295c863e0a60a06f296814f80754a2,Exact as-of source observation; no liquidity filter applied.,APGLD,NON_EQUITY_MARKET,YAPILANDIRILMIŞ ÜRÜNLER VE FON PAZARI,ETF,PASS_BORSA_ISTANBUL_KAP_REFERENCE
bist_active_universe_v1,2026-07-29,,,AK PORTFÖY BIST LİKİT BANKA ENDEKSİ HİSSE SENEDİ YOĞUN BORSA YATIRIM FONU,PAY PİYASASI,YAPILANDIRILMIŞ ÜRÜNLER VE FON PAZARI,ETF,False,False,KAP_MARKETS,KAP_MARKET:4028328c550642950155066367d0001b:33E5FED802B700EAE0530A4A622B2AEA:APLIB,2026-07-29,https://www.kap.org.tr/tr/Pazarlar,ec1dea2f237d9565172bb8bdea344eca32aaf6f30e8c221305caf8d36f38df88,Exact as-of source observation; no liquidity filter applied.,APLIB,NON_EQUITY_MARKET,YAPILANDIRILMIŞ ÜRÜNLER VE FON PAZARI,ETF,PASS_BORSA_ISTANBUL_KAP_REFERENCE
bist_active_universe_v1,2026-07-29,,,AK PORTFÖY BIST 100 ENDEKSİ MODEL PORTFÖY HİSSE SENEDİ YOĞUN BORSA YATIRIM FONU,PAY PİYASASI,YAPILANDIRILMIŞ ÜRÜNLER VE FON PAZARI,ETF,False,False,KAP_MARKETS,KAP_MARKET:4028328c550642950155066367d0001b:33E5FED802B700EAE0530A4A622B2AEA:APMDL,2026-07-29,https://www.kap.org.tr/tr/Pazarlar,fb7f9e719350ce6d13fea5b5a4008835b77163ac99cfcfab87c7eb2aa5fa485b,Exact as-of source observation; no liquidity filter applied.,APMDL,NON_EQUITY_MARKET,YAPILANDIRILMIŞ ÜRÜNLER VE FON PAZARI,ETF,PASS_BORSA_ISTANBUL_KAP_REFERENCE
bist_active_universe_v1,2026-07-29,,,AK PORTFÖY BIST 30 ENDEKSİ HİSSE SENEDİ YOĞUN BORSA YATIRIM FONU,PAY PİYASASI,YAPILANDIRILMIŞ ÜRÜNLER VE FON PAZARI,ETF,False,False,KAP_MARKETS,KAP_MARKET:4028328c550642950155066367d0001b:33E5FED802B700EAE0530A4A622B2AEA:APX30,2026-07-29,https://www.kap.org.tr/tr/Pazarlar,87886e6e17fa4c377c7b140177af69a8c02ec8be0d1f74e25e167c89ad4de6b0,Exact as-of source observation; no liquidity filter applied.,APX30,NON_EQUITY_MARKET,YAPILANDIRILMIŞ ÜRÜNLER VE FON PAZARI,ETF,PASS_BORSA_ISTANBUL_KAP_REFERENCE
bist_active_universe_v1,2026-07-29,,,ALBARAKA PORTFÖY YÖNETİMİ A.Ş. İKİNCİ KİRA SERTİFİKALARI KATILIM GİRİŞİM SERMAYESİ YATIRIM FONU,PAY PİYASASI,GİRİŞİM SERMAYESİ PAZARI,FUND,False,False,KAP_MARKETS,KAP_MARKET:4028328c550642950155066367d0001b:4028328c5fc60da8015fde393e673cb9:APYKF,2026-07-29,https://www.kap.org.tr/tr/Pazarlar,46113afc7f2d8a6017849124030f1f9a827fa5203cb1bb1db7b507e92b9eb302,Exact as-of source observation; no liquidity filter applied.,APYKF,FUND,GİRİŞİM SERMAYESİ PAZARI,FUND,PASS_BORSA_ISTANBUL_KAP_REFERENCE
bist_active_universe_v1,2026-07-29,,,ALBARAKA PORTFÖY YÖNETİMİ A.Ş. KİRA SERTİFİKALARI KATILIM GİRİŞİM SERMAYESİ YATIRIM FONU,PAY PİYASASI,GİRİŞİM SERMAYESİ PAZARI,FUND,False,False,KAP_MARKETS,KAP_MARKET:4028328c550642950155066367d0001b:4028328c5fc60da8015fde393e673cb9:APYKS,2026-07-29,https://www.kap.org.tr/tr/Pazarlar,2559867132e28b2bd0e200b7dac14ecb6e7360253e46656a63a0d99ecf52f074,Exact as-of source observation; no liquidity filter applied.,APYKS,FUND,GİRİŞİM SERMAYESİ PAZARI,FUND,PASS_BORSA_ISTANBUL_KAP_REFERENCE
bist_active_universe_v1,2026-07-29,,,ALBARAKA PORTFÖY YÖNETİMİ A.Ş. MEDİLA GİRİŞİM SERMAYESİ YATIRIM FONU,PAY PİYASASI,GİRİŞİM SERMAYESİ PAZARI,FUND,False,False,KAP_MARKETS,KAP_MARKET:4028328c550642950155066367d0001b:4028328c5fc60da8015fde393e673cb9:APYMD,2026-07-29,https://www.kap.org.tr/tr/Pazarlar,6574bc970d5c7dea0ed6ae494d4d6e13ef0ac25da6dfae87a29f29bb21d86277,Exact as-of source observation; no liquidity filter applied.,APYMD,FUND,GİRİŞİM SERMAYESİ PAZARI,FUND,PASS_BORSA_ISTANBUL_KAP_REFERENCE
bist_active_universe_v1,2026-07-29,,,ALBARAKA PORTFÖY YÖNETİMİ A.Ş. YENİ NESİL TEKNOLOJİ GİRİŞİM SERMAYESİ YATIRIM FONU,PAY PİYASASI,GİRİŞİM SERMAYESİ PAZARI,FUND,False,False,KAP_MARKETS,KAP_MARKET:4028328c550642950155066367d0001b:4028328c5fc60da8015fde393e673cb9:APYNT,2026-07-29,https://www.kap.org.tr/tr/Pazarlar,569ff9a3848356b501b20d78c561235a198176d93ffc643121b9c241e4150ab1,Exact as-of source observation; no liquidity filter applied.,APYNT,FUND,GİRİŞİM SERMAYESİ PAZARI,FUND,PASS_BORSA_ISTANBUL_KAP_REFERENCE
bist_active_universe_v1,2026-07-29,,,ALBARAKA PORTFÖY YÖNETİMİ A.Ş. START-UP GİRİŞİM SERMAYESİ YATIRIM FONU,PAY PİYASASI,GİRİŞİM SERMAYESİ PAZARI,FUND,False,False,KAP_MARKETS,KAP_MARKET:4028328c550642950155066367d0001b:4028328c5fc60da8015fde393e673cb9:APYVC,2026-07-29,https://www.kap.org.tr/tr/Pazarlar,312e70fafe28ce39446edeb7cf70b3d3609d1664e771fdb8481631d7db97db35,Exact as-of source observation; no liquidity filter applied.,APYVC,FUND,GİRİŞİM SERMAYESİ PAZARI,FUND,PASS_BORSA_ISTANBUL_KAP_REFERENCE
bist_active_universe_v1,2026-07-29,,,ARÇELİK A.Ş.,BORÇLANMA ARAÇLARI PİYASASI,KESİN ALIM SATIM PAZARI-NİTELİKLİ YATIRIMCILAR ARASINDA,EQUITY,False,False,KAP_MARKETS,KAP_MARKET:4028328c55064295015506669f1f0027:33E5FED802DA00EAE0530A4A622B2AEA:4028e4a240e95dc90140ed55b43900cf:ARCLK,2026-07-29,https://www.kap.org.tr/tr/Pazarlar,40cdf95c5818d63b67be44e17edef6f4b7175ab856bf25ef03d745a22c253151,Exact as-of source observation; no liquidity filter applied.,ARCLK,NOT_PAY_MARKET,KESİN ALIM SATIM PAZARI-NİTELİKLİ YATIRIMCILAR ARASINDA,EQUITY,PASS_BORSA_ISTANBUL_KAP_REFERENCE
bist_active_universe_v1,2026-07-29,,,ARSAN VARLIK YÖNETİM A.Ş.,BORÇLANMA ARAÇLARI PİYASASI,KESİN ALIM SATIM PAZARI-NİTELİKLİ YATIRIMCILAR ARASINDA,EQUITY,False,False,KAP_MARKETS,KAP_MARKET:4028328c55064295015506669f1f0027:33E5FED802DA00EAE0530A4A622B2AEA:8acae2c569cee403016a8d2b85e8733f:ARSVY,2026-07-29,https://www.kap.org.tr/tr/Pazarlar,63ef5bd24e2434838bf009fc4d120522e29a6f1b5b85079065a74f702e2db910,Exact as-of source observation; no liquidity filter applied.,ARSVY,NOT_PAY_MARKET,KESİN ALIM SATIM PAZARI-NİTELİKLİ YATIRIMCILAR ARASINDA,EQUITY,PASS_BORSA_ISTANBUL_KAP_REFERENCE
bist_active_universe_v1,2026-07-29,,,ARZ GAYRİMENKUL VE GİRİŞİM SERMAYESİ PORTFÖY YÖNETİMİ A.Ş. STARTUPCENTRUM ALPHA GİRİŞİM SERMAYESİ YATIRIM FONU,PAY PİYASASI,GİRİŞİM SERMAYESİ PAZARI,FUND,False,False,KAP_MARKETS,KAP_MARKET:4028328c550642950155066367d0001b:4028328c5fc60da8015fde393e673cb9:ARZSA,2026-07-29,https://www.kap.org.tr/tr/Pazarlar,04d781ac93849c8c0d28e6096f5e6a74c91005a990063b376b9fea4f6518ad3f,Exact as-of source observation; no liquidity filter applied.,ARZSA,FUND,GİRİŞİM SERMAYESİ PAZARI,FUND,PASS_BORSA_ISTANBUL_KAP_REFERENCE
bist_active_universe_v1,2026-07-29,,,ARZUM ELEKTRİKLİ EV ALETLERİ SANAYİ VE TİCARET A.Ş.,BORÇLANMA ARAÇLARI PİYASASI,KESİN ALIM SATIM PAZARI-NİTELİKLİ YATIRIMCILAR ARASINDA,EQUITY,False,False,KAP_MARKETS,KAP_MARKET:4028328c55064295015506669f1f0027:33E5FED802DA00EAE0530A4A622B2AEA:4028e4a1415f4d990141600875c531b9:ARZUM,2026-07-29,https://www.kap.org.tr/tr/Pazarlar,9225334f36ed349fdd8d74be61aafc6431383a353da3e5318135a9c80e440b81,Exact as-of source observation; no liquidity filter applied.,ARZUM,NOT_PAY_MARKET,KESİN ALIM SATIM PAZARI-NİTELİKLİ YATIRIMCILAR ARASINDA,EQUITY,PASS_BORSA_ISTANBUL_KAP_REFERENCE
bist_active_universe_v1,2026-07-29,,,ATA VARLIK KİRALAMA A.Ş.,BORÇLANMA ARAÇLARI PİYASASI,KESİN ALIM SATIM PAZARI-NİTELİKLİ YATIRIMCILAR ARASINDA,EQUITY,False,False,KAP_MARKETS,KAP_MARKET:4028328c55064295015506669f1f0027:33E5FED802DA00EAE0530A4A622B2AEA:8acae2c494bafc93019634bf00163e28:ATAVK,2026-07-29,https://www.kap.org.tr/tr/Pazarlar,9a266da839bd0c7f9e657b6d62a18f8446cc5d90d1f559ac53ee05c495e8270c,Exact as-of source observation; no liquidity filter applied.,ATAVK,NOT_PAY_MARKET,KESİN ALIM SATIM PAZARI-NİTELİKLİ YATIRIMCILAR ARASINDA,EQUITY,PASS_BORSA_ISTANBUL_KAP_REFERENCE
bist_active_universe_v1,2026-07-29,,,ATA YATIRIM MENKUL KIYMETLER A.Ş.,BORÇLANMA ARAÇLARI PİYASASI,KESİN ALIM SATIM PAZARI-NİTELİKLİ YATIRIMCILAR ARASINDA,EQUITY,False,False,KAP_MARKETS,KAP_MARKET:4028328c55064295015506669f1f0027:33E5FED802DA00EAE0530A4A622B2AEA:4028e4a140e95bea0140ede507ca0145:ATAYM,2026-07-29,https://www.kap.org.tr/tr/Pazarlar,9c55d86289fd68ae7761625ee12d971063b72e544c508704e07f9a6680af51ef,Exact as-of source observation; no liquidity filter applied.,ATAYM,NOT_PAY_MARKET,KESİN ALIM SATIM PAZARI-NİTELİKLİ YATIRIMCILAR ARASINDA,EQUITY,PASS_BORSA_ISTANBUL_KAP_REFERENCE
bist_active_universe_v1,2026-07-29,,,ATILIM FAKTORİNG A.Ş.,BORÇLANMA ARAÇLARI PİYASASI,KESİN ALIM SATIM PAZARI-NİTELİKLİ YATIRIMCILAR ARASINDA,EQUITY,False,False,KAP_MARKETS,KAP_MARKET:4028328c55064295015506669f1f0027:33E5FED802DA00EAE0530A4A622B2AEA:4028e4a140f2ed7101413af757590466:ATLFA,2026-07-29,https://www.kap.org.tr/tr/Pazarlar,0ce2c508a09e6df8431cd6fd2f0be8a46051d93c6c86dc93a68fc88253e1bf43,Exact as-of source observation; no liquidity filter applied.,ATLFA,NOT_PAY_MARKET,KESİN ALIM SATIM PAZARI-NİTELİKLİ YATIRIMCILAR ARASINDA,EQUITY,PASS_BORSA_ISTANBUL_KAP_REFERENCE
bist_active_universe_v1,2026-07-29,,,ATLAS PORTFÖY YÖNETİMİ A.Ş. AVRUPA YATIRIM GİRİŞİM SERMAYESİ YATIRIM FONU,PAY PİYASASI,GİRİŞİM SERMAYESİ PAZARI,FUND,False,False,KAP_MARKETS,KAP_MARKET:4028328c550642950155066367d0001b:4028328c5fc60da8015fde393e673cb9:ATPAY,2026-07-29,https://www.kap.org.tr/tr/Pazarlar,6c49700bc1cb1a71cde8b8278e94bc1633d54809135c8ec377f5212be6efeb4f,Exact as-of source observation; no liquidity filter applied.,ATPAY,FUND,GİRİŞİM SERMAYESİ PAZARI,FUND,PASS_BORSA_ISTANBUL_KAP_REFERENCE
bist_active_universe_v1,2026-07-29,,,AZTEK TEKNOLOJİ ÜRÜNLERİ TİCARET A.Ş.,BORÇLANMA ARAÇLARI PİYASASI,KESİN ALIM SATIM PAZARI-NİTELİKLİ YATIRIMCILAR ARASINDA,EQUITY,False,False,KAP_MARKETS,KAP_MARKET:4028328c55064295015506669f1f0027:33E5FED802DA00EAE0530A4A622B2AEA:8acae2c4819d0efe01826e96dd896e0e:AZTEK,2026-07-29,https://www.kap.org.tr/tr/Pazarlar,d65b926991f056475104090b69cad47d57947d08fc08bd4d990251815f1eff2e,Exact as-of source observation; no liquidity filter applied.,AZTEK,NOT_PAY_MARKET,KESİN ALIM SATIM PAZARI-NİTELİKLİ YATIRIMCILAR ARASINDA,EQUITY,PASS_BORSA_ISTANBUL_KAP_REFERENCE
bist_active_universe_v1,2026-07-29,,,BEYAZ FİLO OTO KİRALAMA A.Ş.,BORÇLANMA ARAÇLARI PİYASASI,KESİN ALIM SATIM PAZARI-NİTELİKLİ YATIRIMCILAR ARASINDA,EQUITY,False,False,KAP_MARKETS,KAP_MARKET:4028328c55064295015506669f1f0027:33E5FED802DA00EAE0530A4A622B2AEA:4028e4a141558bdd01415619e62c0577:BEYAZ,2026-07-29,https://www.kap.org.tr/tr/Pazarlar,59952c07158b6266e770f7404c0de0534f37abf628e55506a250428cb4c6d4b0,Exact as-of source observation; no liquidity filter applied.,BEYAZ,NOT_PAY_MARKET,KESİN ALIM SATIM PAZARI-NİTELİKLİ YATIRIMCILAR ARASINDA,EQUITY,PASS_BORSA_ISTANBUL_KAP_REFERENCE
bist_active_universe_v1,2026-07-29,,,BİEN YAPI ÜRÜNLERİ SANAYİ TURİZM VE TİCARET A.Ş.,BORÇLANMA ARAÇLARI PİYASASI,KESİN ALIM SATIM PAZARI-NİTELİKLİ YATIRIMCILAR ARASINDA,EQUITY,False,False,KAP_MARKETS,KAP_MARKET:4028328c55064295015506669f1f0027:33E5FED802DA00EAE0530A4A622B2AEA:4028e4a24a5df6e7014ba1e60b464173:BIENY,2026-07-29,https://www.kap.org.tr/tr/Pazarlar,78886b353cbcc8db82b1653585ff4e08e83c66e063627af65e0623e9bfe2ebbe,Exact as-of source observation; no liquidity filter applied.,BIENY,NOT_PAY_MARKET,KESİN ALIM SATIM PAZARI-NİTELİKLİ YATIRIMCILAR ARASINDA,EQUITY,PASS_BORSA_ISTANBUL_KAP_REFERENCE
bist_active_universe_v1,2026-07-29,,,BİLKOM BİLİŞİM HİZMETLERİ A.Ş.,BORÇLANMA ARAÇLARI PİYASASI,KESİN ALIM SATIM PAZARI-NİTELİKLİ YATIRIMCILAR ARASINDA,EQUITY,False,False,KAP_MARKETS,KAP_MARKET:4028328c55064295015506669f1f0027:33E5FED802DA00EAE0530A4A622B2AEA:4028e4a14a5df521014b02a116c7424a:BLKOM,2026-07-29,https://www.kap.org.tr/tr/Pazarlar,f30b2a98de97a434283a319b730b070095b074aace158985893f1a094e33c18a,Exact as-of source observation; no liquidity filter applied.,BLKOM,NOT_PAY_MARKET,KESİN ALIM SATIM PAZARI-NİTELİKLİ YATIRIMCILAR ARASINDA,EQUITY,PASS_BORSA_ISTANBUL_KAP_REFERENCE
bist_active_universe_v1,2026-07-29,,,BULLS YATIRIM MENKUL DEĞERLER A.Ş.,BORÇLANMA ARAÇLARI PİYASASI,KESİN ALIM SATIM PAZARI-NİTELİKLİ YATIRIMCILAR ARASINDA,EQUITY,False,False,KAP_MARKETS,KAP_MARKET:4028328c55064295015506669f1f0027:33E5FED802DA00EAE0530A4A622B2AEA:4028e4a2415f4f8401415ffac5a034a9:BLSMD,2026-07-29,https://www.kap.org.tr/tr/Pazarlar,c367ef20b2de19848d2bc4b5871f46571fbb6df10d63199ced9632489e8832be,Exact as-of source observation; no liquidity filter applied.,BLSMD,NOT_PAY_MARKET,KESİN ALIM SATIM PAZARI-NİTELİKLİ YATIRIMCILAR ARASINDA,EQUITY,PASS_BORSA_ISTANBUL_KAP_REFERENCE
bist_active_universe_v1,2026-07-29,,,BNP PARIBAS ISSUANCE B.V.,PAY PİYASASI,YAPILANDIRILMIŞ ÜRÜNLER VE FON PAZARI,EQUITY,False,False,KAP_MARKETS,KAP_MARKET:4028328c550642950155066367d0001b:33E5FED802B700EAE0530A4A622B2AEA:8acae2c486d22a3b018848b0fe6233c7:BNPPI,2026-07-29,https://www.kap.org.tr/tr/Pazarlar,88c26f3c3d5bfe740f1e50c5212fd4bf9399a44d21a4662b299f4d0e819a2314,Exact as-of source observation; no liquidity filter applied.,BNPPI,NON_EQUITY_MARKET,YAPILANDIRILMIŞ ÜRÜNLER VE FON PAZARI,EQUITY,PASS_BORSA_ISTANBUL_KAP_REFERENCE
bist_active_universe_v1,2026-07-29,,,BORLEASE OTOMOTİV A.Ş.,BORÇLANMA ARAÇLARI PİYASASI,GÖZALTI PAZARI,EQUITY,False,False,KAP_MARKETS,KAP_MARKET:4028328c55064295015506669f1f0027:4028328c5fc60da701600c24c7b46ea0:8acae2c486d22a3a018b03b5cfbe29b8:BORLS,2026-07-29,https://www.kap.org.tr/tr/Pazarlar,97fa2aaf7b05023d7254b71f8ccd3fde94825c6fc8a125ec36a249329b8779f5,Exact as-of source observation; no liquidity filter applied.,BORLS,NOT_PAY_MARKET,GÖZALTI PAZARI,EQUITY,PASS_BORSA_ISTANBUL_KAP_REFERENCE
bist_active_universe_v1,2026-07-29,,,BORLEASE OTOMOTİV A.Ş.,BORÇLANMA ARAÇLARI PİYASASI,KESİN ALIM SATIM PAZARI-NİTELİKLİ YATIRIMCILAR ARASINDA,EQUITY,False,False,KAP_MARKETS,KAP_MARKET:4028328c55064295015506669f1f0027:33E5FED802DA00EAE0530A4A622B2AEA:8acae2c486d22a3a018b03b5cfbe29b8:BORLS,2026-07-29,https://www.kap.org.tr/tr/Pazarlar,99555268ba29de786f049f95b42cefc46b2a21f76c6abff50beeeabf079f498f,Exact as-of source observation; no liquidity filter applied.,BORLS,NOT_PAY_MARKET,KESİN ALIM SATIM PAZARI-NİTELİKLİ YATIRIMCILAR ARASINDA,EQUITY,PASS_BORSA_ISTANBUL_KAP_REFERENCE
bist_active_universe_v1,2026-07-29,,,BURGAN BANK A.Ş.,BORÇLANMA ARAÇLARI PİYASASI,KESİN ALIM SATIM PAZARI-NİTELİKLİ YATIRIMCILAR ARASINDA,EQUITY,False,False,KAP_MARKETS,KAP_MARKET:4028328c55064295015506669f1f0027:33E5FED802DA00EAE0530A4A622B2AEA:4028e4a140ee35c70140ee3e44840009:BRGAN,2026-07-29,https://www.kap.org.tr/tr/Pazarlar,4add555fb6a236dacb142fb8c65c587cb5f89d94e6ab93bb03a8a41685d8d602,Exact as-of source observation; no liquidity filter applied.,BRGAN,NOT_PAY_MARKET,KESİN ALIM SATIM PAZARI-NİTELİKLİ YATIRIMCILAR ARASINDA,EQUITY,PASS_BORSA_ISTANBUL_KAP_REFERENCE
bist_active_universe_v1,2026-07-29,,,BURGAN FİNANSAL KİRALAMA A.Ş.,BORÇLANMA ARAÇLARI PİYASASI,KESİN ALIM SATIM PAZARI-NİTELİKLİ YATIRIMCILAR ARASINDA,EQUITY,False,False,KAP_MARKETS,KAP_MARKET:4028328c55064295015506669f1f0027:33E5FED802DA00EAE0530A4A622B2AEA:4028e4a241462fd8014155181e226ec8:BRGFK,2026-07-29,https://www.kap.org.tr/tr/Pazarlar,af0c69f443dcd1a84284130e9463367c49119f8802cda563260003204e66082e,Exact as-of source observation; no liquidity filter applied.,BRGFK,NOT_PAY_MARKET,KESİN ALIM SATIM PAZARI-NİTELİKLİ YATIRIMCILAR ARASINDA,EQUITY,PASS_BORSA_ISTANBUL_KAP_REFERENCE
bist_active_universe_v1,2026-07-29,,,BRİSA BRİDGESTONE SABANCI LASTİK SANAYİ VE TİCARET A.Ş.,BORÇLANMA ARAÇLARI PİYASASI,KESİN ALIM SATIM PAZARI-NİTELİKLİ YATIRIMCILAR ARASINDA,EQUITY,False,False,KAP_MARKETS,KAP_MARKET:4028328c55064295015506669f1f0027:33E5FED802DA00EAE0530A4A622B2AEA:4028e4a140e95bea0140ee33bff201cd:BRISA,2026-07-29,https://www.kap.org.tr/tr/Pazarlar,6c1c9e23c39a1da27cb7de7009e14a0759a8fd019a7a3b436191cc07514965bc,Exact as-of source observation; no liquidity filter applied.,BRISA,NOT_PAY_MARKET,KESİN ALIM SATIM PAZARI-NİTELİKLİ YATIRIMCILAR ARASINDA,EQUITY,PASS_BORSA_ISTANBUL_KAP_REFERENCE
bist_active_universe_v1,2026-07-29,,,BEREKET VARLIK KİRALAMA A.Ş.,BORÇLANMA ARAÇLARI PİYASASI,KESİN ALIM SATIM PAZARI-NİTELİKLİ YATIRIMCILAR ARASINDA,EQUITY,False,False,KAP_MARKETS,KAP_MARKET:4028328c55064295015506669f1f0027:33E5FED802DA00EAE0530A4A622B2AEA:8acae2c4508ff7260151497fffa30e9e:BRKT,2026-07-29,https://www.kap.org.tr/tr/Pazarlar,aab04545640ba94403b97284947bfa0934610d2ad3dca8b66687b81f17addc6b,Exact as-of source observation; no liquidity filter applied.,BRKT,NOT_PAY_MARKET,KESİN ALIM SATIM PAZARI-NİTELİKLİ YATIRIMCILAR ARASINDA,EQUITY,PASS_BORSA_ISTANBUL_KAP_REFERENCE
bist_active_universe_v1,2026-07-29,,,BİRİKİM VARLIK YÖNETİM A.Ş.,BORÇLANMA ARAÇLARI PİYASASI,KESİN ALIM SATIM PAZARI-NİTELİKLİ YATIRIMCILAR ARASINDA,EQUITY,False,False,KAP_MARKETS,KAP_MARKET:4028328c55064295015506669f1f0027:33E5FED802DA00EAE0530A4A622B2AEA:8acae2c562329bd10162b9ff7a6b53d6:BRKVY,2026-07-29,https://www.kap.org.tr/tr/Pazarlar,bebc6d5ff9ddb336eca8d25c882285a7c1e080ec5a3fb1696a13abf4cdbf3310,Exact as-of source observation; no liquidity filter applied.,BRKVY,NOT_PAY_MARKET,KESİN ALIM SATIM PAZARI-NİTELİKLİ YATIRIMCILAR ARASINDA,EQUITY,PASS_BORSA_ISTANBUL_KAP_REFERENCE
bist_active_universe_v1,2026-07-29,,,ÇAĞDAŞ FAKTORİNG A.Ş.,BORÇLANMA ARAÇLARI PİYASASI,KESİN ALIM SATIM PAZARI-NİTELİKLİ YATIRIMCILAR ARASINDA,EQUITY,False,False,KAP_MARKETS,KAP_MARKET:4028328c55064295015506669f1f0027:33E5FED802DA00EAE0530A4A622B2AEA:4028e4a1486ec80a0148b0f695d4648d:CAGFA,2026-07-29,https://www.kap.org.tr/tr/Pazarlar,71b32e0dd226373ead71c5515f69eff29f53735f451e97ffb8287b5b45968405,Exact as-of source observation; no liquidity filter applied.,CAGFA,NOT_PAY_MARKET,KESİN ALIM SATIM PAZARI-NİTELİKLİ YATIRIMCILAR ARASINDA,EQUITY,PASS_BORSA_ISTANBUL_KAP_REFERENCE
bist_active_universe_v1,2026-07-29,,,COCA-COLA İÇECEK A.Ş.,BORÇLANMA ARAÇLARI PİYASASI,KESİN ALIM SATIM PAZARI-NİTELİKLİ YATIRIMCILAR ARASINDA,EQUITY,False,False,KAP_MARKETS,KAP_MARKET:4028328c55064295015506669f1f0027:33E5FED802DA00EAE0530A4A622B2AEA:4028e4a140ee35c00140ee586bdd0034:CCOLA,2026-07-29,https://www.kap.org.tr/tr/Pazarlar,bd8d4bb1be62253f743371903c931060f227558edb0e50d5f4d2b6fbf09af7c1,Exact as-of source observation; no liquidity filter applied.,CCOLA,NOT_PAY_MARKET,KESİN ALIM SATIM PAZARI-NİTELİKLİ YATIRIMCILAR ARASINDA,EQUITY,PASS_BORSA_ISTANBUL_KAP_REFERENCE
bist_active_universe_v1,2026-07-29,,,ÇELİK MOTOR TİCARET A.Ş.,BORÇLANMA ARAÇLARI PİYASASI,KESİN ALIM SATIM PAZARI-NİTELİKLİ YATIRIMCILAR ARASINDA,EQUITY,False,False,KAP_MARKETS,KAP_MARKET:4028328c55064295015506669f1f0027:33E5FED802DA00EAE0530A4A622B2AEA:4028e4a1415f4d9b01416002f6573cff:CLKMT,2026-07-29,https://www.kap.org.tr/tr/Pazarlar,0f6999e90d3d95469b5833f84f1d2de0b1a28490d6e0253d506bd234778b8f37,Exact as-of source observation; no liquidity filter applied.,CLKMT,NOT_PAY_MARKET,KESİN ALIM SATIM PAZARI-NİTELİKLİ YATIRIMCILAR ARASINDA,EQUITY,PASS_BORSA_ISTANBUL_KAP_REFERENCE
bist_active_universe_v1,2026-07-29,,,ÇAMSAN ENTEGRE AĞAÇ SANAYİ VE TİCARET A.Ş.,BORÇLANMA ARAÇLARI PİYASASI,KESİN ALIM SATIM PAZARI-NİTELİKLİ YATIRIMCILAR ARASINDA,EQUITY,False,False,KAP_MARKETS,KAP_MARKET:4028328c55064295015506669f1f0027:33E5FED802DA00EAE0530A4A622B2AEA:8acae2c4998f24d8019ad909b0f14c09:CMSAN,2026-07-29,https://www.kap.org.tr/tr/Pazarlar,ac2ea25b2e99eed717ee407f3d8abe93b06680d4227eab3424ff0add6d49571e,Exact as-of source observation; no liquidity filter applied.,CMSAN,NOT_PAY_MARKET,KESİN ALIM SATIM PAZARI-NİTELİKLİ YATIRIMCILAR ARASINDA,EQUITY,PASS_BORSA_ISTANBUL_KAP_REFERENCE
bist_active_universe_v1,2026-07-29,,,CREDITWEST FAKTORİNG A.Ş.,BORÇLANMA ARAÇLARI PİYASASI,KESİN ALIM SATIM PAZARI-NİTELİKLİ YATIRIMCILAR ARASINDA,EQUITY,False,False,KAP_MARKETS,KAP_MARKET:4028328c55064295015506669f1f0027:33E5FED802DA00EAE0530A4A622B2AEA:4028e4a141558bdd0141561c84700589:CRDFA,2026-07-29,https://www.kap.org.tr/tr/Pazarlar,a86edc6d7be0387cc104120bbc725c020753ebb7e0396ac7074586e45e01d047,Exact as-of source observation; no liquidity filter applied.,CRDFA,NOT_PAY_MARKET,KESİN ALIM SATIM PAZARI-NİTELİKLİ YATIRIMCILAR ARASINDA,EQUITY,PASS_BORSA_ISTANBUL_KAP_REFERENCE
bist_active_universe_v1,2026-07-29,,,CARREFOURSA CARREFOUR SABANCI TİCARET MERKEZİ A.Ş.,BORÇLANMA ARAÇLARI PİYASASI,KESİN ALIM SATIM PAZARI-NİTELİKLİ YATIRIMCILAR ARASINDA,EQUITY,False,False,KAP_MARKETS,KAP_MARKET:4028328c55064295015506669f1f0027:33E5FED802DA00EAE0530A4A622B2AEA:4028e4a140ee35c00140ee56930f0024:CRFSA,2026-07-29,https://www.kap.org.tr/tr/Pazarlar,4e2d71e6b55e6aaa967588f665b3ac16d2a537689a16d874c8cb0e69d549e72c,Exact as-of source observation; no liquidity filter applied.,CRFSA,NOT_PAY_MARKET,KESİN ALIM SATIM PAZARI-NİTELİKLİ YATIRIMCILAR ARASINDA,EQUITY,PASS_BORSA_ISTANBUL_KAP_REFERENCE
bist_active_universe_v1,2026-07-29,,,DARDANEL ÖNENTAŞ GIDA SANAYİ A.Ş.,BORÇLANMA ARAÇLARI PİYASASI,KESİN ALIM SATIM PAZARI-NİTELİKLİ YATIRIMCILAR ARASINDA,EQUITY,False,False,KAP_MARKETS,KAP_MARKET:4028328c55064295015506669f1f0027:33E5FED802DA00EAE0530A4A622B2AEA:4028e4a144a0804e014521a6ca1c0705:DARDL,2026-07-29,https://www.kap.org.tr/tr/Pazarlar,57aeb38137bb06285316d9703b7848cd7f2c30a7ffe5c1010b8d40a5c99e4300,Exact as-of source observation; no liquidity filter applied.,DARDL,NOT_PAY_MARKET,KESİN ALIM SATIM PAZARI-NİTELİKLİ YATIRIMCILAR ARASINDA,EQUITY,PASS_BORSA_ISTANBUL_KAP_REFERENCE
bist_active_universe_v1,2026-07-29,,,DENİZ FAKTORİNG A.Ş.,BORÇLANMA ARAÇLARI PİYASASI,KESİN ALIM SATIM PAZARI-NİTELİKLİ YATIRIMCILAR ARASINDA,EQUITY,False,False,KAP_MARKETS,KAP_MARKET:4028328c55064295015506669f1f0027:33E5FED802DA00EAE0530A4A622B2AEA:4028e4a140f2ed71014117912e3102bf:DENFA,2026-07-29,https://www.kap.org.tr/tr/Pazarlar,baedac76aae6069923112ad7e23e47f44b6109535b7e7168436a25167dcf57a0,Exact as-of source observation; no liquidity filter applied.,DENFA,NOT_PAY_MARKET,KESİN ALIM SATIM PAZARI-NİTELİKLİ YATIRIMCILAR ARASINDA,EQUITY,PASS_BORSA_ISTANBUL_KAP_REFERENCE
bist_active_universe_v1,2026-07-29,,,DENGE VARLIK YÖNETİM A.Ş.,BORÇLANMA ARAÇLARI PİYASASI,KESİN ALIM SATIM PAZARI-NİTELİKLİ YATIRIMCILAR ARASINDA,EQUITY,False,False,KAP_MARKETS,KAP_MARKET:4028328c55064295015506669f1f0027:33E5FED802DA00EAE0530A4A622B2AEA:8acae2c56d759b01016df39c37ac2af9:DENVA,2026-07-29,https://www.kap.org.tr/tr/Pazarlar,94158253ff3b3e823c9b8627fe54c32bb72e22a293d1e29fb3523425081c05cd,Exact as-of source observation; no liquidity filter applied.,DENVA,NOT_PAY_MARKET,KESİN ALIM SATIM PAZARI-NİTELİKLİ YATIRIMCILAR ARASINDA,EQUITY,PASS_BORSA_ISTANBUL_KAP_REFERENCE
bist_active_universe_v1,2026-07-29,,,DERLÜKS YATIRIM HOLDİNG A.Ş.,BORÇLANMA ARAÇLARI PİYASASI,KESİN ALIM SATIM PAZARI-NİTELİKLİ YATIRIMCILAR ARASINDA,EQUITY,False,False,KAP_MARKETS,KAP_MARKET:4028328c55064295015506669f1f0027:33E5FED802DA00EAE0530A4A622B2AEA:8acae2c469cee2a4016a5492160c43c3:DERHL,2026-07-29,https://www.kap.org.tr/tr/Pazarlar,0fb34fbd53f6dcd4a4f4a226dc53b4658d26e4372a6b3ad67a60a54bc0f94f6d,Exact as-of source observation; no liquidity filter applied.,DERHL,NOT_PAY_MARKET,KESİN ALIM SATIM PAZARI-NİTELİKLİ YATIRIMCILAR ARASINDA,EQUITY,PASS_BORSA_ISTANBUL_KAP_REFERENCE
bist_active_universe_v1,2026-07-29,,,DEVA HOLDİNG A.Ş.,BORÇLANMA ARAÇLARI PİYASASI,KESİN ALIM SATIM PAZARI-NİTELİKLİ YATIRIMCILAR ARASINDA,EQUITY,False,False,KAP_MARKETS,KAP_MARKET:4028328c55064295015506669f1f0027:33E5FED802DA00EAE0530A4A622B2AEA:4028e4a140f2ed710141116ab1d60241:DEVA,2026-07-29,https://www.kap.org.tr/tr/Pazarlar,e5a73ae4289eabc0e69e98f4c328cc9d098ee201cebea844f908cde829832061,Exact as-of source observation; no liquidity filter applied.,DEVA,NOT_PAY_MARKET,KESİN ALIM SATIM PAZARI-NİTELİKLİ YATIRIMCILAR ARASINDA,EQUITY,PASS_BORSA_ISTANBUL_KAP_REFERENCE
bist_active_universe_v1,2026-07-29,,,DORUK FAKTORİNG A.Ş.,BORÇLANMA ARAÇLARI PİYASASI,KESİN ALIM SATIM PAZARI-NİTELİKLİ YATIRIMCILAR ARASINDA,EQUITY,False,False,KAP_MARKETS,KAP_MARKET:4028328c55064295015506669f1f0027:33E5FED802DA00EAE0530A4A622B2AEA:4028e4a141462dfe01414b0e029d286f:DFKTR,2026-07-29,https://www.kap.org.tr/tr/Pazarlar,2f92047a96c84d40c6d51203af739137caa23702c2a21b268b4540d4d8b29305,Exact as-of source observation; no liquidity filter applied.,DFKTR,NOT_PAY_MARKET,KESİN ALIM SATIM PAZARI-NİTELİKLİ YATIRIMCILAR ARASINDA,EQUITY,PASS_BORSA_ISTANBUL_KAP_REFERENCE
bist_active_universe_v1,2026-07-29,,,DEĞER VARLIK KİRALAMA A.Ş.,BORÇLANMA ARAÇLARI PİYASASI,KESİN ALIM SATIM PAZARI-NİTELİKLİ YATIRIMCILAR ARASINDA,EQUITY,False,False,KAP_MARKETS,KAP_MARKET:4028328c55064295015506669f1f0027:33E5FED802DA00EAE0530A4A622B2AEA:8acae2c575a1b5b60176707955d239ff:DGRVK,2026-07-29,https://www.kap.org.tr/tr/Pazarlar,b8402e70d9e6158ad24bbca6d72fb3306e2d055fd16684c010a8276d4fdba188,Exact as-of source observation; no liquidity filter applied.,DGRVK,NOT_PAY_MARKET,KESİN ALIM SATIM PAZARI-NİTELİKLİ YATIRIMCILAR ARASINDA,EQUITY,PASS_BORSA_ISTANBUL_KAP_REFERENCE
bist_active_universe_v1,2026-07-29,,,DİMES GIDA SANAYİ VE TİCARET A.Ş.,BORÇLANMA ARAÇLARI PİYASASI,KESİN ALIM SATIM PAZARI-NİTELİKLİ YATIRIMCILAR ARASINDA,EQUITY,False,False,KAP_MARKETS,KAP_MARKET:4028328c55064295015506669f1f0027:33E5FED802DA00EAE0530A4A622B2AEA:01575ca846a34134b5c6bb879b7d0bc4:DIMES,2026-07-29,https://www.kap.org.tr/tr/Pazarlar,ba447739c6677ca802add4eb42dfc6c8a5847bcafe0960f8c247fcb480db4d3a,Exact as-of source observation; no liquidity filter applied.,DIMES,NOT_PAY_MARKET,KESİN ALIM SATIM PAZARI-NİTELİKLİ YATIRIMCILAR ARASINDA,EQUITY,PASS_BORSA_ISTANBUL_KAP_REFERENCE
bist_active_universe_v1,2026-07-29,,,DK VARLIK KİRALAMA A.Ş.,BORÇLANMA ARAÇLARI PİYASASI,KESİN ALIM SATIM PAZARI-NİTELİKLİ YATIRIMCILAR ARASINDA,EQUITY,False,False,KAP_MARKETS,KAP_MARKET:4028328c55064295015506669f1f0027:33E5FED802DA00EAE0530A4A622B2AEA:8acae2c5991b90af01992916f11d02c7:DKVRL,2026-07-29,https://www.kap.org.tr/tr/Pazarlar,e412f2e8657d5e6eb9521e2451ec37a2786d6afe8ebe8e36492b6658c5b96453,Exact as-of source observation; no liquidity filter applied.,DKVRL,NOT_PAY_MARKET,KESİN ALIM SATIM PAZARI-NİTELİKLİ YATIRIMCILAR ARASINDA,EQUITY,PASS_BORSA_ISTANBUL_KAP_REFERENCE
bist_active_universe_v1,2026-07-29,,,EMLAK KONUT DAMLA KENT GMS,PAY PİYASASI,YAPILANDIRILMIŞ ÜRÜNLER VE FON PAZARI,EQUITY,False,False,KAP_MARKETS,KAP_MARKET:4028328c550642950155066367d0001b:33E5FED802B700EAE0530A4A622B2AEA:8acae2c494bafc93019837471b7c2e6f:DMLKT,2026-07-29,https://www.kap.org.tr/tr/Pazarlar,dc237d76884ae67c49770c812046288338f73f35a0d8b8dfa18914f8567ad726,Exact as-of source observation; no liquidity filter applied.,DMLKT,NON_EQUITY_MARKET,YAPILANDIRILMIŞ ÜRÜNLER VE FON PAZARI,EQUITY,PASS_BORSA_ISTANBUL_KAP_REFERENCE
bist_active_universe_v1,2026-07-29,,,DENİZ FİNANSAL KİRALAMA A.Ş.,BORÇLANMA ARAÇLARI PİYASASI,KESİN ALIM SATIM PAZARI-NİTELİKLİ YATIRIMCILAR ARASINDA,EQUITY,False,False,KAP_MARKETS,KAP_MARKET:4028328c55064295015506669f1f0027:33E5FED802DA00EAE0530A4A622B2AEA:4028e4a140f2ed7101411793bae502d5:DNFIN,2026-07-29,https://www.kap.org.tr/tr/Pazarlar,c0fd50a7ef60994067b6ce589b26ce7462044f88e9950581957409b781463e6a,Exact as-of source observation; no liquidity filter applied.,DNFIN,NOT_PAY_MARKET,KESİN ALIM SATIM PAZARI-NİTELİKLİ YATIRIMCILAR ARASINDA,EQUITY,PASS_BORSA_ISTANBUL_KAP_REFERENCE
bist_active_universe_v1,2026-07-29,,,DÜNYA VARLIK YÖNETİM A.Ş.,BORÇLANMA ARAÇLARI PİYASASI,KESİN ALIM SATIM PAZARI-NİTELİKLİ YATIRIMCILAR ARASINDA,EQUITY,False,False,KAP_MARKETS,KAP_MARKET:4028328c55064295015506669f1f0027:33E5FED802DA00EAE0530A4A622B2AEA:8acae2c569cee403016b991858035a54:DNYVA,2026-07-29,https://www.kap.org.tr/tr/Pazarlar,7e7322f4f8f91b0b06561d4e8801fb2e0713fe3f4a6bec9d8b3ea4795a7c15c0,Exact as-of source observation; no liquidity filter applied.,DNYVA,NOT_PAY_MARKET,KESİN ALIM SATIM PAZARI-NİTELİKLİ YATIRIMCILAR ARASINDA,EQUITY,PASS_BORSA_ISTANBUL_KAP_REFERENCE
bist_active_universe_v1,2026-07-29,,,DENİZ EKO ENERJİ VE GERİ DÖNÜŞÜM A.Ş.,BORÇLANMA ARAÇLARI PİYASASI,KESİN ALIM SATIM PAZARI-NİTELİKLİ YATIRIMCILAR ARASINDA,EQUITY,False,False,KAP_MARKETS,KAP_MARKET:4028328c55064295015506669f1f0027:33E5FED802DA00EAE0530A4A622B2AEA:8acae2c4998f24d8019abf7bb7eb4396:DNZEN,2026-07-29,https://www.kap.org.tr/tr/Pazarlar,0ee62d628cc046ade62fe655fe4114e60e5008ac1de263a029e25d42782b55b4,Exact as-of source observation; no liquidity filter applied.,DNZEN,NOT_PAY_MARKET,KESİN ALIM SATIM PAZARI-NİTELİKLİ YATIRIMCILAR ARASINDA,EQUITY,PASS_BORSA_ISTANBUL_KAP_REFERENCE
bist_active_universe_v1,2026-07-29,,,DOĞRU VARLIK YÖNETİM A.Ş.,BORÇLANMA ARAÇLARI PİYASASI,KESİN ALIM SATIM PAZARI-NİTELİKLİ YATIRIMCILAR ARASINDA,EQUITY,False,False,KAP_MARKETS,KAP_MARKET:4028328c55064295015506669f1f0027:33E5FED802DA00EAE0530A4A622B2AEA:8acae2c469cee2a4016a2aff6ed42fb3:DOGVY,2026-07-29,https://www.kap.org.tr/tr/Pazarlar,cbf3bec0d2e41d3cd9f838319c4c08355f441619e149faa75134121dd11c3c02,Exact as-of source observation; no liquidity filter applied.,DOGVY,NOT_PAY_MARKET,KESİN ALIM SATIM PAZARI-NİTELİKLİ YATIRIMCILAR ARASINDA,EQUITY,PASS_BORSA_ISTANBUL_KAP_REFERENCE
bist_active_universe_v1,2026-07-29,,,T.C. HAZİNE VE MALİYE BAKANLIĞI DARPHANE VE DAMGA MATBAASI GENEL MÜDÜRLÜĞÜ,PAY PİYASASI,EMTİA PAZARI,EQUITY,False,False,KAP_MARKETS,KAP_MARKET:4028328c550642950155066367d0001b:4028328d8588f3000185aa66a9aa1e27:8acae2c482b7ea0b0182d608977f0ba7:DRPHN,2026-07-29,https://www.kap.org.tr/tr/Pazarlar,a41c6382f7992b193a629c26b414a5a5efda97c4231e93cd246a70216d15502d,Exact as-of source observation; no liquidity filter applied.,DRPHN,NON_EQUITY_MARKET,EMTİA PAZARI,EQUITY,PASS_BORSA_ISTANBUL_KAP_REFERENCE
bist_active_universe_v1,2026-07-29,,,DESTEK YATIRIM MENKUL DEĞERLER A.Ş.,BORÇLANMA ARAÇLARI PİYASASI,KESİN ALIM SATIM PAZARI-NİTELİKLİ YATIRIMCILAR ARASINDA,EQUITY,False,False,KAP_MARKETS,KAP_MARKET:4028328c55064295015506669f1f0027:33E5FED802DA00EAE0530A4A622B2AEA:fb4e3f58d05d4f01a5f15679e90748e9:DSYAT,2026-07-29,https://www.kap.org.tr/tr/Pazarlar,ea535cbfafa1abfbb5d345ea7205355fb0e9e4ce061d18b823da0cc1cb794dda,Exact as-of source observation; no liquidity filter applied.,DSYAT,NOT_PAY_MARKET,KESİN ALIM SATIM PAZARI-NİTELİKLİ YATIRIMCILAR ARASINDA,EQUITY,PASS_BORSA_ISTANBUL_KAP_REFERENCE
bist_active_universe_v1,2026-07-29,,,D VARLIK KİRALAMA A.Ş.,BORÇLANMA ARAÇLARI PİYASASI,KESİN ALIM SATIM PAZARI-NİTELİKLİ YATIRIMCILAR ARASINDA,EQUITY,False,False,KAP_MARKETS,KAP_MARKET:4028328c55064295015506669f1f0027:33E5FED802DA00EAE0530A4A622B2AEA:8acae2c49145e00b01928aa470dd5fda:DVRLK,2026-07-29,https://www.kap.org.tr/tr/Pazarlar,a41615c48366e7a68eabe510064e005479c3edd95adcc9fbc095942f05a76f3d,Exact as-of source observation; no liquidity filter applied.,DVRLK,NOT_PAY_MARKET,KESİN ALIM SATIM PAZARI-NİTELİKLİ YATIRIMCILAR ARASINDA,EQUITY,PASS_BORSA_ISTANBUL_KAP_REFERENCE
bist_active_universe_v1,2026-07-29,,,D YATIRIM BANKASI A.Ş.,BORÇLANMA ARAÇLARI PİYASASI,KESİN ALIM SATIM PAZARI-NİTELİKLİ YATIRIMCILAR ARASINDA,EQUITY,False,False,KAP_MARKETS,KAP_MARKET:4028328c55064295015506669f1f0027:33E5FED802DA00EAE0530A4A622B2AEA:8acae2c4757dba8c01759d4015520c73:DYBNK,2026-07-29,https://www.kap.org.tr/tr/Pazarlar,73b1c92dcaf750e9812a712d87a334a155c92dfe263ddec73e6e1fa9e4409d06,Exact as-of source observation; no liquidity filter applied.,DYBNK,NOT_PAY_MARKET,KESİN ALIM SATIM PAZARI-NİTELİKLİ YATIRIMCILAR ARASINDA,EQUITY,PASS_BORSA_ISTANBUL_KAP_REFERENCE
bist_active_universe_v1,2026-07-29,,,DYO BOYA FABRİKALARI SANAYİ VE TİCARET A.Ş.,BORÇLANMA ARAÇLARI PİYASASI,KESİN ALIM SATIM PAZARI-NİTELİKLİ YATIRIMCILAR ARASINDA,EQUITY,False,False,KAP_MARKETS,KAP_MARKET:4028328c55064295015506669f1f0027:33E5FED802DA00EAE0530A4A622B2AEA:4028e4a140e8cf9d0140e95835a30033:DYOBY,2026-07-29,https://www.kap.org.tr/tr/Pazarlar,2a67ec59fb3f78738633a43fc4b1c9399f28cba77e5aacd7fdf62482f86c69fb,Exact as-of source observation; no liquidity filter applied.,DYOBY,NOT_PAY_MARKET,KESİN ALIM SATIM PAZARI-NİTELİKLİ YATIRIMCILAR ARASINDA,EQUITY,PASS_BORSA_ISTANBUL_KAP_REFERENCE
bist_active_universe_v1,2026-07-29,,,EİP ECZACIBAŞI İLAÇ PAZARLAMA A.Ş.,BORÇLANMA ARAÇLARI PİYASASI,KESİN ALIM SATIM PAZARI-NİTELİKLİ YATIRIMCILAR ARASINDA,EQUITY,False,False,KAP_MARKETS,KAP_MARKET:4028328c55064295015506669f1f0027:33E5FED802DA00EAE0530A4A622B2AEA:4028e4a2462cc71d014694521292040f:ECZIP,2026-07-29,https://www.kap.org.tr/tr/Pazarlar,dfb20f6205698bae9971b3a5509dfd941f9b273e98a4f6cac4339993f51b696b,Exact as-of source observation; no liquidity filter applied.,ECZIP,NOT_PAY_MARKET,KESİN ALIM SATIM PAZARI-NİTELİKLİ YATIRIMCILAR ARASINDA,EQUITY,PASS_BORSA_ISTANBUL_KAP_REFERENCE
bist_active_universe_v1,2026-07-29,,,EKER SÜT ÜRÜNLERİ GIDA SANAYİ VE TİCARET A.Ş.,BORÇLANMA ARAÇLARI PİYASASI,KESİN ALIM SATIM PAZARI-NİTELİKLİ YATIRIMCILAR ARASINDA,EQUITY,False,False,KAP_MARKETS,KAP_MARKET:4028328c55064295015506669f1f0027:33E5FED802DA00EAE0530A4A622B2AEA:1af4bb0512df41c599b6ff93a4468ac5:EKER,2026-07-29,https://www.kap.org.tr/tr/Pazarlar,55f44a7acd5d7465afda28e334a8b29edd55c428c28c2b707cad65f4d0891356,Exact as-of source observation; no liquidity filter applied.,EKER,NOT_PAY_MARKET,KESİN ALIM SATIM PAZARI-NİTELİKLİ YATIRIMCILAR ARASINDA,EQUITY,PASS_BORSA_ISTANBUL_KAP_REFERENCE
bist_active_universe_v1,2026-07-29,,,EKO FAKTORİNG A.Ş.,BORÇLANMA ARAÇLARI PİYASASI,KESİN ALIM SATIM PAZARI-NİTELİKLİ YATIRIMCILAR ARASINDA,EQUITY,False,False,KAP_MARKETS,KAP_MARKET:4028328c55064295015506669f1f0027:33E5FED802DA00EAE0530A4A622B2AEA:4028e4a1420a2d8001420d4c56f30c2e:EKOFA,2026-07-29,https://www.kap.org.tr/tr/Pazarlar,f3d1d997ab8b0ded3586c3c181f0925944521cdc11e1793c14f975bbfead116d,Exact as-of source observation; no liquidity filter applied.,EKOFA,NOT_PAY_MARKET,KESİN ALIM SATIM PAZARI-NİTELİKLİ YATIRIMCILAR ARASINDA,EQUITY,PASS_BORSA_ISTANBUL_KAP_REFERENCE
bist_active_universe_v1,2026-07-29,,,EMLAK KATILIM VARLIK KİRALAMA A.Ş.,BORÇLANMA ARAÇLARI PİYASASI,KESİN ALIM SATIM PAZARI-NİTELİKLİ YATIRIMCILAR ARASINDA,EQUITY,False,False,KAP_MARKETS,KAP_MARKET:4028328c55064295015506669f1f0027:33E5FED802DA00EAE0530A4A622B2AEA:8acae2c56faf888c017139d3005854da:EKTVK,2026-07-29,https://www.kap.org.tr/tr/Pazarlar,16d3b271487b2e781784b575d9f171c24d0dee16f65a918cab6c4b996c18fa70,Exact as-of source observation; no liquidity filter applied.,EKTVK,NOT_PAY_MARKET,KESİN ALIM SATIM PAZARI-NİTELİKLİ YATIRIMCILAR ARASINDA,EQUITY,PASS_BORSA_ISTANBUL_KAP_REFERENCE
bist_active_universe_v1,2026-07-29,,,EMİR VARLIK YÖNETİM A.Ş.,BORÇLANMA ARAÇLARI PİYASASI,KESİN ALIM SATIM PAZARI-NİTELİKLİ YATIRIMCILAR ARASINDA,EQUITY,False,False,KAP_MARKETS,KAP_MARKET:4028328c55064295015506669f1f0027:33E5FED802DA00EAE0530A4A622B2AEA:8acae2c569cee403016bfffc3245069f:EMIRV,2026-07-29,https://www.kap.org.tr/tr/Pazarlar,256d75c34b0192f2665f8fed6421af9522d5276ed4716c97ad6a8c107e5be4f7,Exact as-of source observation; no liquidity filter applied.,EMIRV,NOT_PAY_MARKET,KESİN ALIM SATIM PAZARI-NİTELİKLİ YATIRIMCILAR ARASINDA,EQUITY,PASS_BORSA_ISTANBUL_KAP_REFERENCE
bist_active_universe_v1,2026-07-29,,,EMLAK VARLIK KİRALAMA A.Ş.,BORÇLANMA ARAÇLARI PİYASASI,KESİN ALIM SATIM PAZARI-NİTELİKLİ YATIRIMCILAR ARASINDA,EQUITY,False,False,KAP_MARKETS,KAP_MARKET:4028328c55064295015506669f1f0027:33E5FED802DA00EAE0530A4A622B2AEA:8acae2c56cc265e9016d204e39f71dbc:EMVAR,2026-07-29,https://www.kap.org.tr/tr/Pazarlar,7770f0b96d3334411ea7f4da50e779e99ba9a04e271fd3174afa86c0c75469ad,Exact as-of source observation; no liquidity filter applied.,EMVAR,NOT_PAY_MARKET,KESİN ALIM SATIM PAZARI-NİTELİKLİ YATIRIMCILAR ARASINDA,EQUITY,PASS_BORSA_ISTANBUL_KAP_REFERENCE
bist_active_universe_v1,2026-07-29,,,ENERJİSA ENERJİ A.Ş.,BORÇLANMA ARAÇLARI PİYASASI,KESİN ALIM SATIM PAZARI-NİTELİKLİ YATIRIMCILAR ARASINDA,EQUITY,False,False,KAP_MARKETS,KAP_MARKET:4028328c55064295015506669f1f0027:33E5FED802DA00EAE0530A4A622B2AEA:4028e4a1422d98690142bceaa31957cf:ENJSA,2026-07-29,https://www.kap.org.tr/tr/Pazarlar,204c1042bb61c7e98e405074eaf3d286c2eb31fe4acaa7eac12b5294c5666bde,Exact as-of source observation; no liquidity filter applied.,ENJSA,NOT_PAY_MARKET,KESİN ALIM SATIM PAZARI-NİTELİKLİ YATIRIMCILAR ARASINDA,EQUITY,PASS_BORSA_ISTANBUL_KAP_REFERENCE
bist_active_universe_v1,2026-07-29,,,ERCİYAS ÇELİK BORU SANAYİ A.Ş.,BORÇLANMA ARAÇLARI PİYASASI,KESİN ALIM SATIM PAZARI-NİTELİKLİ YATIRIMCILAR ARASINDA,EQUITY,False,False,KAP_MARKETS,KAP_MARKET:4028328c55064295015506669f1f0027:33E5FED802DA00EAE0530A4A622B2AEA:2af53003ee3c4464b0b653225816518d:ERCB,2026-07-29,https://www.kap.org.tr/tr/Pazarlar,73c1d24e100efcba72de7181fc6d2ae63ad937f3effbd6ab33dcc7bd77e4434a,Exact as-of source observation; no liquidity filter applied.,ERCB,NOT_PAY_MARKET,KESİN ALIM SATIM PAZARI-NİTELİKLİ YATIRIMCILAR ARASINDA,EQUITY,PASS_BORSA_ISTANBUL_KAP_REFERENCE
bist_active_universe_v1,2026-07-29,,,EREĞLİ TEKSTİL TURİZM SANAYİ VE TİCARET A.Ş.,BORÇLANMA ARAÇLARI PİYASASI,KESİN ALIM SATIM PAZARI-NİTELİKLİ YATIRIMCILAR ARASINDA,EQUITY,False,False,KAP_MARKETS,KAP_MARKET:4028328c55064295015506669f1f0027:33E5FED802DA00EAE0530A4A622B2AEA:4028e4a24337209001434898a6893468:ERGLI,2026-07-29,https://www.kap.org.tr/tr/Pazarlar,408eadc859342701ae245d7d62a2cb3df19e4f9beed8a5bac6140fccf1b0918a,Exact as-of source observation; no liquidity filter applied.,ERGLI,NOT_PAY_MARKET,KESİN ALIM SATIM PAZARI-NİTELİKLİ YATIRIMCILAR ARASINDA,EQUITY,PASS_BORSA_ISTANBUL_KAP_REFERENCE
bist_active_universe_v1,2026-07-29,,,ESCAR FİLO KİRALAMA HİZMETLERİ A.Ş.,BORÇLANMA ARAÇLARI PİYASASI,KESİN ALIM SATIM PAZARI-NİTELİKLİ YATIRIMCILAR ARASINDA,EQUITY,False,False,KAP_MARKETS,KAP_MARKET:4028328c55064295015506669f1f0027:33E5FED802DA00EAE0530A4A622B2AEA:8acae2c4782a4d560178f8929f486aed:ESCAR,2026-07-29,https://www.kap.org.tr/tr/Pazarlar,70e54b81874040a12c7df5e7a89257e923c4af536646ceb8d0a205ea74d54131,Exact as-of source observation; no liquidity filter applied.,ESCAR,NOT_PAY_MARKET,KESİN ALIM SATIM PAZARI-NİTELİKLİ YATIRIMCILAR ARASINDA,EQUITY,PASS_BORSA_ISTANBUL_KAP_REFERENCE
bist_active_universe_v1,2026-07-29,,,FAİR FİNANSMAN A.Ş.,BORÇLANMA ARAÇLARI PİYASASI,KESİN ALIM SATIM PAZARI-NİTELİKLİ YATIRIMCILAR ARASINDA,EQUITY,False,False,KAP_MARKETS,KAP_MARKET:4028328c55064295015506669f1f0027:33E5FED802DA00EAE0530A4A622B2AEA:8acae2c5991b90af019961c939bd1e63:FAIRF,2026-07-29,https://www.kap.org.tr/tr/Pazarlar,bb9be7e6b27a59639f2a0e88fc80e6e9c513f9acf41d4cd3e3bfe2d547c22bc1,Exact as-of source observation; no liquidity filter applied.,FAIRF,NOT_PAY_MARKET,KESİN ALIM SATIM PAZARI-NİTELİKLİ YATIRIMCILAR ARASINDA,EQUITY,PASS_BORSA_ISTANBUL_KAP_REFERENCE
bist_active_universe_v1,2026-07-29,,,FİBABANKA A.Ş.,BORÇLANMA ARAÇLARI PİYASASI,KESİN ALIM SATIM PAZARI-NİTELİKLİ YATIRIMCILAR ARASINDA,EQUITY,False,False,KAP_MARKETS,KAP_MARKET:4028328c55064295015506669f1f0027:33E5FED802DA00EAE0530A4A622B2AEA:1DE05DAA820D073AE0530A4A622A2EBD:FBBNK,2026-07-29,https://www.kap.org.tr/tr/Pazarlar,513b53951a9261a4a2486ece87e598311cc82894723eed759dd4dba8d6bc3892,Exact as-of source observation; no liquidity filter applied.,FBBNK,NOT_PAY_MARKET,KESİN ALIM SATIM PAZARI-NİTELİKLİ YATIRIMCILAR ARASINDA,EQUITY,PASS_BORSA_ISTANBUL_KAP_REFERENCE
bist_active_universe_v1,2026-07-29,,,FİGO FİNANS FAKTORİNG A.Ş.,BORÇLANMA ARAÇLARI PİYASASI,KESİN ALIM SATIM PAZARI-NİTELİKLİ YATIRIMCILAR ARASINDA,EQUITY,False,False,KAP_MARKETS,KAP_MARKET:4028328c55064295015506669f1f0027:33E5FED802DA00EAE0530A4A622B2AEA:4028e4a141733b51014174353d302167:FIGOF,2026-07-29,https://www.kap.org.tr/tr/Pazarlar,ccac2d32aa07de60fc200247c0340f54312812d21a568de495db579c7becd257,Exact as-of source observation; no liquidity filter applied.,FIGOF,NOT_PAY_MARKET,KESİN ALIM SATIM PAZARI-NİTELİKLİ YATIRIMCILAR ARASINDA,EQUITY,PASS_BORSA_ISTANBUL_KAP_REFERENCE
bist_active_universe_v1,2026-07-29,,,FİKRET PETROL ÜRÜNLERİ PAZARLAMA SANAYİ VE TİCARET A.Ş.,BORÇLANMA ARAÇLARI PİYASASI,KESİN ALIM SATIM PAZARI-NİTELİKLİ YATIRIMCILAR ARASINDA,EQUITY,False,False,KAP_MARKETS,KAP_MARKET:4028328c55064295015506669f1f0027:33E5FED802DA00EAE0530A4A622B2AEA:8acae2c59b85fa03019c74a8114c4f4c:FKPET,2026-07-29,https://www.kap.org.tr/tr/Pazarlar,7941791122f23fbe65057a787dbbd98d7b933ad24e9a9396f8bfab29033bc9d2,Exact as-of source observation; no liquidity filter applied.,FKPET,NOT_PAY_MARKET,KESİN ALIM SATIM PAZARI-NİTELİKLİ YATIRIMCILAR ARASINDA,EQUITY,PASS_BORSA_ISTANBUL_KAP_REFERENCE
bist_active_universe_v1,2026-07-29,,,FT GAYRİMENKUL VE GİRİŞİM SERMAYESİ PORTFÖY YÖNETİMİ A.Ş. BİRİNCİ GİRİŞİM SERMAYESİ YATIRIM FONU,PAY PİYASASI,GİRİŞİM SERMAYESİ PAZARI,FUND,False,False,KAP_MARKETS,KAP_MARKET:4028328c550642950155066367d0001b:4028328c5fc60da8015fde393e673cb9:FTPGS,2026-07-29,https://www.kap.org.tr/tr/Pazarlar,dfa6516bd6db8aa630c8ad87e441eb303ba63717d40b3ae98174123df1b4a0e5,Exact as-of source observation; no liquidity filter applied.,FTPGS,FUND,GİRİŞİM SERMAYESİ PAZARI,FUND,PASS_BORSA_ISTANBUL_KAP_REFERENCE
bist_active_universe_v1,2026-07-29,,,TÜRKİYE GARANTİ BANKASI A.Ş.,PAY PİYASASI,YAPILANDIRILMIŞ ÜRÜNLER VE FON PAZARI,EQUITY,False,False,KAP_MARKETS,KAP_MARKET:4028328c550642950155066367d0001b:33E5FED802B700EAE0530A4A622B2AEA:4028e4a140f2ed720140f37cb2a601b7:GARAN,2026-07-29,https://www.kap.org.tr/tr/Pazarlar,2f660175b4d7b995f7549747d8cd3894f245c8f57bc347e047edb33bf1a16e21,Exact as-of source observation; no liquidity filter applied.,GARAN,NON_EQUITY_MARKET,YAPILANDIRILMIŞ ÜRÜNLER VE FON PAZARI,EQUITY,PASS_BORSA_ISTANBUL_KAP_REFERENCE
bist_active_universe_v1,2026-07-29,,,GARANTİ FAKTORİNG A.Ş.,BORÇLANMA ARAÇLARI PİYASASI,KESİN ALIM SATIM PAZARI-NİTELİKLİ YATIRIMCILAR ARASINDA,EQUITY,False,False,KAP_MARKETS,KAP_MARKET:4028328c55064295015506669f1f0027:33E5FED802DA00EAE0530A4A622B2AEA:4028e4a240e95dc90140ee1ab24b0189:GARFA,2026-07-29,https://www.kap.org.tr/tr/Pazarlar,5f072fd8d6eeafe96a71aac21be1b1b637e0fb8a9e9d2dc60ae93f3f4f31c934,Exact as-of source observation; no liquidity filter applied.,GARFA,NOT_PAY_MARKET,KESİN ALIM SATIM PAZARI-NİTELİKLİ YATIRIMCILAR ARASINDA,EQUITY,PASS_BORSA_ISTANBUL_KAP_REFERENCE
bist_active_universe_v1,2026-07-29,,,GARANTİ BBVA OPERASYONEL KİRALAMA HİZMETLERİ A.Ş.,BORÇLANMA ARAÇLARI PİYASASI,KESİN ALIM SATIM PAZARI-NİTELİKLİ YATIRIMCILAR ARASINDA,EQUITY,False,False,KAP_MARKETS,KAP_MARKET:4028328c55064295015506669f1f0027:33E5FED802DA00EAE0530A4A622B2AEA:4028e4a240f2ef4c01413a53aa850684:GARFL,2026-07-29,https://www.kap.org.tr/tr/Pazarlar,47d327c8c2715c38911913d60dd86a901239d58d50ed5f99daae32a736b08b0d,Exact as-of source observation; no liquidity filter applied.,GARFL,NOT_PAY_MARKET,KESİN ALIM SATIM PAZARI-NİTELİKLİ YATIRIMCILAR ARASINDA,EQUITY,PASS_BORSA_ISTANBUL_KAP_REFERENCE
bist_active_universe_v1,2026-07-29,,,GEDİK YATIRIM MENKUL DEĞERLER A.Ş.,BORÇLANMA ARAÇLARI PİYASASI,KESİN ALIM SATIM PAZARI-NİTELİKLİ YATIRIMCILAR ARASINDA,EQUITY,False,False,KAP_MARKETS,KAP_MARKET:4028328c55064295015506669f1f0027:33E5FED802DA00EAE0530A4A622B2AEA:4028e4a140e95bea0140ee1edd700174:GEDIK,2026-07-29,https://www.kap.org.tr/tr/Pazarlar,de14a9a962e804462f434496626131833da1b3645db7d36ac7bf7fbfddd23a06,Exact as-of source observation; no liquidity filter applied.,GEDIK,NOT_PAY_MARKET,KESİN ALIM SATIM PAZARI-NİTELİKLİ YATIRIMCILAR ARASINDA,EQUITY,PASS_BORSA_ISTANBUL_KAP_REFERENCE
bist_active_universe_v1,2026-07-29,,,GOLDEN GLOBAL VARLIK KİRALAMA A.Ş.,BORÇLANMA ARAÇLARI PİYASASI,KESİN ALIM SATIM PAZARI-NİTELİKLİ YATIRIMCILAR ARASINDA,EQUITY,False,False,KAP_MARKETS,KAP_MARKET:4028328c55064295015506669f1f0027:33E5FED802DA00EAE0530A4A622B2AEA:8acae2c5830502c2018451afb35c132d:GGBVK,2026-07-29,https://www.kap.org.tr/tr/Pazarlar,860edd5a08a113a081aee173924420c849a1279bbb3692f78c521b1f4e95cf18,Exact as-of source observation; no liquidity filter applied.,GGBVK,NOT_PAY_MARKET,KESİN ALIM SATIM PAZARI-NİTELİKLİ YATIRIMCILAR ARASINDA,EQUITY,PASS_BORSA_ISTANBUL_KAP_REFERENCE
bist_active_universe_v1,2026-07-29,,,GELECEK VARLIK YÖNETİMİ A.Ş.,BORÇLANMA ARAÇLARI PİYASASI,KESİN ALIM SATIM PAZARI-NİTELİKLİ YATIRIMCILAR ARASINDA,EQUITY,False,False,KAP_MARKETS,KAP_MARKET:4028328c55064295015506669f1f0027:33E5FED802DA00EAE0530A4A622B2AEA:8acae2c465a51c3801683c2840c516cb:GLCVY,2026-07-29,https://www.kap.org.tr/tr/Pazarlar,ff578d6f6a6894dea2df25ab25d94b661794d46649ce4713c04a6ae0b8e3355a,Exact as-of source observation; no liquidity filter applied.,GLCVY,NOT_PAY_MARKET,KESİN ALIM SATIM PAZARI-NİTELİKLİ YATIRIMCILAR ARASINDA,EQUITY,PASS_BORSA_ISTANBUL_KAP_REFERENCE
bist_active_universe_v1,2026-07-29,,,QNB PORTFÖY ALTIN KATILIM BORSA YATIRIM FONU,PAY PİYASASI,YAPILANDIRILMIŞ ÜRÜNLER VE FON PAZARI,ETF,False,False,KAP_MARKETS,KAP_MARKET:4028328c550642950155066367d0001b:33E5FED802B700EAE0530A4A622B2AEA:GLDTR,2026-07-29,https://www.kap.org.tr/tr/Pazarlar,a599f02bb2d8b0f30f545c08398df058413092859003312ed0687af6748a3fdf,Exact as-of source observation; no liquidity filter applied.,GLDTR,NON_EQUITY_MARKET,YAPILANDIRILMIŞ ÜRÜNLER VE FON PAZARI,ETF,PASS_BORSA_ISTANBUL_KAP_REFERENCE
bist_active_universe_v1,2026-07-29,,,QNB PORTFÖY GÜMÜŞ KATILIM BORSA YATIRIM FONU,PAY PİYASASI,YAPILANDIRILMIŞ ÜRÜNLER VE FON PAZARI,ETF,False,False,KAP_MARKETS,KAP_MARKET:4028328c550642950155066367d0001b:33E5FED802B700EAE0530A4A622B2AEA:GMSTR,2026-07-29,https://www.kap.org.tr/tr/Pazarlar,ca3584eeb61114951a81f9c1200def53b87516f39e0f5487c9ce77943cbb6f5b,Exact as-of source observation; no liquidity filter applied.,GMSTR,NON_EQUITY_MARKET,YAPILANDIRILMIŞ ÜRÜNLER VE FON PAZARI,ETF,PASS_BORSA_ISTANBUL_KAP_REFERENCE
bist_active_universe_v1,2026-07-29,,,GARANTİ YATIRIM MENKUL KIYMETLER A.Ş.,PAY PİYASASI,YAPILANDIRILMIŞ ÜRÜNLER VE FON PAZARI,EQUITY,False,False,KAP_MARKETS,KAP_MARKET:4028328c550642950155066367d0001b:33E5FED802B700EAE0530A4A622B2AEA:4028e4a141da49e50141e08580772b86:GRM,2026-07-29,https://www.kap.org.tr/tr/Pazarlar,55ace7b47a451624fa71b4f2afe96b3409b7219d16c58914cfd6297f65b638a0,Exact as-of source observation; no liquidity filter applied.,GRM,NON_EQUITY_MARKET,YAPILANDIRILMIŞ ÜRÜNLER VE FON PAZARI,EQUITY,PASS_BORSA_ISTANBUL_KAP_REFERENCE
bist_active_universe_v1,2026-07-29,,,GARANTİ YATIRIM MENKUL KIYMETLER A.Ş.,PAY PİYASASI,YAPILANDIRILMIŞ ÜRÜNLER VE FON PAZARI,EQUITY,False,False,KAP_MARKETS,KAP_MARKET:4028328c550642950155066367d0001b:33E5FED802B700EAE0530A4A622B2AEA:4028e4a141da49e50141e08580772b86:GRYAT,2026-07-29,https://www.kap.org.tr/tr/Pazarlar,1a8da6ac1dd5ab65e42b88e3dae43b6e76f2401d7f06b9154644f5d954d95d2a,Exact as-of source observation; no liquidity filter applied.,GRYAT,NON_EQUITY_MARKET,YAPILANDIRILMIŞ ÜRÜNLER VE FON PAZARI,EQUITY,PASS_BORSA_ISTANBUL_KAP_REFERENCE
bist_active_universe_v1,2026-07-29,,,GOLDMAN SACHS INTERNATIONAL,PAY PİYASASI,YAPILANDIRILMIŞ ÜRÜNLER VE FON PAZARI,EQUITY,False,False,KAP_MARKETS,KAP_MARKET:4028328c550642950155066367d0001b:33E5FED802B700EAE0530A4A622B2AEA:8acae2c57afb2d71017d143527b66d28:GSIPD,2026-07-29,https://www.kap.org.tr/tr/Pazarlar,764d53a641bb829e24f12918dbccb37367e2ec9a43d9a5806f95018a14a3fed8,Exact as-of source observation; no liquidity filter applied.,GSIPD,NON_EQUITY_MARKET,YAPILANDIRILMIŞ ÜRÜNLER VE FON PAZARI,EQUITY,PASS_BORSA_ISTANBUL_KAP_REFERENCE
bist_active_universe_v1,2026-07-29,,,GY VARLIK KİRALAMA A.Ş.,BORÇLANMA ARAÇLARI PİYASASI,KESİN ALIM SATIM PAZARI-NİTELİKLİ YATIRIMCILAR ARASINDA,EQUITY,False,False,KAP_MARKETS,KAP_MARKET:4028328c55064295015506669f1f0027:33E5FED802DA00EAE0530A4A622B2AEA:8acae2c49c81f746019d5211d7a44714:GYVAR,2026-07-29,https://www.kap.org.tr/tr/Pazarlar,7623dea79827b07da3a32d8a0dc1a666162071d15266c3768db0f1d6ea038464,Exact as-of source observation; no liquidity filter applied.,GYVAR,NOT_PAY_MARKET,KESİN ALIM SATIM PAZARI-NİTELİKLİ YATIRIMCILAR ARASINDA,EQUITY,PASS_BORSA_ISTANBUL_KAP_REFERENCE
bist_active_universe_v1,2026-07-29,,,GEZİNOMİ SEYAHAT TURİZM TİCARET A.Ş.,BORÇLANMA ARAÇLARI PİYASASI,KESİN ALIM SATIM PAZARI-NİTELİKLİ YATIRIMCILAR ARASINDA,EQUITY,False,False,KAP_MARKETS,KAP_MARKET:4028328c55064295015506669f1f0027:33E5FED802DA00EAE0530A4A622B2AEA:8acae2c47d3bee50017e3445b465578f:GZNMI,2026-07-29,https://www.kap.org.tr/tr/Pazarlar,d6373002b350cb6d4c797553c5225af305618fafdb0997e5407ea430db8504a6,Exact as-of source observation; no liquidity filter applied.,GZNMI,NOT_PAY_MARKET,KESİN ALIM SATIM PAZARI-NİTELİKLİ YATIRIMCILAR ARASINDA,EQUITY,PASS_BORSA_ISTANBUL_KAP_REFERENCE
bist_active_universe_v1,2026-07-29,,,TÜRKİYE HALK BANKASI A.Ş.,BORÇLANMA ARAÇLARI PİYASASI,KESİN ALIM SATIM PAZARI-NİTELİKLİ YATIRIMCILAR ARASINDA,EQUITY,False,False,KAP_MARKETS,KAP_MARKET:4028328c55064295015506669f1f0027:33E5FED802DA00EAE0530A4A622B2AEA:1DE05DAA82C3073AE0530A4A622A2EBD:HALKB,2026-07-29,https://www.kap.org.tr/tr/Pazarlar,53f9275e8f98836d3ef9dd8a5b91eac870e097d024f769d65cd0ed241eb3de48,Exact as-of source observation; no liquidity filter applied.,HALKB,NOT_PAY_MARKET,KESİN ALIM SATIM PAZARI-NİTELİKLİ YATIRIMCILAR ARASINDA,EQUITY,PASS_BORSA_ISTANBUL_KAP_REFERENCE
bist_active_universe_v1,2026-07-29,,,HALK FİNANSAL KİRALAMA A.Ş.,BORÇLANMA ARAÇLARI PİYASASI,KESİN ALIM SATIM PAZARI-NİTELİKLİ YATIRIMCILAR ARASINDA,EQUITY,False,False,KAP_MARKETS,KAP_MARKET:4028328c55064295015506669f1f0027:33E5FED802DA00EAE0530A4A622B2AEA:4028e4a240f2ef470140f39a7f7600b1:HALKF,2026-07-29,https://www.kap.org.tr/tr/Pazarlar,db5660954730853a1358fcdb4f781af92df64a1a657dbd5f0d5a608bc9b5501a,Exact as-of source observation; no liquidity filter applied.,HALKF,NOT_PAY_MARKET,KESİN ALIM SATIM PAZARI-NİTELİKLİ YATIRIMCILAR ARASINDA,EQUITY,PASS_BORSA_ISTANBUL_KAP_REFERENCE
bist_active_universe_v1,2026-07-29,,,HALK YATIRIM MENKUL DEĞERLER A.Ş.,BORÇLANMA ARAÇLARI PİYASASI,KESİN ALIM SATIM PAZARI-NİTELİKLİ YATIRIMCILAR ARASINDA,EQUITY,False,False,KAP_MARKETS,KAP_MARKET:4028328c55064295015506669f1f0027:33E5FED802DA00EAE0530A4A622B2AEA:4028e4a240f2ef4c01411654e5fc0479:HALKI,2026-07-29,https://www.kap.org.tr/tr/Pazarlar,d2886dad4756af1a92fe9a1f7664f31ec012e6ea4d8ede42c093c4fb54048437,Exact as-of source observation; no liquidity filter applied.,HALKI,NOT_PAY_MARKET,KESİN ALIM SATIM PAZARI-NİTELİKLİ YATIRIMCILAR ARASINDA,EQUITY,PASS_BORSA_ISTANBUL_KAP_REFERENCE
bist_active_universe_v1,2026-07-29,,,HAYAT VARLIK KİRALAMA A.Ş.,BORÇLANMA ARAÇLARI PİYASASI,KESİN ALIM SATIM PAZARI-NİTELİKLİ YATIRIMCILAR ARASINDA,EQUITY,False,False,KAP_MARKETS,KAP_MARKET:4028328c55064295015506669f1f0027:33E5FED802DA00EAE0530A4A622B2AEA:8acae2c59145e00e0197bff60dc62a30:HAYVK,2026-07-29,https://www.kap.org.tr/tr/Pazarlar,55ba5a289692113dbf44403cf5f06249b22a59a88fb22e55ff15e204a8dcdd17,Exact as-of source observation; no liquidity filter applied.,HAYVK,NOT_PAY_MARKET,KESİN ALIM SATIM PAZARI-NİTELİKLİ YATIRIMCILAR ARASINDA,EQUITY,PASS_BORSA_ISTANBUL_KAP_REFERENCE
bist_active_universe_v1,2026-07-29,,,HEDEF ARAÇ KİRALAMA VE SERVİS A.Ş.,BORÇLANMA ARAÇLARI PİYASASI,KESİN ALIM SATIM PAZARI-NİTELİKLİ YATIRIMCILAR ARASINDA,EQUITY,False,False,KAP_MARKETS,KAP_MARKET:4028328c55064295015506669f1f0027:33E5FED802DA00EAE0530A4A622B2AEA:4028e4a246b4c5ad0147c4b464893865:HDFFL,2026-07-29,https://www.kap.org.tr/tr/Pazarlar,33e0d17663a06b29caa8f4bd85b8f3538d34e4ee2818164e19d3316a4f3de458,Exact as-of source observation; no liquidity filter applied.,HDFFL,NOT_PAY_MARKET,KESİN ALIM SATIM PAZARI-NİTELİKLİ YATIRIMCILAR ARASINDA,EQUITY,PASS_BORSA_ISTANBUL_KAP_REFERENCE
bist_active_universe_v1,2026-07-29,,,HEDEF VARLIK KİRALAMA A.Ş.,BORÇLANMA ARAÇLARI PİYASASI,KESİN ALIM SATIM PAZARI-NİTELİKLİ YATIRIMCILAR ARASINDA,EQUITY,False,False,KAP_MARKETS,KAP_MARKET:4028328c55064295015506669f1f0027:33E5FED802DA00EAE0530A4A622B2AEA:8acae2c58b2fa64e018e0edc8c8619eb:HDFVK,2026-07-29,https://www.kap.org.tr/tr/Pazarlar,20ad2bef0467e30a92e663559c38c8f166684010be7d6a881fd15ae4304aebd9,Exact as-of source observation; no liquidity filter applied.,HDFVK,NOT_PAY_MARKET,KESİN ALIM SATIM PAZARI-NİTELİKLİ YATIRIMCILAR ARASINDA,EQUITY,PASS_BORSA_ISTANBUL_KAP_REFERENCE
bist_active_universe_v1,2026-07-29,,,HEDEF YATIRIM BANKASI A.Ş.,BORÇLANMA ARAÇLARI PİYASASI,KESİN ALIM SATIM PAZARI-NİTELİKLİ YATIRIMCILAR ARASINDA,EQUITY,False,False,KAP_MARKETS,KAP_MARKET:4028328c55064295015506669f1f0027:33E5FED802DA00EAE0530A4A622B2AEA:8acae2c48c3efabf018d10fc19010119:HDFYB,2026-07-29,https://www.kap.org.tr/tr/Pazarlar,c889b4c7d5864301187f15fd70e6cb0259137295a09c87cc825aa09ed336e37d,Exact as-of source observation; no liquidity filter applied.,HDFYB,NOT_PAY_MARKET,KESİN ALIM SATIM PAZARI-NİTELİKLİ YATIRIMCILAR ARASINDA,EQUITY,PASS_BORSA_ISTANBUL_KAP_REFERENCE
bist_active_universe_v1,2026-07-29,,,HEKTAŞ TİCARET T.A.Ş.,BORÇLANMA ARAÇLARI PİYASASI,KESİN ALIM SATIM PAZARI-NİTELİKLİ YATIRIMCILAR ARASINDA,EQUITY,False,False,KAP_MARKETS,KAP_MARKET:4028328c55064295015506669f1f0027:33E5FED802DA00EAE0530A4A622B2AEA:4028e4a140ee35c00140ee5d194a0055:HEKTS,2026-07-29,https://www.kap.org.tr/tr/Pazarlar,1c7123810fe70e331edc73b9e65c54b3837900a9e57fc8a8cd59673359c9d865,Exact as-of source observation; no liquidity filter applied.,HEKTS,NOT_PAY_MARKET,KESİN ALIM SATIM PAZARI-NİTELİKLİ YATIRIMCILAR ARASINDA,EQUITY,PASS_BORSA_ISTANBUL_KAP_REFERENCE
bist_active_universe_v1,2026-07-29,,,HALK VARLIK KİRALAMA A.Ş.,BORÇLANMA ARAÇLARI PİYASASI,KESİN ALIM SATIM PAZARI-NİTELİKLİ YATIRIMCILAR ARASINDA,EQUITY,False,False,KAP_MARKETS,KAP_MARKET:4028328c55064295015506669f1f0027:33E5FED802DA00EAE0530A4A622B2AEA:8acae2c45fc5ff9c016002b79772115e:HLVKS,2026-07-29,https://www.kap.org.tr/tr/Pazarlar,979856fad679754b362471eba27cb768f518f98a68c59c11177321bc7e9a4425,Exact as-of source observation; no liquidity filter applied.,HLVKS,NOT_PAY_MARKET,KESİN ALIM SATIM PAZARI-NİTELİKLİ YATIRIMCILAR ARASINDA,EQUITY,PASS_BORSA_ISTANBUL_KAP_REFERENCE
bist_active_universe_v1,2026-07-29,,,HEDEF PORTFÖY YÖNETİMİ A.Ş. ARTİNVEST GİRİŞİM SERMAYESİ YATIRIM FONU,PAY PİYASASI,GİRİŞİM SERMAYESİ PAZARI,FUND,False,False,KAP_MARKETS,KAP_MARKET:4028328c550642950155066367d0001b:4028328c5fc60da8015fde393e673cb9:HPART,2026-07-29,https://www.kap.org.tr/tr/Pazarlar,6e0fcc53ca9b8b818291f911fe927667cfa6a0660c26570f2dd2ddf5f1dae12b,Exact as-of source observation; no liquidity filter applied.,HPART,FUND,GİRİŞİM SERMAYESİ PAZARI,FUND,PASS_BORSA_ISTANBUL_KAP_REFERENCE
bist_active_universe_v1,2026-07-29,,,HEDEF PORTFÖY YÖNETİMİ A.Ş. CLİMATETECH GİRİŞİM SERMAYESİ YATIRIM FONU,PAY PİYASASI,GİRİŞİM SERMAYESİ PAZARI,FUND,False,False,KAP_MARKETS,KAP_MARKET:4028328c550642950155066367d0001b:4028328c5fc60da8015fde393e673cb9:HPCLI,2026-07-29,https://www.kap.org.tr/tr/Pazarlar,89dd3b15d952fbe24f8790cc81143888fb2437891742c7fab2fe2c510c2c1597,Exact as-of source observation; no liquidity filter applied.,HPCLI,FUND,GİRİŞİM SERMAYESİ PAZARI,FUND,PASS_BORSA_ISTANBUL_KAP_REFERENCE
bist_active_universe_v1,2026-07-29,,,HEDEF PORTFÖY YÖNETİMİ A.Ş. SOLARİS GİRİŞİM SERMAYESİ YATIRIM FONU,PAY PİYASASI,GİRİŞİM SERMAYESİ PAZARI,FUND,False,False,KAP_MARKETS,KAP_MARKET:4028328c550642950155066367d0001b:4028328c5fc60da8015fde393e673cb9:HPSOL,2026-07-29,https://www.kap.org.tr/tr/Pazarlar,dc9a66846580d4512f11faa03b3e07b160a0cec3c942535973668569536831b9,Exact as-of source observation; no liquidity filter applied.,HPSOL,FUND,GİRİŞİM SERMAYESİ PAZARI,FUND,PASS_BORSA_ISTANBUL_KAP_REFERENCE
bist_active_universe_v1,2026-07-29,,,HEDEF PORTFÖY YÖNETİMİ A.Ş. SUNİNVEST GİRİŞİM SERMAYESİ YATIRIM FONU,PAY PİYASASI,GİRİŞİM SERMAYESİ PAZARI,FUND,False,False,KAP_MARKETS,KAP_MARKET:4028328c550642950155066367d0001b:4028328c5fc60da8015fde393e673cb9:HPSUN,2026-07-29,https://www.kap.org.tr/tr/Pazarlar,86aea423adf3f7da10c64d9594106e4eaa377d89e82cd1b55451f10ab15990e5,Exact as-of source observation; no liquidity filter applied.,HPSUN,FUND,GİRİŞİM SERMAYESİ PAZARI,FUND,PASS_BORSA_ISTANBUL_KAP_REFERENCE
bist_active_universe_v1,2026-07-29,,,HEDEF PORTFÖY YÖNETİMİ A.Ş. STARTUP BURADA GİRİŞİM SERMAYESİ YATIRIM FONU,PAY PİYASASI,GİRİŞİM SERMAYESİ PAZARI,FUND,False,False,KAP_MARKETS,KAP_MARKET:4028328c550642950155066367d0001b:4028328c5fc60da8015fde393e673cb9:HTPSB,2026-07-29,https://www.kap.org.tr/tr/Pazarlar,2ee8166f0e33cc3d45709b89993f2d9200fd261efde05f48671ef0d397a260df,Exact as-of source observation; no liquidity filter applied.,HTPSB,FUND,GİRİŞİM SERMAYESİ PAZARI,FUND,PASS_BORSA_ISTANBUL_KAP_REFERENCE
bist_active_universe_v1,2026-07-29,,,HUZUR FAKTORİNG A.Ş.,BORÇLANMA ARAÇLARI PİYASASI,KESİN ALIM SATIM PAZARI-NİTELİKLİ YATIRIMCILAR ARASINDA,EQUITY,False,False,KAP_MARKETS,KAP_MARKET:4028328c55064295015506669f1f0027:33E5FED802DA00EAE0530A4A622B2AEA:4028e4a241558bd9014155ce6dec03e8:HUZFA,2026-07-29,https://www.kap.org.tr/tr/Pazarlar,e7a80f15e6e4ec95369611f1acaa7903105b096d56a92d0623824174e87defe6,Exact as-of source observation; no liquidity filter applied.,HUZFA,NOT_PAY_MARKET,KESİN ALIM SATIM PAZARI-NİTELİKLİ YATIRIMCILAR ARASINDA,EQUITY,PASS_BORSA_ISTANBUL_KAP_REFERENCE
bist_active_universe_v1,2026-07-29,,,İNFO YATIRIM MENKUL DEĞERLER A.Ş.,BORÇLANMA ARAÇLARI PİYASASI,KESİN ALIM SATIM PAZARI-NİTELİKLİ YATIRIMCILAR ARASINDA,EQUITY,False,False,KAP_MARKETS,KAP_MARKET:4028328c55064295015506669f1f0027:33E5FED802DA00EAE0530A4A622B2AEA:4028e4a2416e696c01416edd30ca3148:INFO,2026-07-29,https://www.kap.org.tr/tr/Pazarlar,36957bb87665934f0351bd8bd59f39d9e99e02613c6fd8d8ec38b07359b1cf08,Exact as-of source observation; no liquidity filter applied.,INFO,NOT_PAY_MARKET,KESİN ALIM SATIM PAZARI-NİTELİKLİ YATIRIMCILAR ARASINDA,EQUITY,PASS_BORSA_ISTANBUL_KAP_REFERENCE
bist_active_universe_v1,2026-07-29,,,İNFO YATIRIM MENKUL DEĞERLER A.Ş.,PAY PİYASASI,YAPILANDIRILMIŞ ÜRÜNLER VE FON PAZARI,EQUITY,False,False,KAP_MARKETS,KAP_MARKET:4028328c550642950155066367d0001b:33E5FED802B700EAE0530A4A622B2AEA:4028e4a2416e696c01416edd30ca3148:INFO,2026-07-29,https://www.kap.org.tr/tr/Pazarlar,e32c9c31e653198ad6ce3e1df8d56f3ee4b6f7845d03e5fd8b7c7a687cb4cdfa,Exact as-of source observation; no liquidity filter applied.,INFO,NON_EQUITY_MARKET,YAPILANDIRILMIŞ ÜRÜNLER VE FON PAZARI,EQUITY,PASS_BORSA_ISTANBUL_KAP_REFERENCE
bist_active_universe_v1,2026-07-29,,,INVEST-AZ YATIRIM MENKUL DEĞERLER A.Ş.,BORÇLANMA ARAÇLARI PİYASASI,KESİN ALIM SATIM PAZARI-NİTELİKLİ YATIRIMCILAR ARASINDA,EQUITY,False,False,KAP_MARKETS,KAP_MARKET:4028328c55064295015506669f1f0027:33E5FED802DA00EAE0530A4A622B2AEA:4028e4a14184e9cf0141934f00662c2e:INVAZ,2026-07-29,https://www.kap.org.tr/tr/Pazarlar,e56ee47305427d623d1f425e041a75e9cd27cf8474de8a6b02f90728ff1be1ed,Exact as-of source observation; no liquidity filter applied.,INVAZ,NOT_PAY_MARKET,KESİN ALIM SATIM PAZARI-NİTELİKLİ YATIRIMCILAR ARASINDA,EQUITY,PASS_BORSA_ISTANBUL_KAP_REFERENCE
bist_active_universe_v1,2026-07-29,,,INVEO YATIRIM HOLDİNG A.Ş.,BORÇLANMA ARAÇLARI PİYASASI,KESİN ALIM SATIM PAZARI-NİTELİKLİ YATIRIMCILAR ARASINDA,EQUITY,False,False,KAP_MARKETS,KAP_MARKET:4028328c55064295015506669f1f0027:33E5FED802DA00EAE0530A4A622B2AEA:4028e4a140f2ed7201413b67b22f0929:INVEO,2026-07-29,https://www.kap.org.tr/tr/Pazarlar,bae2b8ffce11f377360941bf16df41377f12add2d696cd187ebb03d62a7bd429,Exact as-of source observation; no liquidity filter applied.,INVEO,NOT_PAY_MARKET,KESİN ALIM SATIM PAZARI-NİTELİKLİ YATIRIMCILAR ARASINDA,EQUITY,PASS_BORSA_ISTANBUL_KAP_REFERENCE
bist_active_universe_v1,2026-07-29,,,INVEO PORTFÖY YÖNETİMİ A.Ş. INVEO VENTURES GİRİŞİM SERMAYESİ YATIRIM FONU,PAY PİYASASI,GİRİŞİM SERMAYESİ PAZARI,FUND,False,False,KAP_MARKETS,KAP_MARKET:4028328c550642950155066367d0001b:4028328c5fc60da8015fde393e673cb9:IPINV,2026-07-29,https://www.kap.org.tr/tr/Pazarlar,4b1300447426a568d69e7ae73d34f2f706059fc5e60c3e7590ca1baa8a9efad3,Exact as-of source observation; no liquidity filter applied.,IPINV,FUND,GİRİŞİM SERMAYESİ PAZARI,FUND,PASS_BORSA_ISTANBUL_KAP_REFERENCE
bist_active_universe_v1,2026-07-29,,,TÜRKİYE İŞ BANKASI A.Ş.,BORÇLANMA ARAÇLARI PİYASASI,KESİN ALIM SATIM PAZARI,EQUITY,False,False,KAP_MARKETS,KAP_MARKET:4028328c55064295015506669f1f0027:33E5FED802A900EAE0530A4A622B2AEA:4028e4a140f2ed7201411682b0cb05c6:ISCTR,2026-07-29,https://www.kap.org.tr/tr/Pazarlar,c297e95c15cbc858a5142267424af041bccadcc2cf9a4361fab2918033dbeff0,Exact as-of source observation; no liquidity filter applied.,ISCTR,NOT_PAY_MARKET,KESİN ALIM SATIM PAZARI,EQUITY,PASS_BORSA_ISTANBUL_KAP_REFERENCE
bist_active_universe_v1,2026-07-29,,,TÜRKİYE İŞ BANKASI A.Ş.,BORÇLANMA ARAÇLARI PİYASASI,KESİN ALIM SATIM PAZARI-NİTELİKLİ YATIRIMCILAR ARASINDA,EQUITY,False,False,KAP_MARKETS,KAP_MARKET:4028328c55064295015506669f1f0027:33E5FED802DA00EAE0530A4A622B2AEA:4028e4a140f2ed7201411682b0cb05c6:ISCTR,2026-07-29,https://www.kap.org.tr/tr/Pazarlar,2d2bfd06f15485e427842e1a384d8fda57002e55fafb10106b8da516c0fc5d58,Exact as-of source observation; no liquidity filter applied.,ISCTR,NOT_PAY_MARKET,KESİN ALIM SATIM PAZARI-NİTELİKLİ YATIRIMCILAR ARASINDA,EQUITY,PASS_BORSA_ISTANBUL_KAP_REFERENCE
bist_active_universe_v1,2026-07-29,,,İŞ FAKTORİNG A.Ş.,BORÇLANMA ARAÇLARI PİYASASI,KESİN ALIM SATIM PAZARI-NİTELİKLİ YATIRIMCILAR ARASINDA,EQUITY,False,False,KAP_MARKETS,KAP_MARKET:4028328c55064295015506669f1f0027:33E5FED802DA00EAE0530A4A622B2AEA:4028e4a2413b80ca01413bb4d2580033:ISFAK,2026-07-29,https://www.kap.org.tr/tr/Pazarlar,2d4272f64b57d072f4c09f9e52632d00756aee51b7b6047105f6473fd5d65751,Exact as-of source observation; no liquidity filter applied.,ISFAK,NOT_PAY_MARKET,KESİN ALIM SATIM PAZARI-NİTELİKLİ YATIRIMCILAR ARASINDA,EQUITY,PASS_BORSA_ISTANBUL_KAP_REFERENCE
bist_active_universe_v1,2026-07-29,,,İŞ FİNANSAL KİRALAMA A.Ş.,BORÇLANMA ARAÇLARI PİYASASI,KESİN ALIM SATIM PAZARI-NİTELİKLİ YATIRIMCILAR ARASINDA,EQUITY,False,False,KAP_MARKETS,KAP_MARKET:4028328c55064295015506669f1f0027:33E5FED802DA00EAE0530A4A622B2AEA:4028e4a140f2ed7101410d272d690188:ISFIN,2026-07-29,https://www.kap.org.tr/tr/Pazarlar,b216ed4ddbfabb7550d43621dfac33e57ae699e6bf085789131dc54196201759,Exact as-of source observation; no liquidity filter applied.,ISFIN,NOT_PAY_MARKET,KESİN ALIM SATIM PAZARI-NİTELİKLİ YATIRIMCILAR ARASINDA,EQUITY,PASS_BORSA_ISTANBUL_KAP_REFERENCE
bist_active_universe_v1,2026-07-29,,,İŞ PORTFÖY ALTIN KATILIM BORSA YATIRIM FONU,PAY PİYASASI,YAPILANDIRILMIŞ ÜRÜNLER VE FON PAZARI,ETF,False,False,KAP_MARKETS,KAP_MARKET:4028328c550642950155066367d0001b:33E5FED802B700EAE0530A4A622B2AEA:ISGLK,2026-07-29,https://www.kap.org.tr/tr/Pazarlar,44a3964377a3cabd84499ce4fd7da59efe4e72b1e73ca50f989823d0f0aa48a5,Exact as-of source observation; no liquidity filter applied.,ISGLK,NON_EQUITY_MARKET,YAPILANDIRILMIŞ ÜRÜNLER VE FON PAZARI,ETF,PASS_BORSA_ISTANBUL_KAP_REFERENCE
bist_active_universe_v1,2026-07-29,,,İŞ GAYRİMENKUL YATIRIM ORTAKLIĞI A.Ş.,BORÇLANMA ARAÇLARI PİYASASI,KESİN ALIM SATIM PAZARI-NİTELİKLİ YATIRIMCILAR ARASINDA,EQUITY,False,False,KAP_MARKETS,KAP_MARKET:4028328c55064295015506669f1f0027:33E5FED802DA00EAE0530A4A622B2AEA:4028e4a140f2ed7201412acbeb8b06f7:ISGYO,2026-07-29,https://www.kap.org.tr/tr/Pazarlar,1133485f630ab6225beab5bc01a0d1d5e35baf4807fc1cbb09abdd82745bec6b,Exact as-of source observation; no liquidity filter applied.,ISGYO,NOT_PAY_MARKET,KESİN ALIM SATIM PAZARI-NİTELİKLİ YATIRIMCILAR ARASINDA,EQUITY,PASS_BORSA_ISTANBUL_KAP_REFERENCE
bist_active_universe_v1,2026-07-29,,,İŞ YATIRIM MENKUL DEĞERLER A.Ş.,BORÇLANMA ARAÇLARI PİYASASI,KESİN ALIM SATIM PAZARI-NİTELİKLİ YATIRIMCILAR ARASINDA,EQUITY,False,False,KAP_MARKETS,KAP_MARKET:4028328c55064295015506669f1f0027:33E5FED802DA00EAE0530A4A622B2AEA:4028e4a140f275530140f277aa100008:ISMEN,2026-07-29,https://www.kap.org.tr/tr/Pazarlar,be284ce9b08d04a026dac0c14f04384e32de466cd2de54170902e576d1cb8d16,Exact as-of source observation; no liquidity filter applied.,ISMEN,NOT_PAY_MARKET,KESİN ALIM SATIM PAZARI-NİTELİKLİ YATIRIMCILAR ARASINDA,EQUITY,PASS_BORSA_ISTANBUL_KAP_REFERENCE
bist_active_universe_v1,2026-07-29,,,İŞ YATIRIM MENKUL DEĞERLER A.Ş.,PAY PİYASASI,YAPILANDIRILMIŞ ÜRÜNLER VE FON PAZARI,EQUITY,False,False,KAP_MARKETS,KAP_MARKET:4028328c550642950155066367d0001b:33E5FED802B700EAE0530A4A622B2AEA:4028e4a140f275530140f277aa100008:ISMEN,2026-07-29,https://www.kap.org.tr/tr/Pazarlar,12d7550a67a840bd9e1891f65653a1a166c6a4696f5e59482493261f1145798d,Exact as-of source observation; no liquidity filter applied.,ISMEN,NON_EQUITY_MARKET,YAPILANDIRILMIŞ ÜRÜNLER VE FON PAZARI,EQUITY,PASS_BORSA_ISTANBUL_KAP_REFERENCE
bist_active_universe_v1,2026-07-29,,,İSTANBUL FAKTORİNG A.Ş.,BORÇLANMA ARAÇLARI PİYASASI,KESİN ALIM SATIM PAZARI-NİTELİKLİ YATIRIMCILAR ARASINDA,EQUITY,False,False,KAP_MARKETS,KAP_MARKET:4028328c55064295015506669f1f0027:33E5FED802DA00EAE0530A4A622B2AEA:4028e4a244a081810145d6e6f59b75cf:ISTFK,2026-07-29,https://www.kap.org.tr/tr/Pazarlar,3421d24c286a5bff6f9af0def67df25620a7a9f7a08a1f7cc71adafc823d5f31,Exact as-of source observation; no liquidity filter applied.,ISTFK,NOT_PAY_MARKET,KESİN ALIM SATIM PAZARI-NİTELİKLİ YATIRIMCILAR ARASINDA,EQUITY,PASS_BORSA_ISTANBUL_KAP_REFERENCE
bist_active_universe_v1,2026-07-29,,,İSTANBUL VARLIK YÖNETİM A.Ş.,BORÇLANMA ARAÇLARI PİYASASI,KESİN ALIM SATIM PAZARI-NİTELİKLİ YATIRIMCILAR ARASINDA,EQUITY,False,False,KAP_MARKETS,KAP_MARKET:4028328c55064295015506669f1f0027:33E5FED802DA00EAE0530A4A622B2AEA:4028e4a142140a8c014222e455c72489:ISTVY,2026-07-29,https://www.kap.org.tr/tr/Pazarlar,b14409574f1f44030fbbe383ec96d15167b06d8d4ea29305b568b92161cf56a2,Exact as-of source observation; no liquidity filter applied.,ISTVY,NOT_PAY_MARKET,KESİN ALIM SATIM PAZARI-NİTELİKLİ YATIRIMCILAR ARASINDA,EQUITY,PASS_BORSA_ISTANBUL_KAP_REFERENCE
bist_active_universe_v1,2026-07-29,,,KAREL ELEKTRONİK SANAYİ VE TİCARET A.Ş.,BORÇLANMA ARAÇLARI PİYASASI,KESİN ALIM SATIM PAZARI-NİTELİKLİ YATIRIMCILAR ARASINDA,EQUITY,False,False,KAP_MARKETS,KAP_MARKET:4028328c55064295015506669f1f0027:33E5FED802DA00EAE0530A4A622B2AEA:4028e4a246b4c5a90147d42c754a6bba:KAREL,2026-07-29,https://www.kap.org.tr/tr/Pazarlar,72e7bde5eacb3e69e647f755b57d492996776d23a36947c3a7cfbd2bd0919ff8,Exact as-of source observation; no liquidity filter applied.,KAREL,NOT_PAY_MARKET,KESİN ALIM SATIM PAZARI-NİTELİKLİ YATIRIMCILAR ARASINDA,EQUITY,PASS_BORSA_ISTANBUL_KAP_REFERENCE
bist_active_universe_v1,2026-07-29,,,KARSAN OTOMOTİV SANAYİİ VE TİCARET A.Ş.,BORÇLANMA ARAÇLARI PİYASASI,KESİN ALIM SATIM PAZARI-NİTELİKLİ YATIRIMCILAR ARASINDA,EQUITY,False,False,KAP_MARKETS,KAP_MARKET:4028328c55064295015506669f1f0027:33E5FED802DA00EAE0530A4A622B2AEA:4028e4a140f275530140f2e357a501f7:KARSN,2026-07-29,https://www.kap.org.tr/tr/Pazarlar,150c539c79dc2bd6f5fa91dd8d6e5dd3ca6a641ad28cc35bbe8f247abe1d40c1,Exact as-of source observation; no liquidity filter applied.,KARSN,NOT_PAY_MARKET,KESİN ALIM SATIM PAZARI-NİTELİKLİ YATIRIMCILAR ARASINDA,EQUITY,PASS_BORSA_ISTANBUL_KAP_REFERENCE
bist_active_universe_v1,2026-07-29,,,KATILIM VARLIK KİRALAMA A.Ş.,BORÇLANMA ARAÇLARI PİYASASI,KESİN ALIM SATIM PAZARI-NİTELİKLİ YATIRIMCILAR ARASINDA,EQUITY,False,False,KAP_MARKETS,KAP_MARKET:4028328c55064295015506669f1f0027:33E5FED802DA00EAE0530A4A622B2AEA:8acae2c45835eb6501589126d8f220fc:KATVK,2026-07-29,https://www.kap.org.tr/tr/Pazarlar,ccb1ca55b7191ad1b3e71eceb9698a2dc7a4495e06bb40a1b24efe8ceb912525,Exact as-of source observation; no liquidity filter applied.,KATVK,NOT_PAY_MARKET,KESİN ALIM SATIM PAZARI-NİTELİKLİ YATIRIMCILAR ARASINDA,EQUITY,PASS_BORSA_ISTANBUL_KAP_REFERENCE
bist_active_universe_v1,2026-07-29,,,KAYATUR FİLO KİRALAMA A.Ş.,BORÇLANMA ARAÇLARI PİYASASI,KESİN ALIM SATIM PAZARI-NİTELİKLİ YATIRIMCILAR ARASINDA,EQUITY,False,False,KAP_MARKETS,KAP_MARKET:4028328c55064295015506669f1f0027:33E5FED802DA00EAE0530A4A622B2AEA:8acae2c4991b8c3201992881244b00c6:KFILO,2026-07-29,https://www.kap.org.tr/tr/Pazarlar,caf5fe4798acddc43dd754541b58b594004496fbed93b4d8e4ffd09c3ef54da1,Exact as-of source observation; no liquidity filter applied.,KFILO,NOT_PAY_MARKET,KESİN ALIM SATIM PAZARI-NİTELİKLİ YATIRIMCILAR ARASINDA,EQUITY,PASS_BORSA_ISTANBUL_KAP_REFERENCE
bist_active_universe_v1,2026-07-29,,,KORAY GAYRİMENKUL YATIRIM ORTAKLIĞI A.Ş.,BORÇLANMA ARAÇLARI PİYASASI,KESİN ALIM SATIM PAZARI-NİTELİKLİ YATIRIMCILAR ARASINDA,EQUITY,False,False,KAP_MARKETS,KAP_MARKET:4028328c55064295015506669f1f0027:33E5FED802DA00EAE0530A4A622B2AEA:4028e4a240f2ef4c0141176f57ca04a5:KGYO,2026-07-29,https://www.kap.org.tr/tr/Pazarlar,98c533a0a210f65ff4008c5eac50b48ed8e1bbab738b63cafe2126cb8ccf2b1b,Exact as-of source observation; no liquidity filter applied.,KGYO,NOT_PAY_MARKET,KESİN ALIM SATIM PAZARI-NİTELİKLİ YATIRIMCILAR ARASINDA,EQUITY,PASS_BORSA_ISTANBUL_KAP_REFERENCE
bist_active_universe_v1,2026-07-29,,,KALESERAMİK ÇANAKKALE KALEBODUR SERAMİK SANAYİ A.Ş.,BORÇLANMA ARAÇLARI PİYASASI,KESİN ALIM SATIM PAZARI-NİTELİKLİ YATIRIMCILAR ARASINDA,EQUITY,False,False,KAP_MARKETS,KAP_MARKET:4028328c55064295015506669f1f0027:33E5FED802DA00EAE0530A4A622B2AEA:4028e4a140f275550140f285f6cf0246:KLSER,2026-07-29,https://www.kap.org.tr/tr/Pazarlar,b662dc7b0439850a4472f9bdaded8cb145098cff2d5b1ddbab0f0ad01bd2c26a,Exact as-of source observation; no liquidity filter applied.,KLSER,NOT_PAY_MARKET,KESİN ALIM SATIM PAZARI-NİTELİKLİ YATIRIMCILAR ARASINDA,EQUITY,PASS_BORSA_ISTANBUL_KAP_REFERENCE
bist_active_universe_v1,2026-07-29,,,KALKINMA YATIRIM VARLIK KİRALAMA A.Ş.,BORÇLANMA ARAÇLARI PİYASASI,KESİN ALIM SATIM PAZARI-NİTELİKLİ YATIRIMCILAR ARASINDA,EQUITY,False,False,KAP_MARKETS,KAP_MARKET:4028328c55064295015506669f1f0027:33E5FED802DA00EAE0530A4A622B2AEA:8acae2c47afb298b017b638d20d840cd:KLVKS,2026-07-29,https://www.kap.org.tr/tr/Pazarlar,4c59d2de99360d32dd3cf609200fc61a27bad0a5780f848f53f08a7efbfa63b6,Exact as-of source observation; no liquidity filter applied.,KLVKS,NOT_PAY_MARKET,KESİN ALIM SATIM PAZARI-NİTELİKLİ YATIRIMCILAR ARASINDA,EQUITY,PASS_BORSA_ISTANBUL_KAP_REFERENCE
bist_active_universe_v1,2026-07-29,,,KENT FİNANS FAKTORİNG A.Ş.,BORÇLANMA ARAÇLARI PİYASASI,KESİN ALIM SATIM PAZARI-NİTELİKLİ YATIRIMCILAR ARASINDA,EQUITY,False,False,KAP_MARKETS,KAP_MARKET:4028328c55064295015506669f1f0027:33E5FED802DA00EAE0530A4A622B2AEA:4028e4a14184e9c901419d1119ca6579:KNTFA,2026-07-29,https://www.kap.org.tr/tr/Pazarlar,d55bfd3a0da5a35e9f5c2cf4af4c547e471f39f57d616a6676cfb3cd521ae256,Exact as-of source observation; no liquidity filter applied.,KNTFA,NOT_PAY_MARKET,KESİN ALIM SATIM PAZARI-NİTELİKLİ YATIRIMCILAR ARASINDA,EQUITY,PASS_BORSA_ISTANBUL_KAP_REFERENCE
bist_active_universe_v1,2026-07-29,,,KOÇ FİNANSMAN A.Ş.,BORÇLANMA ARAÇLARI PİYASASI,KESİN ALIM SATIM PAZARI-NİTELİKLİ YATIRIMCILAR ARASINDA,EQUITY,False,False,KAP_MARKETS,KAP_MARKET:4028328c55064295015506669f1f0027:33E5FED802DA00EAE0530A4A622B2AEA:4028e4a140f2ed710140f2f251eb0026:KOCFN,2026-07-29,https://www.kap.org.tr/tr/Pazarlar,bac7e90ecfa5e17dff70dd7667cf88ed5dac851efc2523e325bf0ed9b51f8819,Exact as-of source observation; no liquidity filter applied.,KOCFN,NOT_PAY_MARKET,KESİN ALIM SATIM PAZARI-NİTELİKLİ YATIRIMCILAR ARASINDA,EQUITY,PASS_BORSA_ISTANBUL_KAP_REFERENCE
bist_active_universe_v1,2026-07-29,,,KONTROLMATİK TEKNOLOJİ ENERJİ VE MÜHENDİSLİK A.Ş.,BORÇLANMA ARAÇLARI PİYASASI,GÖZALTI PAZARI,EQUITY,False,False,KAP_MARKETS,KAP_MARKET:4028328c55064295015506669f1f0027:4028328c5fc60da701600c24c7b46ea0:8acae2c5745d76320174c4879b101cb2:KONTR,2026-07-29,https://www.kap.org.tr/tr/Pazarlar,abdccd0eeebf57217385fff1d857975ee4036e929c7ffa47a9653749a578ab10,Exact as-of source observation; no liquidity filter applied.,KONTR,NOT_PAY_MARKET,GÖZALTI PAZARI,EQUITY,PASS_BORSA_ISTANBUL_KAP_REFERENCE
bist_active_universe_v1,2026-07-29,,,KORTEKS MENSUCAT SANAYİ VE TİCARET A.Ş.,BORÇLANMA ARAÇLARI PİYASASI,KESİN ALIM SATIM PAZARI-NİTELİKLİ YATIRIMCILAR ARASINDA,EQUITY,False,False,KAP_MARKETS,KAP_MARKET:4028328c55064295015506669f1f0027:33E5FED802DA00EAE0530A4A622B2AEA:4028e4a140f2ed720140f2f4659e00bc:KORTS,2026-07-29,https://www.kap.org.tr/tr/Pazarlar,866e797e1f18f0aa6b49478d577e0f95f797f3461a5387d8a0c6b0484ae6a18e,Exact as-of source observation; no liquidity filter applied.,KORTS,NOT_PAY_MARKET,KESİN ALIM SATIM PAZARI-NİTELİKLİ YATIRIMCILAR ARASINDA,EQUITY,PASS_BORSA_ISTANBUL_KAP_REFERENCE
bist_active_universe_v1,2026-07-29,,,KAPİTAL GAYRİMENKUL YATIRIMI GELİŞTİRME VE İŞLETMECİLİK A.Ş.,BORÇLANMA ARAÇLARI PİYASASI,KESİN ALIM SATIM PAZARI-NİTELİKLİ YATIRIMCILAR ARASINDA,EQUITY,False,False,KAP_MARKETS,KAP_MARKET:4028328c55064295015506669f1f0027:33E5FED802DA00EAE0530A4A622B2AEA:d21618f6aa554dd8a570f41dd0f46700:KPTGY,2026-07-29,https://www.kap.org.tr/tr/Pazarlar,ef6ae1e9e23c8f09c1083ea41987461068789d5bc27c63a4211011c104334904,Exact as-of source observation; no liquidity filter applied.,KPTGY,NOT_PAY_MARKET,KESİN ALIM SATIM PAZARI-NİTELİKLİ YATIRIMCILAR ARASINDA,EQUITY,PASS_BORSA_ISTANBUL_KAP_REFERENCE
bist_active_universe_v1,2026-07-29,,,KOÇ STELLANTİS FİNANSMAN A.Ş.,BORÇLANMA ARAÇLARI PİYASASI,KESİN ALIM SATIM PAZARI-NİTELİKLİ YATIRIMCILAR ARASINDA,EQUITY,False,False,KAP_MARKETS,KAP_MARKET:4028328c55064295015506669f1f0027:33E5FED802DA00EAE0530A4A622B2AEA:4028e4a140f2ed710140f2f01f960011:KSFIN,2026-07-29,https://www.kap.org.tr/tr/Pazarlar,9653e05a14ff55d27f6978ee853a5f946a5fe7082a515bd8529b622d43e6146a,Exact as-of source observation; no liquidity filter applied.,KSFIN,NOT_PAY_MARKET,KESİN ALIM SATIM PAZARI-NİTELİKLİ YATIRIMCILAR ARASINDA,EQUITY,PASS_BORSA_ISTANBUL_KAP_REFERENCE
bist_active_universe_v1,2026-07-29,,,KT KİRA SERTİFİKALARI VARLIK KİRALAMA A.Ş.,BORÇLANMA ARAÇLARI PİYASASI,KESİN ALIM SATIM PAZARI-NİTELİKLİ YATIRIMCILAR ARASINDA,CERTIFICATE,False,False,KAP_MARKETS,KAP_MARKET:4028328c55064295015506669f1f0027:33E5FED802DA00EAE0530A4A622B2AEA:1DE05DAA8332073AE0530A4A622A2EBD:KTKVK,2026-07-29,https://www.kap.org.tr/tr/Pazarlar,0b30817669b3ac525055c2d1e49644eb21b72b7debd950b79ad548969e30fc88,Exact as-of source observation; no liquidity filter applied.,KTKVK,NOT_PAY_MARKET,KESİN ALIM SATIM PAZARI-NİTELİKLİ YATIRIMCILAR ARASINDA,CERTIFICATE,PASS_BORSA_ISTANBUL_KAP_REFERENCE
bist_active_universe_v1,2026-07-29,,,KT SUKUK VARLIK KİRALAMA A.Ş.,BORÇLANMA ARAÇLARI PİYASASI,KESİN ALIM SATIM PAZARI-NİTELİKLİ YATIRIMCILAR ARASINDA,EQUITY,False,False,KAP_MARKETS,KAP_MARKET:4028328c55064295015506669f1f0027:33E5FED802DA00EAE0530A4A622B2AEA:8acae2c45a97ffbc015b1e02e5033b72:KTSVK,2026-07-29,https://www.kap.org.tr/tr/Pazarlar,9c2080aa837c975ab21f49e8cb53a814cddaea9306c56bdadd2c8f3b7d5b9396,Exact as-of source observation; no liquidity filter applied.,KTSVK,NOT_PAY_MARKET,KESİN ALIM SATIM PAZARI-NİTELİKLİ YATIRIMCILAR ARASINDA,EQUITY,PASS_BORSA_ISTANBUL_KAP_REFERENCE
bist_active_universe_v1,2026-07-29,,,LDR TURİZM A.Ş.,BORÇLANMA ARAÇLARI PİYASASI,KESİN ALIM SATIM PAZARI-NİTELİKLİ YATIRIMCILAR ARASINDA,EQUITY,False,False,KAP_MARKETS,KAP_MARKET:4028328c55064295015506669f1f0027:33E5FED802DA00EAE0530A4A622B2AEA:8acae2c5570aaa2b0157be3a3ef749af:LIDER,2026-07-29,https://www.kap.org.tr/tr/Pazarlar,f5c8b102197b3eaf8ccd598b9ab99034dd14d9689fda1f2673a551b982a99f78,Exact as-of source observation; no liquidity filter applied.,LIDER,NOT_PAY_MARKET,KESİN ALIM SATIM PAZARI-NİTELİKLİ YATIRIMCILAR ARASINDA,EQUITY,PASS_BORSA_ISTANBUL_KAP_REFERENCE
bist_active_universe_v1,2026-07-29,,,LİDER FAKTORİNG A.Ş.,BORÇLANMA ARAÇLARI PİYASASI,KESİN ALIM SATIM PAZARI-NİTELİKLİ YATIRIMCILAR ARASINDA,EQUITY,False,False,KAP_MARKETS,KAP_MARKET:4028328c55064295015506669f1f0027:33E5FED802DA00EAE0530A4A622B2AEA:4028e4a141da49ea0141dfe0d2732d48:LIDFA,2026-07-29,https://www.kap.org.tr/tr/Pazarlar,ac4520f0f16e867fcd8e9a37e98f3c869e8240c88dfb0aa9b3d1771523e3aab2,Exact as-of source observation; no liquidity filter applied.,LIDFA,NOT_PAY_MARKET,KESİN ALIM SATIM PAZARI-NİTELİKLİ YATIRIMCILAR ARASINDA,EQUITY,PASS_BORSA_ISTANBUL_KAP_REFERENCE
bist_active_universe_v1,2026-07-29,,,LORAS HOLDİNG A.Ş.,BORÇLANMA ARAÇLARI PİYASASI,KESİN ALIM SATIM PAZARI-NİTELİKLİ YATIRIMCILAR ARASINDA,EQUITY,False,False,KAP_MARKETS,KAP_MARKET:4028328c55064295015506669f1f0027:33E5FED802DA00EAE0530A4A622B2AEA:4028e4a140f2ed7101411799cb9b02fc:LRSHO,2026-07-29,https://www.kap.org.tr/tr/Pazarlar,a5a58b8c97bdbc900da831a8969dcf046b1082ae0af9511485e0620e74a2127a,Exact as-of source observation; no liquidity filter applied.,LRSHO,NOT_PAY_MARKET,KESİN ALIM SATIM PAZARI-NİTELİKLİ YATIRIMCILAR ARASINDA,EQUITY,PASS_BORSA_ISTANBUL_KAP_REFERENCE
bist_active_universe_v1,2026-07-29,,,MERCEDES-BENZ FİNANSMAN TÜRK A.Ş.,BORÇLANMA ARAÇLARI PİYASASI,KESİN ALIM SATIM PAZARI-NİTELİKLİ YATIRIMCILAR ARASINDA,EQUITY,False,False,KAP_MARKETS,KAP_MARKET:4028328c55064295015506669f1f0027:33E5FED802DA00EAE0530A4A622B2AEA:4028e4a241733d420141744bc087317b:MBFTR,2026-07-29,https://www.kap.org.tr/tr/Pazarlar,a979d43ebde0295338d79002b9a2bca8416bae3d541bb6755a9bffca6286c54d,Exact as-of source observation; no liquidity filter applied.,MBFTR,NOT_PAY_MARKET,KESİN ALIM SATIM PAZARI-NİTELİKLİ YATIRIMCILAR ARASINDA,EQUITY,PASS_BORSA_ISTANBUL_KAP_REFERENCE
bist_active_universe_v1,2026-07-29,,,MİDAS MENKUL DEĞERLER A.Ş.,BORÇLANMA ARAÇLARI PİYASASI,KESİN ALIM SATIM PAZARI-NİTELİKLİ YATIRIMCILAR ARASINDA,EQUITY,False,False,KAP_MARKETS,KAP_MARKET:4028328c55064295015506669f1f0027:33E5FED802DA00EAE0530A4A622B2AEA:8acae2c4782a4d580178a723f5383685:MDASM,2026-07-29,https://www.kap.org.tr/tr/Pazarlar,444d43d6e8e0637ddc4c1c7dd9e7511f0c1406d4b2d229ac64c5e61f90e58ee1,Exact as-of source observation; no liquidity filter applied.,MDASM,NOT_PAY_MARKET,KESİN ALIM SATIM PAZARI-NİTELİKLİ YATIRIMCILAR ARASINDA,EQUITY,PASS_BORSA_ISTANBUL_KAP_REFERENCE
bist_active_universe_v1,2026-07-29,,,MEDİAZZ YENİ MEDYA VE TEKNOLOJİ YATIRIMLARI A.Ş.,BORÇLANMA ARAÇLARI PİYASASI,KESİN ALIM SATIM PAZARI-NİTELİKLİ YATIRIMCILAR ARASINDA,EQUITY,False,False,KAP_MARKETS,KAP_MARKET:4028328c55064295015506669f1f0027:33E5FED802DA00EAE0530A4A622B2AEA:8acae2c49c81f743019d2defe3ba3d95:MDIAZ,2026-07-29,https://www.kap.org.tr/tr/Pazarlar,578837843369cf05e27a6c33f603fdb9eaaf5ca358ea2a809faf35562d4fa984,Exact as-of source observation; no liquidity filter applied.,MDIAZ,NOT_PAY_MARKET,KESİN ALIM SATIM PAZARI-NİTELİKLİ YATIRIMCILAR ARASINDA,EQUITY,PASS_BORSA_ISTANBUL_KAP_REFERENCE
bist_active_universe_v1,2026-07-29,,,MEKSA YATIRIM MENKUL DEĞERLER A.Ş.,BORÇLANMA ARAÇLARI PİYASASI,KESİN ALIM SATIM PAZARI-NİTELİKLİ YATIRIMCILAR ARASINDA,EQUITY,False,False,KAP_MARKETS,KAP_MARKET:4028328c55064295015506669f1f0027:33E5FED802DA00EAE0530A4A622B2AEA:4028e4a24184e9e50141981faaf249d3:MEKMD,2026-07-29,https://www.kap.org.tr/tr/Pazarlar,42fbe6b81d61f57ac7a7ce6f1828f665f3dceaf87606229bc3411efbe03894d1,Exact as-of source observation; no liquidity filter applied.,MEKMD,NOT_PAY_MARKET,KESİN ALIM SATIM PAZARI-NİTELİKLİ YATIRIMCILAR ARASINDA,EQUITY,PASS_BORSA_ISTANBUL_KAP_REFERENCE
bist_active_universe_v1,2026-07-29,,,METGÜN ENERJİ YATIRIMLARI A.Ş.,BORÇLANMA ARAÇLARI PİYASASI,KESİN ALIM SATIM PAZARI-NİTELİKLİ YATIRIMCILAR ARASINDA,EQUITY,False,False,KAP_MARKETS,KAP_MARKET:4028328c55064295015506669f1f0027:33E5FED802DA00EAE0530A4A622B2AEA:8acae2c49b85f8cf019c0470c53c6a68:METEN,2026-07-29,https://www.kap.org.tr/tr/Pazarlar,1563fdd7bda0ce89078867553c5292917396d2d15fbe6763d46dde34f8ff0c76,Exact as-of source observation; no liquidity filter applied.,METEN,NOT_PAY_MARKET,KESİN ALIM SATIM PAZARI-NİTELİKLİ YATIRIMCILAR ARASINDA,EQUITY,PASS_BORSA_ISTANBUL_KAP_REFERENCE
bist_active_universe_v1,2026-07-29,,,MİLK ACADEMY SÜT ÜRÜNLERİ SANAYİ VE TİCARET A.Ş.,BORÇLANMA ARAÇLARI PİYASASI,KESİN ALIM SATIM PAZARI-NİTELİKLİ YATIRIMCILAR ARASINDA,EQUITY,False,False,KAP_MARKETS,KAP_MARKET:4028328c55064295015506669f1f0027:33E5FED802DA00EAE0530A4A622B2AEA:8acae2c59b85fa03019beb0e0c8b5999:MILKS,2026-07-29,https://www.kap.org.tr/tr/Pazarlar,2e6b5b7cbadd76d0fc53b9451c75fa1f4c81148942f6ba86a53dbecb11f64e28,Exact as-of source observation; no liquidity filter applied.,MILKS,NOT_PAY_MARKET,KESİN ALIM SATIM PAZARI-NİTELİKLİ YATIRIMCILAR ARASINDA,EQUITY,PASS_BORSA_ISTANBUL_KAP_REFERENCE
bist_active_universe_v1,2026-07-29,,,MİNT FİNANSMAN A.Ş.,BORÇLANMA ARAÇLARI PİYASASI,KESİN ALIM SATIM PAZARI-NİTELİKLİ YATIRIMCILAR ARASINDA,EQUITY,False,False,KAP_MARKETS,KAP_MARKET:4028328c55064295015506669f1f0027:33E5FED802DA00EAE0530A4A622B2AEA:8acae2c4998f24d8019a0586000256ef:MINTF,2026-07-29,https://www.kap.org.tr/tr/Pazarlar,a5ac0fa006d8274ca2be590a3ac4081dc89bf5b896ae1f63a28d8271dc00f146,Exact as-of source observation; no liquidity filter applied.,MINTF,NOT_PAY_MARKET,KESİN ALIM SATIM PAZARI-NİTELİKLİ YATIRIMCILAR ARASINDA,EQUITY,PASS_BORSA_ISTANBUL_KAP_REFERENCE
bist_active_universe_v1,2026-07-29,,,MNG FAKTORİNG A.Ş.,BORÇLANMA ARAÇLARI PİYASASI,KESİN ALIM SATIM PAZARI-NİTELİKLİ YATIRIMCILAR ARASINDA,EQUITY,False,False,KAP_MARKETS,KAP_MARKET:4028328c55064295015506669f1f0027:33E5FED802DA00EAE0530A4A622B2AEA:4028e4a141462df201414b08fe4e1287:MNGFA,2026-07-29,https://www.kap.org.tr/tr/Pazarlar,35b77fa2a8ab1b7c935d7e14cff9681aa58e08dd25510d55713927b4732e318b,Exact as-of source observation; no liquidity filter applied.,MNGFA,NOT_PAY_MARKET,KESİN ALIM SATIM PAZARI-NİTELİKLİ YATIRIMCILAR ARASINDA,EQUITY,PASS_BORSA_ISTANBUL_KAP_REFERENCE
bist_active_universe_v1,2026-07-29,,,MLP SAĞLIK HİZMETLERİ A.Ş.,BORÇLANMA ARAÇLARI PİYASASI,KESİN ALIM SATIM PAZARI-NİTELİKLİ YATIRIMCILAR ARASINDA,EQUITY,False,False,KAP_MARKETS,KAP_MARKET:4028328c55064295015506669f1f0027:33E5FED802DA00EAE0530A4A622B2AEA:4028e4a1462cc5dd01465c9550782baa:MPARK,2026-07-29,https://www.kap.org.tr/tr/Pazarlar,6def1aef721f04d23305d433590a75f1726c65e4eb9a0ebb6c04feb25aba0801,Exact as-of source observation; no liquidity filter applied.,MPARK,NOT_PAY_MARKET,KESİN ALIM SATIM PAZARI-NİTELİKLİ YATIRIMCILAR ARASINDA,EQUITY,PASS_BORSA_ISTANBUL_KAP_REFERENCE
bist_active_universe_v1,2026-07-29,,,AKTİF PORTFÖY YÖNETİMİ A.Ş. İKİNCİ GAYRİMENKUL YATIRIM (TL) FONU,PAY PİYASASI,GİRİŞİM SERMAYESİ PAZARI,FUND,False,False,KAP_MARKETS,KAP_MARKET:4028328c550642950155066367d0001b:4028328c5fc60da8015fde393e673cb9:MPATA,2026-07-29,https://www.kap.org.tr/tr/Pazarlar,a00934f5e5109122e833af7faba9120aa2e7639967b6c6704a3d8a64a16483bf,Exact as-of source observation; no liquidity filter applied.,MPATA,FUND,GİRİŞİM SERMAYESİ PAZARI,FUND,PASS_BORSA_ISTANBUL_KAP_REFERENCE
bist_active_universe_v1,2026-07-29,,,MARBAŞ MENKUL DEĞERLER A.Ş.,BORÇLANMA ARAÇLARI PİYASASI,KESİN ALIM SATIM PAZARI-NİTELİKLİ YATIRIMCILAR ARASINDA,EQUITY,False,False,KAP_MARKETS,KAP_MARKET:4028328c55064295015506669f1f0027:33E5FED802DA00EAE0530A4A622B2AEA:4028e4a140f2ed7101413af95c8c047c:MRBAS,2026-07-29,https://www.kap.org.tr/tr/Pazarlar,ebbc541906db6d575b6d9aba9131f2aee5b6f1329bcc3e8b939ca28f5b01bb72,Exact as-of source observation; no liquidity filter applied.,MRBAS,NOT_PAY_MARKET,KESİN ALIM SATIM PAZARI-NİTELİKLİ YATIRIMCILAR ARASINDA,EQUITY,PASS_BORSA_ISTANBUL_KAP_REFERENCE
bist_active_universe_v1,2026-07-29,,,MERCEDES BENZ KAMYON FİNANSMAN A.Ş.,BORÇLANMA ARAÇLARI PİYASASI,KESİN ALIM SATIM PAZARI-NİTELİKLİ YATIRIMCILAR ARASINDA,EQUITY,False,False,KAP_MARKETS,KAP_MARKET:4028328c55064295015506669f1f0027:33E5FED802DA00EAE0530A4A622B2AEA:8acae2c48304fe9c0186986217ed49c5:MRBKF,2026-07-29,https://www.kap.org.tr/tr/Pazarlar,cb65f86c9ee0b9e6f6e23a5386c9d2ee5e2eef281513c6831e2c7796f8d46357,Exact as-of source observation; no liquidity filter applied.,MRBKF,NOT_PAY_MARKET,KESİN ALIM SATIM PAZARI-NİTELİKLİ YATIRIMCILAR ARASINDA,EQUITY,PASS_BORSA_ISTANBUL_KAP_REFERENCE
bist_active_universe_v1,2026-07-29,,,MARKA MAĞAZACILIK A.Ş.,BORÇLANMA ARAÇLARI PİYASASI,KESİN ALIM SATIM PAZARI-NİTELİKLİ YATIRIMCILAR ARASINDA,EQUITY,False,False,KAP_MARKETS,KAP_MARKET:4028328c55064295015506669f1f0027:33E5FED802DA00EAE0530A4A622B2AEA:4028e4a240f2ef470141166b45c0040d:MRMAG,2026-07-29,https://www.kap.org.tr/tr/Pazarlar,0d85cc45aec18355bdda2073ec0aabc16fa72bf71eeb8096423cffe284a8c377,Exact as-of source observation; no liquidity filter applied.,MRMAG,NOT_PAY_MARKET,KESİN ALIM SATIM PAZARI-NİTELİKLİ YATIRIMCILAR ARASINDA,EQUITY,PASS_BORSA_ISTANBUL_KAP_REFERENCE
bist_active_universe_v1,2026-07-29,,,MİSYON YATIRIM BANKASI A.Ş.,BORÇLANMA ARAÇLARI PİYASASI,KESİN ALIM SATIM PAZARI-NİTELİKLİ YATIRIMCILAR ARASINDA,EQUITY,False,False,KAP_MARKETS,KAP_MARKET:4028328c55064295015506669f1f0027:33E5FED802DA00EAE0530A4A622B2AEA:8acae2c482b7ea0b0182f949649916a8:MSYBN,2026-07-29,https://www.kap.org.tr/tr/Pazarlar,a9c4328fdc0eec7ea01816b657dbe9e01dbf43b612e1d66c192513efa0d4f193,Exact as-of source observation; no liquidity filter applied.,MSYBN,NOT_PAY_MARKET,KESİN ALIM SATIM PAZARI-NİTELİKLİ YATIRIMCILAR ARASINDA,EQUITY,PASS_BORSA_ISTANBUL_KAP_REFERENCE
bist_active_universe_v1,2026-07-29,,,NEO PORTFÖY YÖNETİMİ A.Ş. CLEANTECH GİRİŞİM SERMAYESİ YATIRIM FONU,PAY PİYASASI,GİRİŞİM SERMAYESİ PAZARI,FUND,False,False,KAP_MARKETS,KAP_MARKET:4028328c550642950155066367d0001b:4028328c5fc60da8015fde393e673cb9:NPCLN,2026-07-29,https://www.kap.org.tr/tr/Pazarlar,29ffba7d52ea26d9d0707dfc394535e41b86e52c9a92df542ec02454d65d12e8,Exact as-of source observation; no liquidity filter applied.,NPCLN,FUND,GİRİŞİM SERMAYESİ PAZARI,FUND,PASS_BORSA_ISTANBUL_KAP_REFERENCE
bist_active_universe_v1,2026-07-29,,,NEO PORTFÖY YÖNETİMİ A.Ş. EMLAK JET GAYRİMENKUL YATIRIM FONU,PAY PİYASASI,GİRİŞİM SERMAYESİ PAZARI,FUND,False,False,KAP_MARKETS,KAP_MARKET:4028328c550642950155066367d0001b:4028328c5fc60da8015fde393e673cb9:NPJET,2026-07-29,https://www.kap.org.tr/tr/Pazarlar,d8aa1d1b6493c467def42c054a6beac3420663cd49be674b78d11c84a8cac09c,Exact as-of source observation; no liquidity filter applied.,NPJET,FUND,GİRİŞİM SERMAYESİ PAZARI,FUND,PASS_BORSA_ISTANBUL_KAP_REFERENCE
bist_active_universe_v1,2026-07-29,,,NUROL PORTFÖY BIST TLREF ENDEKSİ (TL) BORSA YATIRIM FONU,PAY PİYASASI,YAPILANDIRILMIŞ ÜRÜNLER VE FON PAZARI,ETF,False,False,KAP_MARKETS,KAP_MARKET:4028328c550642950155066367d0001b:33E5FED802B700EAE0530A4A622B2AEA:NPTLR,2026-07-29,https://www.kap.org.tr/tr/Pazarlar,0414c0c4937c2313a475e9410bc8173c9939bdb891864f77e33d3afb28d65265,Exact as-of source observation; no liquidity filter applied.,NPTLR,NON_EQUITY_MARKET,YAPILANDIRILMIŞ ÜRÜNLER VE FON PAZARI,ETF,PASS_BORSA_ISTANBUL_KAP_REFERENCE
bist_active_universe_v1,2026-07-29,,,NUROL YATIRIM BANKASI A.Ş.,BORÇLANMA ARAÇLARI PİYASASI,KESİN ALIM SATIM PAZARI-NİTELİKLİ YATIRIMCILAR ARASINDA,EQUITY,False,False,KAP_MARKETS,KAP_MARKET:4028328c55064295015506669f1f0027:33E5FED802DA00EAE0530A4A622B2AEA:4028e4a1415f4d9901416dc894a66313:NRBNK,2026-07-29,https://www.kap.org.tr/tr/Pazarlar,32cdd79a71796c2df5510623c4d7c050ff5d0e3b1313b0cd9dbcf4ca44007eb4,Exact as-of source observation; no liquidity filter applied.,NRBNK,NOT_PAY_MARKET,KESİN ALIM SATIM PAZARI-NİTELİKLİ YATIRIMCILAR ARASINDA,EQUITY,PASS_BORSA_ISTANBUL_KAP_REFERENCE
bist_active_universe_v1,2026-07-29,,,NUROL VARLIK KİRALAMA A.Ş.,BORÇLANMA ARAÇLARI PİYASASI,KESİN ALIM SATIM PAZARI-NİTELİKLİ YATIRIMCILAR ARASINDA,EQUITY,False,False,KAP_MARKETS,KAP_MARKET:4028328c55064295015506669f1f0027:33E5FED802DA00EAE0530A4A622B2AEA:8acae2c55d8500f8015ee16f113a0c19:NURVK,2026-07-29,https://www.kap.org.tr/tr/Pazarlar,ea3cdf49ecea229ad32bd8352f81709fe2200385065bc25e2fd73fd5955240b7,Exact as-of source observation; no liquidity filter applied.,NURVK,NOT_PAY_MARKET,KESİN ALIM SATIM PAZARI-NİTELİKLİ YATIRIMCILAR ARASINDA,EQUITY,PASS_BORSA_ISTANBUL_KAP_REFERENCE
bist_active_universe_v1,2026-07-29,,,OMURGA GAYRİMENKUL VE GİRİŞİM SERMAYESİ PORTFÖY YÖNETİMİ A.Ş. DBE GİRİŞİM SERMAYESİ YATIRIM FONU,PAY PİYASASI,GİRİŞİM SERMAYESİ PAZARI,FUND,False,False,KAP_MARKETS,KAP_MARKET:4028328c550642950155066367d0001b:4028328c5fc60da8015fde393e673cb9:OMDBE,2026-07-29,https://www.kap.org.tr/tr/Pazarlar,c260728096e4648ea1b2d2fb745ab7202c0e65005f2cc58d251ff61821200480,Exact as-of source observation; no liquidity filter applied.,OMDBE,FUND,GİRİŞİM SERMAYESİ PAZARI,FUND,PASS_BORSA_ISTANBUL_KAP_REFERENCE
bist_active_universe_v1,2026-07-29,,,OMURGA GAYRİMENKUL VE GİRİŞİM SERMAYESİ PORTFÖY YÖNETİMİ A.Ş. GIO TEKNOLOJİ GİRİŞİM SERMAYESİ YATIRIM FONU,PAY PİYASASI,GİRİŞİM SERMAYESİ PAZARI,FUND,False,False,KAP_MARKETS,KAP_MARKET:4028328c550642950155066367d0001b:4028328c5fc60da8015fde393e673cb9:OMGIO,2026-07-29,https://www.kap.org.tr/tr/Pazarlar,48bb7a861650d7872015cf88ab16237148287534928b163936030c23696dd2d1,Exact as-of source observation; no liquidity filter applied.,OMGIO,FUND,GİRİŞİM SERMAYESİ PAZARI,FUND,PASS_BORSA_ISTANBUL_KAP_REFERENCE
bist_active_universe_v1,2026-07-29,,,OPET PETROLCÜLÜK A.Ş.,BORÇLANMA ARAÇLARI PİYASASI,KESİN ALIM SATIM PAZARI-NİTELİKLİ YATIRIMCILAR ARASINDA,EQUITY,False,False,KAP_MARKETS,KAP_MARKET:4028328c55064295015506669f1f0027:33E5FED802DA00EAE0530A4A622B2AEA:4028e4a240e95dc30140ee34335300e8:OPET,2026-07-29,https://www.kap.org.tr/tr/Pazarlar,a6f933ef00737059a8ca38e105f77e19722dd95c1116274b60b65f8d8b42780d,Exact as-of source observation; no liquidity filter applied.,OPET,NOT_PAY_MARKET,KESİN ALIM SATIM PAZARI-NİTELİKLİ YATIRIMCILAR ARASINDA,EQUITY,PASS_BORSA_ISTANBUL_KAP_REFERENCE
bist_active_universe_v1,2026-07-29,,,OSMANLI PORTFÖY KATILIM 30 ENDEKSİ HİSSE SENEDİ YOĞUN (TL) BORSA YATIRIM FONU,PAY PİYASASI,YAPILANDIRILMIŞ ÜRÜNLER VE FON PAZARI,ETF,False,False,KAP_MARKETS,KAP_MARKET:4028328c550642950155066367d0001b:33E5FED802B700EAE0530A4A622B2AEA:OPK30,2026-07-29,https://www.kap.org.tr/tr/Pazarlar,9a3dc6e8f824c15019e074f4da86392d2476f53882299262c0b475618f33a942,Exact as-of source observation; no liquidity filter applied.,OPK30,NON_EQUITY_MARKET,YAPILANDIRILMIŞ ÜRÜNLER VE FON PAZARI,ETF,PASS_BORSA_ISTANBUL_KAP_REFERENCE
bist_active_universe_v1,2026-07-29,,,OSMANLI PORTFÖY BIST TEMETTÜ 25 ENDEKSİ HİSSE SENEDİ YOĞUN (TL) BORSA YATIRIM FONU,PAY PİYASASI,YAPILANDIRILMIŞ ÜRÜNLER VE FON PAZARI,ETF,False,False,KAP_MARKETS,KAP_MARKET:4028328c550642950155066367d0001b:33E5FED802B700EAE0530A4A622B2AEA:OPT25,2026-07-29,https://www.kap.org.tr/tr/Pazarlar,1e8b16ccadcb1403a68b7b6e437ed9ab3559b710eb4443b05224249fc857ba87,Exact as-of source observation; no liquidity filter applied.,OPT25,NON_EQUITY_MARKET,YAPILANDIRILMIŞ ÜRÜNLER VE FON PAZARI,ETF,PASS_BORSA_ISTANBUL_KAP_REFERENCE
bist_active_universe_v1,2026-07-29,,,OSMANLI PORTFÖY KAR PAYI ÖDEYEN BIST GYO ENDEKSİ HİSSE SENEDİ YOĞUN (TL) BORSA YATIRIM FONU,PAY PİYASASI,YAPILANDIRILMIŞ ÜRÜNLER VE FON PAZARI,ETF,False,False,KAP_MARKETS,KAP_MARKET:4028328c550642950155066367d0001b:33E5FED802B700EAE0530A4A622B2AEA:OPTGY,2026-07-29,https://www.kap.org.tr/tr/Pazarlar,1328e3611ddcdbec82b51b4ee5c009be3e4f242e76d37e341d4934191e900e54,Exact as-of source observation; no liquidity filter applied.,OPTGY,NON_EQUITY_MARKET,YAPILANDIRILMIŞ ÜRÜNLER VE FON PAZARI,ETF,PASS_BORSA_ISTANBUL_KAP_REFERENCE
bist_active_universe_v1,2026-07-29,,,OSMANLI PORTFÖY BIST TLREF ENDEKSİ (TL) BORSA YATIRIM FONU,PAY PİYASASI,YAPILANDIRILMIŞ ÜRÜNLER VE FON PAZARI,ETF,False,False,KAP_MARKETS,KAP_MARKET:4028328c550642950155066367d0001b:33E5FED802B700EAE0530A4A622B2AEA:OPTLR,2026-07-29,https://www.kap.org.tr/tr/Pazarlar,0468872b68f4211ec9c835c9dc186973718282d1d8c2899369e5aa3e4ea3d66a,Exact as-of source observation; no liquidity filter applied.,OPTLR,NON_EQUITY_MARKET,YAPILANDIRILMIŞ ÜRÜNLER VE FON PAZARI,ETF,PASS_BORSA_ISTANBUL_KAP_REFERENCE
bist_active_universe_v1,2026-07-29,,,OSMANLI PORTFÖY BIST 30 ENDEKSİ HİSSE SENEDİ YOĞUN BORSA YATIRIM FONU,PAY PİYASASI,YAPILANDIRILMIŞ ÜRÜNLER VE FON PAZARI,ETF,False,False,KAP_MARKETS,KAP_MARKET:4028328c550642950155066367d0001b:33E5FED802B700EAE0530A4A622B2AEA:OPX30,2026-07-29,https://www.kap.org.tr/tr/Pazarlar,b25799f533e3d842bba777d71da54ce61690d5cc3d4735f143d0c1b5dd64a5ba,Exact as-of source observation; no liquidity filter applied.,OPX30,NON_EQUITY_MARKET,YAPILANDIRILMIŞ ÜRÜNLER VE FON PAZARI,ETF,PASS_BORSA_ISTANBUL_KAP_REFERENCE
bist_active_universe_v1,2026-07-29,,,ORFİN FİNANSMAN A.Ş.,BORÇLANMA ARAÇLARI PİYASASI,KESİN ALIM SATIM PAZARI-NİTELİKLİ YATIRIMCILAR ARASINDA,EQUITY,False,False,KAP_MARKETS,KAP_MARKET:4028328c55064295015506669f1f0027:33E5FED802DA00EAE0530A4A622B2AEA:4028e4a140f2ed7201411780a3bd062e:ORFIN,2026-07-29,https://www.kap.org.tr/tr/Pazarlar,7f1f709421bd95c89caeadad27f6603c5e8077292397f93549e7d6ee539ad81d,Exact as-of source observation; no liquidity filter applied.,ORFIN,NOT_PAY_MARKET,KESİN ALIM SATIM PAZARI-NİTELİKLİ YATIRIMCILAR ARASINDA,EQUITY,PASS_BORSA_ISTANBUL_KAP_REFERENCE
bist_active_universe_v1,2026-07-29,,,OSMANLI YATIRIM MENKUL DEĞERLER A.Ş.,BORÇLANMA ARAÇLARI PİYASASI,KESİN ALIM SATIM PAZARI-NİTELİKLİ YATIRIMCILAR ARASINDA,EQUITY,False,False,KAP_MARKETS,KAP_MARKET:4028328c55064295015506669f1f0027:33E5FED802DA00EAE0530A4A622B2AEA:4028e4a240ee37a30140ee408ef80002:OSMEN,2026-07-29,https://www.kap.org.tr/tr/Pazarlar,8de4301e53d7c479689d4b090de713b141b90ca6f05d9320d7cef67459c240e9,Exact as-of source observation; no liquidity filter applied.,OSMEN,NOT_PAY_MARKET,KESİN ALIM SATIM PAZARI-NİTELİKLİ YATIRIMCILAR ARASINDA,EQUITY,PASS_BORSA_ISTANBUL_KAP_REFERENCE
bist_active_universe_v1,2026-07-29,,,OSMANLI VARLIK KİRALAMA A.Ş.,BORÇLANMA ARAÇLARI PİYASASI,KESİN ALIM SATIM PAZARI-NİTELİKLİ YATIRIMCILAR ARASINDA,EQUITY,False,False,KAP_MARKETS,KAP_MARKET:4028328c55064295015506669f1f0027:33E5FED802DA00EAE0530A4A622B2AEA:8acae2c5998f25d70199f11791bb492a:OSVKS,2026-07-29,https://www.kap.org.tr/tr/Pazarlar,652efcc559dd6dc3fbe6287ef9a82624939f5a60c64f4495ebb32d9ece9b526a,Exact as-of source observation; no liquidity filter applied.,OSVKS,NOT_PAY_MARKET,KESİN ALIM SATIM PAZARI-NİTELİKLİ YATIRIMCILAR ARASINDA,EQUITY,PASS_BORSA_ISTANBUL_KAP_REFERENCE
bist_active_universe_v1,2026-07-29,,,OTOKAR OTOMOTİV VE SAVUNMA SANAYİ A.Ş.,BORÇLANMA ARAÇLARI PİYASASI,KESİN ALIM SATIM PAZARI-NİTELİKLİ YATIRIMCILAR ARASINDA,EQUITY,False,False,KAP_MARKETS,KAP_MARKET:4028328c55064295015506669f1f0027:33E5FED802DA00EAE0530A4A622B2AEA:4028e4a140ee35c70140ee4316b3001d:OTKAR,2026-07-29,https://www.kap.org.tr/tr/Pazarlar,839ad23856dd0f547f1980c14670b279b83a450a47a4441b71bd0ab41ff79108,Exact as-of source observation; no liquidity filter applied.,OTKAR,NOT_PAY_MARKET,KESİN ALIM SATIM PAZARI-NİTELİKLİ YATIRIMCILAR ARASINDA,EQUITY,PASS_BORSA_ISTANBUL_KAP_REFERENCE
bist_active_universe_v1,2026-07-29,,,OTOSOR OTOMOTİV A.Ş.,BORÇLANMA ARAÇLARI PİYASASI,KESİN ALIM SATIM PAZARI-NİTELİKLİ YATIRIMCILAR ARASINDA,EQUITY,False,False,KAP_MARKETS,KAP_MARKET:4028328c55064295015506669f1f0027:33E5FED802DA00EAE0530A4A622B2AEA:8acae2c486d22a3b018b041f67b641d2:OTOSR,2026-07-29,https://www.kap.org.tr/tr/Pazarlar,68e11e689e0d93530d6ef53bc8e4dc635750242056fb0718745db0fa7b567ddd,Exact as-of source observation; no liquidity filter applied.,OTOSR,NOT_PAY_MARKET,KESİN ALIM SATIM PAZARI-NİTELİKLİ YATIRIMCILAR ARASINDA,EQUITY,PASS_BORSA_ISTANBUL_KAP_REFERENCE
bist_active_universe_v1,2026-07-29,,,OYAK YATIRIM MENKUL DEĞERLER A.Ş.,BORÇLANMA ARAÇLARI PİYASASI,KESİN ALIM SATIM PAZARI-NİTELİKLİ YATIRIMCILAR ARASINDA,EQUITY,False,False,KAP_MARKETS,KAP_MARKET:4028328c55064295015506669f1f0027:33E5FED802DA00EAE0530A4A622B2AEA:4028e4a14158e41f01415a5e854d4441:OYYAT,2026-07-29,https://www.kap.org.tr/tr/Pazarlar,d1f9473a3c37f2ec981fb7fef739a9ac011393f06d021a7337c8c1136cb64128,Exact as-of source observation; no liquidity filter applied.,OYYAT,NOT_PAY_MARKET,KESİN ALIM SATIM PAZARI-NİTELİKLİ YATIRIMCILAR ARASINDA,EQUITY,PASS_BORSA_ISTANBUL_KAP_REFERENCE
bist_active_universe_v1,2026-07-29,,,PASHA YATIRIM BANKASI A.Ş.,BORÇLANMA ARAÇLARI PİYASASI,KESİN ALIM SATIM PAZARI-NİTELİKLİ YATIRIMCILAR ARASINDA,EQUITY,False,False,KAP_MARKETS,KAP_MARKET:4028328c55064295015506669f1f0027:33E5FED802DA00EAE0530A4A622B2AEA:4028e4a14184e9c9014192aa6c1c1e03:PBTR,2026-07-29,https://www.kap.org.tr/tr/Pazarlar,ad886f6a4d97d08d685e5e241473a6a21db71a01c0989c8aa31be34b479e4dd1,Exact as-of source observation; no liquidity filter applied.,PBTR,NOT_PAY_MARKET,KESİN ALIM SATIM PAZARI-NİTELİKLİ YATIRIMCILAR ARASINDA,EQUITY,PASS_BORSA_ISTANBUL_KAP_REFERENCE
bist_active_universe_v1,2026-07-29,,,PINAR ENTEGRE ET VE UN SANAYİİ A.Ş.,BORÇLANMA ARAÇLARI PİYASASI,KESİN ALIM SATIM PAZARI-NİTELİKLİ YATIRIMCILAR ARASINDA,EQUITY,False,False,KAP_MARKETS,KAP_MARKET:4028328c55064295015506669f1f0027:33E5FED802DA00EAE0530A4A622B2AEA:4028e4a240ee866c0140f1f7b3990027:PETUN,2026-07-29,https://www.kap.org.tr/tr/Pazarlar,360085cad3697f34ecaa24640928b9feadef843858ab2cad52a09f2ca1b4f22a,Exact as-of source observation; no liquidity filter applied.,PETUN,NOT_PAY_MARKET,KESİN ALIM SATIM PAZARI-NİTELİKLİ YATIRIMCILAR ARASINDA,EQUITY,PASS_BORSA_ISTANBUL_KAP_REFERENCE
bist_active_universe_v1,2026-07-29,,,PINAR SÜT MAMÜLLERİ SANAYİİ A.Ş.,BORÇLANMA ARAÇLARI PİYASASI,KESİN ALIM SATIM PAZARI-NİTELİKLİ YATIRIMCILAR ARASINDA,EQUITY,False,False,KAP_MARKETS,KAP_MARKET:4028328c55064295015506669f1f0027:33E5FED802DA00EAE0530A4A622B2AEA:4028e4a240ee866c0140f1f97e530042:PNSUT,2026-07-29,https://www.kap.org.tr/tr/Pazarlar,a1ce8d37efee22c1f6a9a9c958431f2c8d108a03c3bc10895344f088523fbea0,Exact as-of source observation; no liquidity filter applied.,PNSUT,NOT_PAY_MARKET,KESİN ALIM SATIM PAZARI-NİTELİKLİ YATIRIMCILAR ARASINDA,EQUITY,PASS_BORSA_ISTANBUL_KAP_REFERENCE
bist_active_universe_v1,2026-07-29,,,PARAFİNANS FAKTORİNG A.Ş.,BORÇLANMA ARAÇLARI PİYASASI,KESİN ALIM SATIM PAZARI-NİTELİKLİ YATIRIMCILAR ARASINDA,EQUITY,False,False,KAP_MARKETS,KAP_MARKET:4028328c55064295015506669f1f0027:33E5FED802DA00EAE0530A4A622B2AEA:8acae2c562329bd101633aecee66085d:PRFFK,2026-07-29,https://www.kap.org.tr/tr/Pazarlar,7316b94ce1daf3e310c8da510bbe2a6b139486a45aed07c303ce9717488425fd,Exact as-of source observation; no liquidity filter applied.,PRFFK,NOT_PAY_MARKET,KESİN ALIM SATIM PAZARI-NİTELİKLİ YATIRIMCILAR ARASINDA,EQUITY,PASS_BORSA_ISTANBUL_KAP_REFERENCE
bist_active_universe_v1,2026-07-29,,,QNB FAKTORİNG A.Ş.,BORÇLANMA ARAÇLARI PİYASASI,KESİN ALIM SATIM PAZARI-NİTELİKLİ YATIRIMCILAR ARASINDA,EQUITY,False,False,KAP_MARKETS,KAP_MARKET:4028328c55064295015506669f1f0027:33E5FED802DA00EAE0530A4A622B2AEA:4028e4a140e95be70140edf441e100cc:QNBFF,2026-07-29,https://www.kap.org.tr/tr/Pazarlar,84ac018905b7768402c3c2bb2b80138490a8a1a5556a7a0431d18d232871fe4f,Exact as-of source observation; no liquidity filter applied.,QNBFF,NOT_PAY_MARKET,KESİN ALIM SATIM PAZARI-NİTELİKLİ YATIRIMCILAR ARASINDA,EQUITY,PASS_BORSA_ISTANBUL_KAP_REFERENCE
bist_active_universe_v1,2026-07-29,,,QNB FİNANSAL KİRALAMA A.Ş.,BORÇLANMA ARAÇLARI PİYASASI,KESİN ALIM SATIM PAZARI-NİTELİKLİ YATIRIMCILAR ARASINDA,EQUITY,False,False,KAP_MARKETS,KAP_MARKET:4028328c55064295015506669f1f0027:33E5FED802DA00EAE0530A4A622B2AEA:4028e4a140f2ed7201410821418e027d:QNBFK,2026-07-29,https://www.kap.org.tr/tr/Pazarlar,e25e85cd2caa7c11938b68816e7d6bf5634d1d177bdabdf210de3179fec668f4,Exact as-of source observation; no liquidity filter applied.,QNBFK,NOT_PAY_MARKET,KESİN ALIM SATIM PAZARI-NİTELİKLİ YATIRIMCILAR ARASINDA,EQUITY,PASS_BORSA_ISTANBUL_KAP_REFERENCE
bist_active_universe_v1,2026-07-29,,,QNB BANK A.Ş.,BORÇLANMA ARAÇLARI PİYASASI,KESİN ALIM SATIM PAZARI-NİTELİKLİ YATIRIMCILAR ARASINDA,EQUITY,False,False,KAP_MARKETS,KAP_MARKET:4028328c55064295015506669f1f0027:33E5FED802DA00EAE0530A4A622B2AEA:4028e4a240e95dc90140ee076f400178:QNBTR,2026-07-29,https://www.kap.org.tr/tr/Pazarlar,22840552298c8101b946784ddd1fed54601ce1177da43b38a30c2b727bef6103,Exact as-of source observation; no liquidity filter applied.,QNBTR,NOT_PAY_MARKET,KESİN ALIM SATIM PAZARI-NİTELİKLİ YATIRIMCILAR ARASINDA,EQUITY,PASS_BORSA_ISTANBUL_KAP_REFERENCE
bist_active_universe_v1,2026-07-29,,,QNB VARLIK KİRALAMA A.Ş.,BORÇLANMA ARAÇLARI PİYASASI,KESİN ALIM SATIM PAZARI-NİTELİKLİ YATIRIMCILAR ARASINDA,EQUITY,False,False,KAP_MARKETS,KAP_MARKET:4028328c55064295015506669f1f0027:33E5FED802DA00EAE0530A4A622B2AEA:8acae2c468aeffb70169914527d01563:QNBVK,2026-07-29,https://www.kap.org.tr/tr/Pazarlar,15b994b6a5e3e4393e33f45ebd3dcd66e39374e22739a7d2cb8b8449de6ebed6,Exact as-of source observation; no liquidity filter applied.,QNBVK,NOT_PAY_MARKET,KESİN ALIM SATIM PAZARI-NİTELİKLİ YATIRIMCILAR ARASINDA,EQUITY,PASS_BORSA_ISTANBUL_KAP_REFERENCE
bist_active_universe_v1,2026-07-29,,,QİNVEST PORTFÖY YÖNETİMİ A.Ş. DÖRDÜNCÜ GİRİŞİM SERMAYESİ YATIRIM FONU,PAY PİYASASI,GİRİŞİM SERMAYESİ PAZARI,FUND,False,False,KAP_MARKETS,KAP_MARKET:4028328c550642950155066367d0001b:4028328c5fc60da8015fde393e673cb9:QP4GS,2026-07-29,https://www.kap.org.tr/tr/Pazarlar,98e1d68c8feee72b0bfe2d8e4a497e92b30946188d0314e50ba762646be08376,Exact as-of source observation; no liquidity filter applied.,QP4GS,FUND,GİRİŞİM SERMAYESİ PAZARI,FUND,PASS_BORSA_ISTANBUL_KAP_REFERENCE
bist_active_universe_v1,2026-07-29,,,QINVEST PORTFÖY YÖNETİMİ A.Ş. RE-PIE GAYRİMENKUL YATIRIM FONU,PAY PİYASASI,GİRİŞİM SERMAYESİ PAZARI,FUND,False,False,KAP_MARKETS,KAP_MARKET:4028328c550642950155066367d0001b:4028328c5fc60da8015fde393e673cb9:QPERP,2026-07-29,https://www.kap.org.tr/tr/Pazarlar,4acf998d437299e5d6ff640f23e3311f506abc5334e0d0e0682a0e1bd4ab8817,Exact as-of source observation; no liquidity filter applied.,QPERP,FUND,GİRİŞİM SERMAYESİ PAZARI,FUND,PASS_BORSA_ISTANBUL_KAP_REFERENCE
bist_active_universe_v1,2026-07-29,,,QNB PORTFÖY QNB TEMİZ ENERJİ ENDEKSİ HİSSE SENEDİ YOĞUN BORSA YATIRIM FONU,PAY PİYASASI,YAPILANDIRILMIŞ ÜRÜNLER VE FON PAZARI,ETF,False,False,KAP_MARKETS,KAP_MARKET:4028328c550642950155066367d0001b:33E5FED802B700EAE0530A4A622B2AEA:QTEMZ,2026-07-29,https://www.kap.org.tr/tr/Pazarlar,5f641472b70aa5fe14155bb6c1df30f9f5712a646c8aaae96822089c9733906c,Exact as-of source observation; no liquidity filter applied.,QTEMZ,NON_EQUITY_MARKET,YAPILANDIRILMIŞ ÜRÜNLER VE FON PAZARI,ETF,PASS_BORSA_ISTANBUL_KAP_REFERENCE
bist_active_universe_v1,2026-07-29,,,QUICK FİNANSMAN A.Ş.,BORÇLANMA ARAÇLARI PİYASASI,KESİN ALIM SATIM PAZARI-NİTELİKLİ YATIRIMCILAR ARASINDA,EQUITY,False,False,KAP_MARKETS,KAP_MARKET:4028328c55064295015506669f1f0027:33E5FED802DA00EAE0530A4A622B2AEA:8acae2c480e910340181144dafd90e8d:QUFIN,2026-07-29,https://www.kap.org.tr/tr/Pazarlar,083c509018ef8ea4e4d11ecc004de7cad4633b3284928dc886e6f298622d8792,Exact as-of source observation; no liquidity filter applied.,QUFIN,NOT_PAY_MARKET,KESİN ALIM SATIM PAZARI-NİTELİKLİ YATIRIMCILAR ARASINDA,EQUITY,PASS_BORSA_ISTANBUL_KAP_REFERENCE
bist_active_universe_v1,2026-07-29,,,Q YATIRIM BANKASI A.Ş.,BORÇLANMA ARAÇLARI PİYASASI,KESİN ALIM SATIM PAZARI-NİTELİKLİ YATIRIMCILAR ARASINDA,EQUITY,False,False,KAP_MARKETS,KAP_MARKET:4028328c55064295015506669f1f0027:33E5FED802DA00EAE0530A4A622B2AEA:8acae2c58b2fa64e019103ccd8093825:QYATB,2026-07-29,https://www.kap.org.tr/tr/Pazarlar,f091eabb7b336249150843c6f26214206d86dd4d15e6e5d1822564538b61310c,Exact as-of source observation; no liquidity filter applied.,QYATB,NOT_PAY_MARKET,KESİN ALIM SATIM PAZARI-NİTELİKLİ YATIRIMCILAR ARASINDA,EQUITY,PASS_BORSA_ISTANBUL_KAP_REFERENCE
bist_active_universe_v1,2026-07-29,,,Q YATIRIM HOLDİNG A.Ş.,BORÇLANMA ARAÇLARI PİYASASI,KESİN ALIM SATIM PAZARI-NİTELİKLİ YATIRIMCILAR ARASINDA,EQUITY,False,False,KAP_MARKETS,KAP_MARKET:4028328c55064295015506669f1f0027:33E5FED802DA00EAE0530A4A622B2AEA:8acae2c582b7eb070182f3043ec810b9:QYHOL,2026-07-29,https://www.kap.org.tr/tr/Pazarlar,440d0bf3e9d2cc64e8cb66c0c76f5c6d0b81eeb52e7272432a7789c252c8a5fb,Exact as-of source observation; no liquidity filter applied.,QYHOL,NOT_PAY_MARKET,KESİN ALIM SATIM PAZARI-NİTELİKLİ YATIRIMCILAR ARASINDA,EQUITY,PASS_BORSA_ISTANBUL_KAP_REFERENCE
bist_active_universe_v1,2026-07-29,,,RE-PIE PORTFÖY YÖNETİMİ A.Ş. AVRASYA STRATEJİK GAYRİMENKUL YATIRIM FONU,PAY PİYASASI,GİRİŞİM SERMAYESİ PAZARI,FUND,False,False,KAP_MARKETS,KAP_MARKET:4028328c550642950155066367d0001b:4028328c5fc60da8015fde393e673cb9:RPAVS,2026-07-29,https://www.kap.org.tr/tr/Pazarlar,18f356ecba0021417b01c2fda0e71c6a4d661bd4cfb8a4d76375b357d1acdf7f,Exact as-of source observation; no liquidity filter applied.,RPAVS,FUND,GİRİŞİM SERMAYESİ PAZARI,FUND,PASS_BORSA_ISTANBUL_KAP_REFERENCE
bist_active_universe_v1,2026-07-29,,,RE-PIE PORTFÖY YÖNETİMİ A.Ş. FIRSAT GAYRİMENKUL YATIRIM FONU,PAY PİYASASI,GİRİŞİM SERMAYESİ PAZARI,FUND,False,False,KAP_MARKETS,KAP_MARKET:4028328c550642950155066367d0001b:4028328c5fc60da8015fde393e673cb9:RPFGY,2026-07-29,https://www.kap.org.tr/tr/Pazarlar,b44ca12aaf3f4a3dd6d829d0e64dda985ddbf81fe29d84c042d49a10f72a0ac1,Exact as-of source observation; no liquidity filter applied.,RPFGY,FUND,GİRİŞİM SERMAYESİ PAZARI,FUND,PASS_BORSA_ISTANBUL_KAP_REFERENCE
bist_active_universe_v1,2026-07-29,,,RE-PIE PORTFÖY YÖNETİMİ A.Ş. STARTUP-1 GİRİŞİM SERMAYESİ YATIRIM FONU,PAY PİYASASI,GİRİŞİM SERMAYESİ PAZARI,FUND,False,False,KAP_MARKETS,KAP_MARKET:4028328c550642950155066367d0001b:4028328c5fc60da8015fde393e673cb9:RPSTP,2026-07-29,https://www.kap.org.tr/tr/Pazarlar,256776138ea6a7f4cdfd64ae0332ef015fb540e0b6157b9ef6e0b670900692b4,Exact as-of source observation; no liquidity filter applied.,RPSTP,FUND,GİRİŞİM SERMAYESİ PAZARI,FUND,PASS_BORSA_ISTANBUL_KAP_REFERENCE
bist_active_universe_v1,2026-07-29,,,RE-PIE PORTFÖY YÖNETİMİ A.Ş. BİRİNCİ KARMA TEKNOLOJİ GİRİŞİM SERMAYESİ YATIRIM FONU,PAY PİYASASI,GİRİŞİM SERMAYESİ PAZARI,FUND,False,False,KAP_MARKETS,KAP_MARKET:4028328c550642950155066367d0001b:4028328c5fc60da8015fde393e673cb9:RPTEK,2026-07-29,https://www.kap.org.tr/tr/Pazarlar,ff42cd1911cb329f6778856d26d28606638723fd98c227daa12201eb5ed68390,Exact as-of source observation; no liquidity filter applied.,RPTEK,FUND,GİRİŞİM SERMAYESİ PAZARI,FUND,PASS_BORSA_ISTANBUL_KAP_REFERENCE
bist_active_universe_v1,2026-07-29,,,SARTEN AMBALAJ SANAYİ VE TİCARET A.Ş.,BORÇLANMA ARAÇLARI PİYASASI,KESİN ALIM SATIM PAZARI-NİTELİKLİ YATIRIMCILAR ARASINDA,EQUITY,False,False,KAP_MARKETS,KAP_MARKET:4028328c55064295015506669f1f0027:33E5FED802DA00EAE0530A4A622B2AEA:4028e4a1413b7ef5014144f0375b00cf:SARTN,2026-07-29,https://www.kap.org.tr/tr/Pazarlar,836b41bca8fa40ce4babeb2996bab86a2fb44188fd9a86a029a0e47b07e2ddbb,Exact as-of source observation; no liquidity filter applied.,SARTN,NOT_PAY_MARKET,KESİN ALIM SATIM PAZARI-NİTELİKLİ YATIRIMCILAR ARASINDA,EQUITY,PASS_BORSA_ISTANBUL_KAP_REFERENCE
bist_active_universe_v1,2026-07-29,,,SELÇUK ECZA DEPOSU TİCARET VE SANAYİ A.Ş.,BORÇLANMA ARAÇLARI PİYASASI,KESİN ALIM SATIM PAZARI-NİTELİKLİ YATIRIMCILAR ARASINDA,EQUITY,False,False,KAP_MARKETS,KAP_MARKET:4028328c55064295015506669f1f0027:33E5FED802DA00EAE0530A4A622B2AEA:4028e4a2416e697d01416ec00e101dce:SELEC,2026-07-29,https://www.kap.org.tr/tr/Pazarlar,70ffe18cca8fd010adbc88c71113d977573c2d5d6b4d1b7c04f1bc365b9fce51,Exact as-of source observation; no liquidity filter applied.,SELEC,NOT_PAY_MARKET,KESİN ALIM SATIM PAZARI-NİTELİKLİ YATIRIMCILAR ARASINDA,EQUITY,PASS_BORSA_ISTANBUL_KAP_REFERENCE
bist_active_universe_v1,2026-07-29,,,ŞEKERBANK T.A.Ş.,BORÇLANMA ARAÇLARI PİYASASI,KESİN ALIM SATIM PAZARI-NİTELİKLİ YATIRIMCILAR ARASINDA,EQUITY,False,False,KAP_MARKETS,KAP_MARKET:4028328c55064295015506669f1f0027:33E5FED802DA00EAE0530A4A622B2AEA:4028e4a240f2ef4c01412adc8fba04ee:SKBNK,2026-07-29,https://www.kap.org.tr/tr/Pazarlar,24d38fd98e2aa2062ab13cbcd038b69cb1accaf6ba28c23d6caa6a1082868dd4,Exact as-of source observation; no liquidity filter applied.,SKBNK,NOT_PAY_MARKET,KESİN ALIM SATIM PAZARI-NİTELİKLİ YATIRIMCILAR ARASINDA,EQUITY,PASS_BORSA_ISTANBUL_KAP_REFERENCE
bist_active_universe_v1,2026-07-29,,,ŞEKER YATIRIM MENKUL DEĞERLER A.Ş.,BORÇLANMA ARAÇLARI PİYASASI,KESİN ALIM SATIM PAZARI-NİTELİKLİ YATIRIMCILAR ARASINDA,EQUITY,False,False,KAP_MARKETS,KAP_MARKET:4028328c55064295015506669f1f0027:33E5FED802DA00EAE0530A4A622B2AEA:4028e4a241a25fcb0141a7c4a064241c:SKYMD,2026-07-29,https://www.kap.org.tr/tr/Pazarlar,b7933b23f32792f05af81ba8c1ca169ba364176095c6b3adab90726a4dc2d557,Exact as-of source observation; no liquidity filter applied.,SKYMD,NOT_PAY_MARKET,KESİN ALIM SATIM PAZARI-NİTELİKLİ YATIRIMCILAR ARASINDA,EQUITY,PASS_BORSA_ISTANBUL_KAP_REFERENCE
bist_active_universe_v1,2026-07-29,,,SÜMER FAKTORİNG A.Ş.,BORÇLANMA ARAÇLARI PİYASASI,KESİN ALIM SATIM PAZARI-NİTELİKLİ YATIRIMCILAR ARASINDA,EQUITY,False,False,KAP_MARKETS,KAP_MARKET:4028328c55064295015506669f1f0027:33E5FED802DA00EAE0530A4A622B2AEA:4028e4a144a0804f01459354f547295d:SMRFA,2026-07-29,https://www.kap.org.tr/tr/Pazarlar,6921da17f1d616b219c451d0a8d9e6dc90b4b7e2c8208ef9e62578a00a4df2c3,Exact as-of source observation; no liquidity filter applied.,SMRFA,NOT_PAY_MARKET,KESİN ALIM SATIM PAZARI-NİTELİKLİ YATIRIMCILAR ARASINDA,EQUITY,PASS_BORSA_ISTANBUL_KAP_REFERENCE
bist_active_universe_v1,2026-07-29,,,SMART GÜNEŞ ENERJİSİ TEKNOLOJİLERİ ARAŞTIRMA GELİŞTİRME ÜRETİM SANAYİ VE TİCARET A.Ş.,BORÇLANMA ARAÇLARI PİYASASI,KESİN ALIM SATIM PAZARI-NİTELİKLİ YATIRIMCILAR ARASINDA,EQUITY,False,False,KAP_MARKETS,KAP_MARKET:4028328c55064295015506669f1f0027:33E5FED802DA00EAE0530A4A622B2AEA:8acae2c47d3bee4e017f49ce882e7b01:SMRTG,2026-07-29,https://www.kap.org.tr/tr/Pazarlar,8fb1e559af6c6db8de79dd923deff2814c82650f93878903c308667e1de14589,Exact as-of source observation; no liquidity filter applied.,SMRTG,NOT_PAY_MARKET,KESİN ALIM SATIM PAZARI-NİTELİKLİ YATIRIMCILAR ARASINDA,EQUITY,PASS_BORSA_ISTANBUL_KAP_REFERENCE
bist_active_universe_v1,2026-07-29,,,SÜMER VARLIK YÖNETİM A.Ş.,BORÇLANMA ARAÇLARI PİYASASI,KESİN ALIM SATIM PAZARI-NİTELİKLİ YATIRIMCILAR ARASINDA,EQUITY,False,False,KAP_MARKETS,KAP_MARKET:4028328c55064295015506669f1f0027:33E5FED802DA00EAE0530A4A622B2AEA:402821814da3a99c014eb57bdd604a6f:SMRVA,2026-07-29,https://www.kap.org.tr/tr/Pazarlar,3cc4357f95f4d4b437bcab8dbbcc2f4c49804bd0ad567118c094e9f1180259eb,Exact as-of source observation; no liquidity filter applied.,SMRVA,NOT_PAY_MARKET,KESİN ALIM SATIM PAZARI-NİTELİKLİ YATIRIMCILAR ARASINDA,EQUITY,PASS_BORSA_ISTANBUL_KAP_REFERENCE
bist_active_universe_v1,2026-07-29,,,TAM FİNANS FAKTORİNG A.Ş.,BORÇLANMA ARAÇLARI PİYASASI,KESİN ALIM SATIM PAZARI-NİTELİKLİ YATIRIMCILAR ARASINDA,EQUITY,False,False,KAP_MARKETS,KAP_MARKET:4028328c55064295015506669f1f0027:33E5FED802DA00EAE0530A4A622B2AEA:4028e4a241da4bed0141dfd84e062851:TAMFA,2026-07-29,https://www.kap.org.tr/tr/Pazarlar,88ed23db63945ba6e131bfdd9056b90a7051b9acbfd6a43d18d96aaed9504bee,Exact as-of source observation; no liquidity filter applied.,TAMFA,NOT_PAY_MARKET,KESİN ALIM SATIM PAZARI-NİTELİKLİ YATIRIMCILAR ARASINDA,EQUITY,PASS_BORSA_ISTANBUL_KAP_REFERENCE
bist_active_universe_v1,2026-07-29,,,TARFİN TARIM A.Ş.,BORÇLANMA ARAÇLARI PİYASASI,KESİN ALIM SATIM PAZARI-NİTELİKLİ YATIRIMCILAR ARASINDA,EQUITY,False,False,KAP_MARKETS,KAP_MARKET:4028328c55064295015506669f1f0027:33E5FED802DA00EAE0530A4A622B2AEA:8acae2c59145e00e0192764b21c25052:TARFN,2026-07-29,https://www.kap.org.tr/tr/Pazarlar,dec78aa7c013d180b032c6c00985b3d978a36403f25a601608f874a6cd884070,Exact as-of source observation; no liquidity filter applied.,TARFN,NOT_PAY_MARKET,KESİN ALIM SATIM PAZARI-NİTELİKLİ YATIRIMCILAR ARASINDA,EQUITY,PASS_BORSA_ISTANBUL_KAP_REFERENCE
bist_active_universe_v1,2026-07-29,,,TAT GIDA SANAYİ A.Ş.,BORÇLANMA ARAÇLARI PİYASASI,KESİN ALIM SATIM PAZARI-NİTELİKLİ YATIRIMCILAR ARASINDA,EQUITY,False,False,KAP_MARKETS,KAP_MARKET:4028328c55064295015506669f1f0027:33E5FED802DA00EAE0530A4A622B2AEA:4028e4a140f2ed720140f31089aa010a:TATGD,2026-07-29,https://www.kap.org.tr/tr/Pazarlar,fe81c8adef99c5c54e82813b1d7986b61b74e36e7f8ed43c5946cff7252feee7,Exact as-of source observation; no liquidity filter applied.,TATGD,NOT_PAY_MARKET,KESİN ALIM SATIM PAZARI-NİTELİKLİ YATIRIMCILAR ARASINDA,EQUITY,PASS_BORSA_ISTANBUL_KAP_REFERENCE
bist_active_universe_v1,2026-07-29,,,TURKCELL İLETİŞİM HİZMETLERİ A.Ş.,BORÇLANMA ARAÇLARI PİYASASI,KESİN ALIM SATIM PAZARI-NİTELİKLİ YATIRIMCILAR ARASINDA,EQUITY,False,False,KAP_MARKETS,KAP_MARKET:4028328c55064295015506669f1f0027:33E5FED802DA00EAE0530A4A622B2AEA:4028e4a1486ec80a0148c55510d71d31:TCELL,2026-07-29,https://www.kap.org.tr/tr/Pazarlar,44d3391dfe8e999fcb712d0d5167f17a8d2b7c5e1b29966121bdab6399559c3a,Exact as-of source observation; no liquidity filter applied.,TCELL,NOT_PAY_MARKET,KESİN ALIM SATIM PAZARI-NİTELİKLİ YATIRIMCILAR ARASINDA,EQUITY,PASS_BORSA_ISTANBUL_KAP_REFERENCE
bist_active_universe_v1,2026-07-29,,,TACİRLER YATIRIM MENKUL DEĞERLER A.Ş.,BORÇLANMA ARAÇLARI PİYASASI,KESİN ALIM SATIM PAZARI-NİTELİKLİ YATIRIMCILAR ARASINDA,EQUITY,False,False,KAP_MARKETS,KAP_MARKET:4028328c55064295015506669f1f0027:33E5FED802DA00EAE0530A4A622B2AEA:4028e4a14184e9cf01419c00c2a65a7e:TCRYT,2026-07-29,https://www.kap.org.tr/tr/Pazarlar,4408d6f27eec3e12217fb94ca0cc18d06f40f7b95dd86c2153fd7a97bb5ad3c3,Exact as-of source observation; no liquidity filter applied.,TCRYT,NOT_PAY_MARKET,KESİN ALIM SATIM PAZARI-NİTELİKLİ YATIRIMCILAR ARASINDA,EQUITY,PASS_BORSA_ISTANBUL_KAP_REFERENCE
bist_active_universe_v1,2026-07-29,,,TEB FAKTORİNG A.Ş.,BORÇLANMA ARAÇLARI PİYASASI,KESİN ALIM SATIM PAZARI-NİTELİKLİ YATIRIMCILAR ARASINDA,EQUITY,False,False,KAP_MARKETS,KAP_MARKET:4028328c55064295015506669f1f0027:33E5FED802DA00EAE0530A4A622B2AEA:4028e4a241462fd801414f9ef4b3377b:TEBFA,2026-07-29,https://www.kap.org.tr/tr/Pazarlar,b4587cb7a2d535d186cfb61847c7738b81f7d9e539f529204ef764015932cf93,Exact as-of source observation; no liquidity filter applied.,TEBFA,NOT_PAY_MARKET,KESİN ALIM SATIM PAZARI-NİTELİKLİ YATIRIMCILAR ARASINDA,EQUITY,PASS_BORSA_ISTANBUL_KAP_REFERENCE
bist_active_universe_v1,2026-07-29,,,TERA YATIRIM MENKUL DEĞERLER A.Ş.,BORÇLANMA ARAÇLARI PİYASASI,KESİN ALIM SATIM PAZARI-NİTELİKLİ YATIRIMCILAR ARASINDA,EQUITY,False,False,KAP_MARKETS,KAP_MARKET:4028328c55064295015506669f1f0027:33E5FED802DA00EAE0530A4A622B2AEA:4028e4a141733b56014178115f7e51e7:TERA,2026-07-29,https://www.kap.org.tr/tr/Pazarlar,48ad7bcb2d3e013f9c3cc3c1e6c66624dd61a22f4a28f7e9a30a59ef229e66ea,Exact as-of source observation; no liquidity filter applied.,TERA,NOT_PAY_MARKET,KESİN ALIM SATIM PAZARI-NİTELİKLİ YATIRIMCILAR ARASINDA,EQUITY,PASS_BORSA_ISTANBUL_KAP_REFERENCE
bist_active_universe_v1,2026-07-29,,,TERA VARLIK KİRALAMA A.Ş.,BORÇLANMA ARAÇLARI PİYASASI,KESİN ALIM SATIM PAZARI-NİTELİKLİ YATIRIMCILAR ARASINDA,EQUITY,False,False,KAP_MARKETS,KAP_MARKET:4028328c55064295015506669f1f0027:33E5FED802DA00EAE0530A4A622B2AEA:8acae2c49b85f8cf019c2d1ef34e1606:TEVKS,2026-07-29,https://www.kap.org.tr/tr/Pazarlar,d1ca901b176b327917909505bc81fc730230b682913d1429340d550a170605ba,Exact as-of source observation; no liquidity filter applied.,TEVKS,NOT_PAY_MARKET,KESİN ALIM SATIM PAZARI-NİTELİKLİ YATIRIMCILAR ARASINDA,EQUITY,PASS_BORSA_ISTANBUL_KAP_REFERENCE
bist_active_universe_v1,2026-07-29,,,TF VARLIK KİRALAMA A.Ş.,BORÇLANMA ARAÇLARI PİYASASI,KESİN ALIM SATIM PAZARI,EQUITY,False,False,KAP_MARKETS,KAP_MARKET:4028328c55064295015506669f1f0027:33E5FED802A900EAE0530A4A622B2AEA:4028e4a240f2ef4c01413b17046806f6:TFNVK,2026-07-29,https://www.kap.org.tr/tr/Pazarlar,dd103c930e4b38cce56da865ba9ce885bc47ca683560e8b7ab9810ec61343170,Exact as-of source observation; no liquidity filter applied.,TFNVK,NOT_PAY_MARKET,KESİN ALIM SATIM PAZARI,EQUITY,PASS_BORSA_ISTANBUL_KAP_REFERENCE
bist_active_universe_v1,2026-07-29,,,TF VARLIK KİRALAMA A.Ş.,BORÇLANMA ARAÇLARI PİYASASI,KESİN ALIM SATIM PAZARI-NİTELİKLİ YATIRIMCILAR ARASINDA,EQUITY,False,False,KAP_MARKETS,KAP_MARKET:4028328c55064295015506669f1f0027:33E5FED802DA00EAE0530A4A622B2AEA:4028e4a240f2ef4c01413b17046806f6:TFNVK,2026-07-29,https://www.kap.org.tr/tr/Pazarlar,0b4f7872551a7065a18a9d7fc87ea3b9395260a9c7a291552aa514f5b696bc43,Exact as-of source observation; no liquidity filter applied.,TFNVK,NOT_PAY_MARKET,KESİN ALIM SATIM PAZARI-NİTELİKLİ YATIRIMCILAR ARASINDA,EQUITY,PASS_BORSA_ISTANBUL_KAP_REFERENCE
bist_active_universe_v1,2026-07-29,,,TÜRKİYE İHRACAT KREDİ BANKASI A.Ş.,BORÇLANMA ARAÇLARI PİYASASI,KESİN ALIM SATIM PAZARI-NİTELİKLİ YATIRIMCILAR ARASINDA,EQUITY,False,False,KAP_MARKETS,KAP_MARKET:4028328c55064295015506669f1f0027:33E5FED802DA00EAE0530A4A622B2AEA:1DE05DAA8430073AE0530A4A622A2EBD:THR,2026-07-29,https://www.kap.org.tr/tr/Pazarlar,5b74026e5e2a547d5205b6fbe3155c4f33ef5a1d7ed7ddc61b98cd8d208b1cbf,Exact as-of source observation; no liquidity filter applied.,THR,NOT_PAY_MARKET,KESİN ALIM SATIM PAZARI-NİTELİKLİ YATIRIMCILAR ARASINDA,EQUITY,PASS_BORSA_ISTANBUL_KAP_REFERENCE
bist_active_universe_v1,2026-07-29,,,TİMUR GAYRİMENKUL GELİŞTİRME YAPI VE YATIRIM A.Ş.,BORÇLANMA ARAÇLARI PİYASASI,KESİN ALIM SATIM PAZARI-NİTELİKLİ YATIRIMCILAR ARASINDA,EQUITY,False,False,KAP_MARKETS,KAP_MARKET:4028328c55064295015506669f1f0027:33E5FED802DA00EAE0530A4A622B2AEA:1DE05DAA8407073AE0530A4A622A2EBD:TIMUR,2026-07-29,https://www.kap.org.tr/tr/Pazarlar,0b0caf588de3ff8dcf3a2dbe174dfd60f6d26daecc4e9f16be1079245aec3b84,Exact as-of source observation; no liquidity filter applied.,TIMUR,NOT_PAY_MARKET,KESİN ALIM SATIM PAZARI-NİTELİKLİ YATIRIMCILAR ARASINDA,EQUITY,PASS_BORSA_ISTANBUL_KAP_REFERENCE
bist_active_universe_v1,2026-07-29,,,TEKNOSA İÇ VE DIŞ TİCARET A.Ş.,BORÇLANMA ARAÇLARI PİYASASI,KESİN ALIM SATIM PAZARI-NİTELİKLİ YATIRIMCILAR ARASINDA,EQUITY,False,False,KAP_MARKETS,KAP_MARKET:4028328c55064295015506669f1f0027:33E5FED802DA00EAE0530A4A622B2AEA:4028e4a240f2ef470140f31ac6aa006f:TKNSA,2026-07-29,https://www.kap.org.tr/tr/Pazarlar,663741a172b9adf3eaa2e4a437eb56878a6eac7be841cdab641e963575a17778,Exact as-of source observation; no liquidity filter applied.,TKNSA,NOT_PAY_MARKET,KESİN ALIM SATIM PAZARI-NİTELİKLİ YATIRIMCILAR ARASINDA,EQUITY,PASS_BORSA_ISTANBUL_KAP_REFERENCE
bist_active_universe_v1,2026-07-29,,,TERA PORTFÖY YÖNETİMİ A.Ş. KONUT ALFA KATILIM GAYRİMENKUL YATIRIM FONU,PAY PİYASASI,GİRİŞİM SERMAYESİ PAZARI,FUND,False,False,KAP_MARKETS,KAP_MARKET:4028328c550642950155066367d0001b:4028328c5fc60da8015fde393e673cb9:TPKGY,2026-07-29,https://www.kap.org.tr/tr/Pazarlar,daa631b2ad12cde476e78138eedd7dd1e8dfee67ebab4f518c67837147025fe8,Exact as-of source observation; no liquidity filter applied.,TPKGY,FUND,GİRİŞİM SERMAYESİ PAZARI,FUND,PASS_BORSA_ISTANBUL_KAP_REFERENCE
bist_active_universe_v1,2026-07-29,,,TERA PORTFÖY YÖNETİMİ A.Ş. GAME INVEST GİRİŞİM SERMAYESİ YATIRIM FONU,PAY PİYASASI,GİRİŞİM SERMAYESİ PAZARI,FUND,False,False,KAP_MARKETS,KAP_MARKET:4028328c550642950155066367d0001b:4028328c5fc60da8015fde393e673cb9:TPYGI,2026-07-29,https://www.kap.org.tr/tr/Pazarlar,9b10052d3baf527bda6a9062f4f493fc86219237e70726e1af676a2d9d987517,Exact as-of source observation; no liquidity filter applied.,TPYGI,FUND,GİRİŞİM SERMAYESİ PAZARI,FUND,PASS_BORSA_ISTANBUL_KAP_REFERENCE
bist_active_universe_v1,2026-07-29,,,TERA PORTFÖY YÖNETİMİ A.Ş. TECH INVEST TEKNOLOJİ GİRİŞİM SERMAYESİ YATIRIM FONU,PAY PİYASASI,GİRİŞİM SERMAYESİ PAZARI,FUND,False,False,KAP_MARKETS,KAP_MARKET:4028328c550642950155066367d0001b:4028328c5fc60da8015fde393e673cb9:TPYTI,2026-07-29,https://www.kap.org.tr/tr/Pazarlar,9033e9df63b42470a3586285285fe5ee3fcaa70e00a35fecc9187054bc68ce2e,Exact as-of source observation; no liquidity filter applied.,TPYTI,FUND,GİRİŞİM SERMAYESİ PAZARI,FUND,PASS_BORSA_ISTANBUL_KAP_REFERENCE
bist_active_universe_v1,2026-07-29,,,TERA YATIRIM BANKASI A.Ş.,BORÇLANMA ARAÇLARI PİYASASI,KESİN ALIM SATIM PAZARI-NİTELİKLİ YATIRIMCILAR ARASINDA,EQUITY,False,False,KAP_MARKETS,KAP_MARKET:4028328c55064295015506669f1f0027:33E5FED802DA00EAE0530A4A622B2AEA:8acae2c58b2fa64e018b41c1d7310847:TRBNK,2026-07-29,https://www.kap.org.tr/tr/Pazarlar,0fdfe2e6d484ecd2609af0865b1896139c5af4423910f0f592c7ec3b3cfd3f15,Exact as-of source observation; no liquidity filter applied.,TRBNK,NOT_PAY_MARKET,KESİN ALIM SATIM PAZARI-NİTELİKLİ YATIRIMCILAR ARASINDA,EQUITY,PASS_BORSA_ISTANBUL_KAP_REFERENCE
bist_active_universe_v1,2026-07-29,,,TERA FİNANS FAKTORİNG A.Ş.,BORÇLANMA ARAÇLARI PİYASASI,KESİN ALIM SATIM PAZARI-NİTELİKLİ YATIRIMCILAR ARASINDA,EQUITY,False,False,KAP_MARKETS,KAP_MARKET:4028328c55064295015506669f1f0027:33E5FED802DA00EAE0530A4A622B2AEA:4028e4a14184e9cf014193512aaa2c5e:TRFFA,2026-07-29,https://www.kap.org.tr/tr/Pazarlar,13ad83687b97fca37501ee6235fc2b29d5e871721aefa20abf79a1c9444331bf,Exact as-of source observation; no liquidity filter applied.,TRFFA,NOT_PAY_MARKET,KESİN ALIM SATIM PAZARI-NİTELİKLİ YATIRIMCILAR ARASINDA,EQUITY,PASS_BORSA_ISTANBUL_KAP_REFERENCE
bist_active_universe_v1,2026-07-29,,,TURK İLAÇ VE SERUM SANAYİ A.Ş.,BORÇLANMA ARAÇLARI PİYASASI,KESİN ALIM SATIM PAZARI-NİTELİKLİ YATIRIMCILAR ARASINDA,EQUITY,False,False,KAP_MARKETS,KAP_MARKET:4028328c55064295015506669f1f0027:33E5FED802DA00EAE0530A4A622B2AEA:8acae2c575a1b5b601773ec6c0030b66:TRILC,2026-07-29,https://www.kap.org.tr/tr/Pazarlar,f40314c82dc53e28a62b6ef8776da7b53eefb79bdd4d7a834f79e422f144cb9a,Exact as-of source observation; no liquidity filter applied.,TRILC,NOT_PAY_MARKET,KESİN ALIM SATIM PAZARI-NİTELİKLİ YATIRIMCILAR ARASINDA,EQUITY,PASS_BORSA_ISTANBUL_KAP_REFERENCE
bist_active_universe_v1,2026-07-29,,,TURK FİNANSMAN A.Ş.,BORÇLANMA ARAÇLARI PİYASASI,KESİN ALIM SATIM PAZARI-NİTELİKLİ YATIRIMCILAR ARASINDA,EQUITY,False,False,KAP_MARKETS,KAP_MARKET:4028328c55064295015506669f1f0027:33E5FED802DA00EAE0530A4A622B2AEA:8acae2c46d7599a6016d873a5f860360:TRKFN,2026-07-29,https://www.kap.org.tr/tr/Pazarlar,966329b8decbb5f607f9377bd918f461f69f1c1c1fc0200beac1f610bde1d2b4,Exact as-of source observation; no liquidity filter applied.,TRKFN,NOT_PAY_MARKET,KESİN ALIM SATIM PAZARI-NİTELİKLİ YATIRIMCILAR ARASINDA,EQUITY,PASS_BORSA_ISTANBUL_KAP_REFERENCE
bist_active_universe_v1,2026-07-29,,,TURKNET İLETİŞİM HİZMETLERİ A.Ş.,BORÇLANMA ARAÇLARI PİYASASI,KESİN ALIM SATIM PAZARI-NİTELİKLİ YATIRIMCILAR ARASINDA,EQUITY,False,False,KAP_MARKETS,KAP_MARKET:4028328c55064295015506669f1f0027:33E5FED802DA00EAE0530A4A622B2AEA:8acae2c469cee2a4016a77942be766cf:TRKNT,2026-07-29,https://www.kap.org.tr/tr/Pazarlar,6d464fc8bf5b0b4e2757a310ee5ee1ec39b7692073aa2b2a52640df3062ea669,Exact as-of source observation; no liquidity filter applied.,TRKNT,NOT_PAY_MARKET,KESİN ALIM SATIM PAZARI-NİTELİKLİ YATIRIMCILAR ARASINDA,EQUITY,PASS_BORSA_ISTANBUL_KAP_REFERENCE
bist_active_universe_v1,2026-07-29,,,TRIVE YATIRIM MENKUL DEĞERLER A.Ş.,BORÇLANMA ARAÇLARI PİYASASI,KESİN ALIM SATIM PAZARI-NİTELİKLİ YATIRIMCILAR ARASINDA,EQUITY,False,False,KAP_MARKETS,KAP_MARKET:4028328c55064295015506669f1f0027:33E5FED802DA00EAE0530A4A622B2AEA:4028e4a2416f888d01416f9bd89f0453:TRMEN,2026-07-29,https://www.kap.org.tr/tr/Pazarlar,7b6cc7c978be3e8e81e16bdf4a6b2e8c101acd0f4f4023fe64bef06425942c80,Exact as-of source observation; no liquidity filter applied.,TRMEN,NOT_PAY_MARKET,KESİN ALIM SATIM PAZARI-NİTELİKLİ YATIRIMCILAR ARASINDA,EQUITY,PASS_BORSA_ISTANBUL_KAP_REFERENCE
bist_active_universe_v1,2026-07-29,,,TİRYAKİ AGRO GIDA SANAYİ VE TİCARET A.Ş.,BORÇLANMA ARAÇLARI PİYASASI,KESİN ALIM SATIM PAZARI-NİTELİKLİ YATIRIMCILAR ARASINDA,EQUITY,False,False,KAP_MARKETS,KAP_MARKET:4028328c55064295015506669f1f0027:33E5FED802DA00EAE0530A4A622B2AEA:1DE05DAA8408073AE0530A4A622A2EBD:TRYKI,2026-07-29,https://www.kap.org.tr/tr/Pazarlar,ad0d5447fd95be0c7a8f770b1f0bcd4e35fa034cd8c03667327273b157f7fd44,Exact as-of source observation; no liquidity filter applied.,TRYKI,NOT_PAY_MARKET,KESİN ALIM SATIM PAZARI-NİTELİKLİ YATIRIMCILAR ARASINDA,EQUITY,PASS_BORSA_ISTANBUL_KAP_REFERENCE
bist_active_universe_v1,2026-07-29,,,TUKAŞ GIDA SANAYİ VE TİCARET A.Ş.,BORÇLANMA ARAÇLARI PİYASASI,KESİN ALIM SATIM PAZARI-NİTELİKLİ YATIRIMCILAR ARASINDA,EQUITY,False,False,KAP_MARKETS,KAP_MARKET:4028328c55064295015506669f1f0027:33E5FED802DA00EAE0530A4A622B2AEA:4028e4a240f2ef470140f373b77f00ac:TUKAS,2026-07-29,https://www.kap.org.tr/tr/Pazarlar,60d031cfee37d7218f57b31fab05a3fa8ec33c6e1fd3961ff3c798964839c82d,Exact as-of source observation; no liquidity filter applied.,TUKAS,NOT_PAY_MARKET,KESİN ALIM SATIM PAZARI-NİTELİKLİ YATIRIMCILAR ARASINDA,EQUITY,PASS_BORSA_ISTANBUL_KAP_REFERENCE
bist_active_universe_v1,2026-07-29,,,TÜPRAŞ-TÜRKİYE PETROL RAFİNERİLERİ A.Ş.,BORÇLANMA ARAÇLARI PİYASASI,KESİN ALIM SATIM PAZARI-NİTELİKLİ YATIRIMCILAR ARASINDA,EQUITY,False,False,KAP_MARKETS,KAP_MARKET:4028328c55064295015506669f1f0027:33E5FED802DA00EAE0530A4A622B2AEA:4028e4a140f2ed720140f37f139c01bc:TUPRS,2026-07-29,https://www.kap.org.tr/tr/Pazarlar,da31f6d07b33687ac65e190cbc1b40d254efa6fb7911d2e39b3908045554a9b3,Exact as-of source observation; no liquidity filter applied.,TUPRS,NOT_PAY_MARKET,KESİN ALIM SATIM PAZARI-NİTELİKLİ YATIRIMCILAR ARASINDA,EQUITY,PASS_BORSA_ISTANBUL_KAP_REFERENCE
bist_active_universe_v1,2026-07-29,,,TV8 TV YAYINCILIK A.Ş.,BORÇLANMA ARAÇLARI PİYASASI,KESİN ALIM SATIM PAZARI-NİTELİKLİ YATIRIMCILAR ARASINDA,EQUITY,False,False,KAP_MARKETS,KAP_MARKET:4028328c55064295015506669f1f0027:33E5FED802DA00EAE0530A4A622B2AEA:4028e4a1415f4d9b014160385b35407b:TV8TV,2026-07-29,https://www.kap.org.tr/tr/Pazarlar,3404c83f0f99f1addd217842f469f54e1c18e71a1361a1790b0351026fc08515,Exact as-of source observation; no liquidity filter applied.,TV8TV,NOT_PAY_MARKET,KESİN ALIM SATIM PAZARI-NİTELİKLİ YATIRIMCILAR ARASINDA,EQUITY,PASS_BORSA_ISTANBUL_KAP_REFERENCE
bist_active_universe_v1,2026-07-29,,,ULUSAL FAKTORİNG A.Ş.,BORÇLANMA ARAÇLARI PİYASASI,KESİN ALIM SATIM PAZARI-NİTELİKLİ YATIRIMCILAR ARASINDA,EQUITY,False,False,KAP_MARKETS,KAP_MARKET:4028328c55064295015506669f1f0027:33E5FED802DA00EAE0530A4A622B2AEA:4028e4a1416e696301416f321c3d5ca7:ULUFA,2026-07-29,https://www.kap.org.tr/tr/Pazarlar,69f221842c6a15ef0dba8447bbc4ed9cf0c2d938cc3500ac59c551b6c900baca,Exact as-of source observation; no liquidity filter applied.,ULUFA,NOT_PAY_MARKET,KESİN ALIM SATIM PAZARI-NİTELİKLİ YATIRIMCILAR ARASINDA,EQUITY,PASS_BORSA_ISTANBUL_KAP_REFERENCE
bist_active_universe_v1,2026-07-29,,,ÜNLÜ YATIRIM HOLDİNG A.Ş.,BORÇLANMA ARAÇLARI PİYASASI,KESİN ALIM SATIM PAZARI-NİTELİKLİ YATIRIMCILAR ARASINDA,EQUITY,False,False,KAP_MARKETS,KAP_MARKET:4028328c55064295015506669f1f0027:33E5FED802DA00EAE0530A4A622B2AEA:4028e4a24bcf2bca014be9def2a47203:UNLU,2026-07-29,https://www.kap.org.tr/tr/Pazarlar,5af60df4e1a421bab69f7e4ed2464511e0431a8979952a304aa8d89cba603cbc,Exact as-of source observation; no liquidity filter applied.,UNLU,NOT_PAY_MARKET,KESİN ALIM SATIM PAZARI-NİTELİKLİ YATIRIMCILAR ARASINDA,EQUITY,PASS_BORSA_ISTANBUL_KAP_REFERENCE
bist_active_universe_v1,2026-07-29,,,UŞAK SERAMİK SANAYİ A.Ş.,BORÇLANMA ARAÇLARI PİYASASI,KESİN ALIM SATIM PAZARI-NİTELİKLİ YATIRIMCILAR ARASINDA,EQUITY,False,False,KAP_MARKETS,KAP_MARKET:4028328c55064295015506669f1f0027:33E5FED802DA00EAE0530A4A622B2AEA:1DE05DAA843E073AE0530A4A622A2EBD:USAK,2026-07-29,https://www.kap.org.tr/tr/Pazarlar,1d63c6dd86c814eeb1aa34fe3557759d6795fca07215423958d4b8e4901d12af,Exact as-of source observation; no liquidity filter applied.,USAK,NOT_PAY_MARKET,KESİN ALIM SATIM PAZARI-NİTELİKLİ YATIRIMCILAR ARASINDA,EQUITY,PASS_BORSA_ISTANBUL_KAP_REFERENCE
bist_active_universe_v1,2026-07-29,,,QNB PORTFÖY AMERİKAN DOLARI YABANCI BORSA YATIRIM FONU,PAY PİYASASI,YAPILANDIRILMIŞ ÜRÜNLER VE FON PAZARI,ETF,False,False,KAP_MARKETS,KAP_MARKET:4028328c550642950155066367d0001b:33E5FED802B700EAE0530A4A622B2AEA:USDTR,2026-07-29,https://www.kap.org.tr/tr/Pazarlar,13c06fc0aeece0180d8f04a2a6e965a33cd211367bfbda92e43b03d65e91de83,Exact as-of source observation; no liquidity filter applied.,USDTR,NON_EQUITY_MARKET,YAPILANDIRILMIŞ ÜRÜNLER VE FON PAZARI,ETF,PASS_BORSA_ISTANBUL_KAP_REFERENCE
bist_active_universe_v1,2026-07-29,,,TÜRKİYE VAKIFLAR BANKASI T.A.O.,BORÇLANMA ARAÇLARI PİYASASI,KESİN ALIM SATIM PAZARI,EQUITY,False,False,KAP_MARKETS,KAP_MARKET:4028328c55064295015506669f1f0027:33E5FED802A900EAE0530A4A622B2AEA:4028e4a1415f4d9b01415fe3340f36e4:VAKBN,2026-07-29,https://www.kap.org.tr/tr/Pazarlar,e8001ad765b3b5d24493f135444f38b4e8370d7e406cf3764a67863476c5de8b,Exact as-of source observation; no liquidity filter applied.,VAKBN,NOT_PAY_MARKET,KESİN ALIM SATIM PAZARI,EQUITY,PASS_BORSA_ISTANBUL_KAP_REFERENCE
bist_active_universe_v1,2026-07-29,,,TÜRKİYE VAKIFLAR BANKASI T.A.O.,BORÇLANMA ARAÇLARI PİYASASI,KESİN ALIM SATIM PAZARI-NİTELİKLİ YATIRIMCILAR ARASINDA,EQUITY,False,False,KAP_MARKETS,KAP_MARKET:4028328c55064295015506669f1f0027:33E5FED802DA00EAE0530A4A622B2AEA:4028e4a1415f4d9b01415fe3340f36e4:VAKBN,2026-07-29,https://www.kap.org.tr/tr/Pazarlar,fc3826a87549703c7da44ad6e3c4583d1e4a3124233d3f4278f4b0acaca61135,Exact as-of source observation; no liquidity filter applied.,VAKBN,NOT_PAY_MARKET,KESİN ALIM SATIM PAZARI-NİTELİKLİ YATIRIMCILAR ARASINDA,EQUITY,PASS_BORSA_ISTANBUL_KAP_REFERENCE
bist_active_universe_v1,2026-07-29,,,VAKIF VARLIK KİRALAMA A.Ş.,BORÇLANMA ARAÇLARI PİYASASI,KESİN ALIM SATIM PAZARI,EQUITY,False,False,KAP_MARKETS,KAP_MARKET:4028328c55064295015506669f1f0027:33E5FED802A900EAE0530A4A622B2AEA:8acae2c45835eb6501589126775520fb:VAKVK,2026-07-29,https://www.kap.org.tr/tr/Pazarlar,693216557b27e41556c1949ddfdbb3fdaa78ae7c0889382c13da0c9d82bfcbf3,Exact as-of source observation; no liquidity filter applied.,VAKVK,NOT_PAY_MARKET,KESİN ALIM SATIM PAZARI,EQUITY,PASS_BORSA_ISTANBUL_KAP_REFERENCE
bist_active_universe_v1,2026-07-29,,,VAKIF VARLIK KİRALAMA A.Ş.,BORÇLANMA ARAÇLARI PİYASASI,KESİN ALIM SATIM PAZARI-NİTELİKLİ YATIRIMCILAR ARASINDA,EQUITY,False,False,KAP_MARKETS,KAP_MARKET:4028328c55064295015506669f1f0027:33E5FED802DA00EAE0530A4A622B2AEA:8acae2c45835eb6501589126775520fb:VAKVK,2026-07-29,https://www.kap.org.tr/tr/Pazarlar,903e32e209f09431d9063d8be80dc307f2d84adebbc8c35f0a14ed45393a885c,Exact as-of source observation; no liquidity filter applied.,VAKVK,NOT_PAY_MARKET,KESİN ALIM SATIM PAZARI-NİTELİKLİ YATIRIMCILAR ARASINDA,EQUITY,PASS_BORSA_ISTANBUL_KAP_REFERENCE
bist_active_universe_v1,2026-07-29,,,VOLKSWAGEN DOĞUŞ FİNANSMAN A.Ş.,BORÇLANMA ARAÇLARI PİYASASI,KESİN ALIM SATIM PAZARI-NİTELİKLİ YATIRIMCILAR ARASINDA,EQUITY,False,False,KAP_MARKETS,KAP_MARKET:4028328c55064295015506669f1f0027:33E5FED802DA00EAE0530A4A622B2AEA:4028e4a24371e0a20143914bc74c6e5b:VDFAS,2026-07-29,https://www.kap.org.tr/tr/Pazarlar,795309877bd15af2ba64444916cd33ba8fe1d7ad6663100f8d44c68836f7139c,Exact as-of source observation; no liquidity filter applied.,VDFAS,NOT_PAY_MARKET,KESİN ALIM SATIM PAZARI-NİTELİKLİ YATIRIMCILAR ARASINDA,EQUITY,PASS_BORSA_ISTANBUL_KAP_REFERENCE
bist_active_universe_v1,2026-07-29,,,VDF FİLO KİRALAMA A.Ş.,BORÇLANMA ARAÇLARI PİYASASI,KESİN ALIM SATIM PAZARI-NİTELİKLİ YATIRIMCILAR ARASINDA,EQUITY,False,False,KAP_MARKETS,KAP_MARKET:4028328c55064295015506669f1f0027:33E5FED802DA00EAE0530A4A622B2AEA:8acae2c56faf888c0171e54394012909:VDFLO,2026-07-29,https://www.kap.org.tr/tr/Pazarlar,fe24a8912dd1b74629c5609721e17a1dad1cf503b736ed759fd60ad3bb7ec502,Exact as-of source observation; no liquidity filter applied.,VDFLO,NOT_PAY_MARKET,KESİN ALIM SATIM PAZARI-NİTELİKLİ YATIRIMCILAR ARASINDA,EQUITY,PASS_BORSA_ISTANBUL_KAP_REFERENCE
bist_active_universe_v1,2026-07-29,,,VESTEL BEYAZ EŞYA SANAYİ VE TİCARET A.Ş.,BORÇLANMA ARAÇLARI PİYASASI,KESİN ALIM SATIM PAZARI-NİTELİKLİ YATIRIMCILAR ARASINDA,EQUITY,False,False,KAP_MARKETS,KAP_MARKET:4028328c55064295015506669f1f0027:33E5FED802DA00EAE0530A4A622B2AEA:4028e4a140f2ed7201412c223c9707e6:VESBE,2026-07-29,https://www.kap.org.tr/tr/Pazarlar,cf5d4a206a7bb6306fdfddb6f998990f5910bcd682f9baf5e495c897b7fb0c40,Exact as-of source observation; no liquidity filter applied.,VESBE,NOT_PAY_MARKET,KESİN ALIM SATIM PAZARI-NİTELİKLİ YATIRIMCILAR ARASINDA,EQUITY,PASS_BORSA_ISTANBUL_KAP_REFERENCE
bist_active_universe_v1,2026-07-29,,,VESTEL ELEKTRONİK SANAYİ VE TİCARET A.Ş.,BORÇLANMA ARAÇLARI PİYASASI,KESİN ALIM SATIM PAZARI-NİTELİKLİ YATIRIMCILAR ARASINDA,EQUITY,False,False,KAP_MARKETS,KAP_MARKET:4028328c55064295015506669f1f0027:33E5FED802DA00EAE0530A4A622B2AEA:4028e4a140f2ed7201412c2000c507db:VESTL,2026-07-29,https://www.kap.org.tr/tr/Pazarlar,e2fc0d6b3e41face98d9b46d68fd991ac7575da1bc8d0ffad40a37404a87b821,Exact as-of source observation; no liquidity filter applied.,VESTL,NOT_PAY_MARKET,KESİN ALIM SATIM PAZARI-NİTELİKLİ YATIRIMCILAR ARASINDA,EQUITY,PASS_BORSA_ISTANBUL_KAP_REFERENCE
bist_active_universe_v1,2026-07-29,,,YATIRIM VARLIK KİRALAMA A.Ş.,BORÇLANMA ARAÇLARI PİYASASI,KESİN ALIM SATIM PAZARI-NİTELİKLİ YATIRIMCILAR ARASINDA,EQUITY,False,False,KAP_MARKETS,KAP_MARKET:4028328c55064295015506669f1f0027:33E5FED802DA00EAE0530A4A622B2AEA:8acae2c56d759b01016e02beaf763330:YATVK,2026-07-29,https://www.kap.org.tr/tr/Pazarlar,e23c8b3184b94e2b0db0394854fb5274a6c7e1cbb1c5ab3cd256fbc95373c088,Exact as-of source observation; no liquidity filter applied.,YATVK,NOT_PAY_MARKET,KESİN ALIM SATIM PAZARI-NİTELİKLİ YATIRIMCILAR ARASINDA,EQUITY,PASS_BORSA_ISTANBUL_KAP_REFERENCE
bist_active_universe_v1,2026-07-29,,,YEO TEKNOLOJİ ENERJİ VE ENDÜSTRİ A.Ş.,BORÇLANMA ARAÇLARI PİYASASI,KESİN ALIM SATIM PAZARI-NİTELİKLİ YATIRIMCILAR ARASINDA,EQUITY,False,False,KAP_MARKETS,KAP_MARKET:4028328c55064295015506669f1f0027:33E5FED802DA00EAE0530A4A622B2AEA:4028e4a140f2ed7101413af3da8c0440:YEOTK,2026-07-29,https://www.kap.org.tr/tr/Pazarlar,3fd1ec8f13b394240fb898eba58a6a453d07f542e276dd24c48b6d649f931b8a,Exact as-of source observation; no liquidity filter applied.,YEOTK,NOT_PAY_MARKET,KESİN ALIM SATIM PAZARI-NİTELİKLİ YATIRIMCILAR ARASINDA,EQUITY,PASS_BORSA_ISTANBUL_KAP_REFERENCE
bist_active_universe_v1,2026-07-29,,,YAPI VE KREDİ BANKASI A.Ş.,BORÇLANMA ARAÇLARI PİYASASI,KESİN ALIM SATIM PAZARI-NİTELİKLİ YATIRIMCILAR ARASINDA,EQUITY,False,False,KAP_MARKETS,KAP_MARKET:4028328c55064295015506669f1f0027:33E5FED802DA00EAE0530A4A622B2AEA:4028e4a240f2ef4c01412ae6d6630538:YKBNK,2026-07-29,https://www.kap.org.tr/tr/Pazarlar,748ed73d6e46e6fc25f2af13e6a3255412008db6b9c31369518147fb70d10b3a,Exact as-of source observation; no liquidity filter applied.,YKBNK,NOT_PAY_MARKET,KESİN ALIM SATIM PAZARI-NİTELİKLİ YATIRIMCILAR ARASINDA,EQUITY,PASS_BORSA_ISTANBUL_KAP_REFERENCE
bist_active_universe_v1,2026-07-29,,,YAPI KREDİ FİNANSAL KİRALAMA A.O.,BORÇLANMA ARAÇLARI PİYASASI,KESİN ALIM SATIM PAZARI-NİTELİKLİ YATIRIMCILAR ARASINDA,EQUITY,False,False,KAP_MARKETS,KAP_MARKET:4028328c55064295015506669f1f0027:33E5FED802DA00EAE0530A4A622B2AEA:4028e4a1413b7ef401414503a8c00095:YKFIN,2026-07-29,https://www.kap.org.tr/tr/Pazarlar,0a70c6982d123f4552fa7be816f623329d738ed0b6c0eb5dbd4eac471135a300,Exact as-of source observation; no liquidity filter applied.,YKFIN,NOT_PAY_MARKET,KESİN ALIM SATIM PAZARI-NİTELİKLİ YATIRIMCILAR ARASINDA,EQUITY,PASS_BORSA_ISTANBUL_KAP_REFERENCE
bist_active_universe_v1,2026-07-29,,,YAPI KREDİ FAKTORİNG A.Ş.,BORÇLANMA ARAÇLARI PİYASASI,KESİN ALIM SATIM PAZARI-NİTELİKLİ YATIRIMCILAR ARASINDA,EQUITY,False,False,KAP_MARKETS,KAP_MARKET:4028328c55064295015506669f1f0027:33E5FED802DA00EAE0530A4A622B2AEA:4028e4a240f2ef47014117688e9e04a6:YKFKT,2026-07-29,https://www.kap.org.tr/tr/Pazarlar,eadb74fd9be5a0dbaac6dc8ab0c410bed2fb539bcb18da8097c39b62e7f250b7,Exact as-of source observation; no liquidity filter applied.,YKFKT,NOT_PAY_MARKET,KESİN ALIM SATIM PAZARI-NİTELİKLİ YATIRIMCILAR ARASINDA,EQUITY,PASS_BORSA_ISTANBUL_KAP_REFERENCE
bist_active_universe_v1,2026-07-29,,,YAPI KREDİ YATIRIM MENKUL DEĞERLER A.Ş.,BORÇLANMA ARAÇLARI PİYASASI,KESİN ALIM SATIM PAZARI-NİTELİKLİ YATIRIMCILAR ARASINDA,EQUITY,False,False,KAP_MARKETS,KAP_MARKET:4028328c55064295015506669f1f0027:33E5FED802DA00EAE0530A4A622B2AEA:4028e4a240f2ef4c01412ae47c99052d:YKYAT,2026-07-29,https://www.kap.org.tr/tr/Pazarlar,4822cfa1273d581589ed71c313c13427ff1953f337826c0b51c5dc33fc22f211,Exact as-of source observation; no liquidity filter applied.,YKYAT,NOT_PAY_MARKET,KESİN ALIM SATIM PAZARI-NİTELİKLİ YATIRIMCILAR ARASINDA,EQUITY,PASS_BORSA_ISTANBUL_KAP_REFERENCE
bist_active_universe_v1,2026-07-29,,,ZİRAAT PORTFÖY BIST 30 EŞİT AĞIRLIKLI ENDEKSİ HİSSE SENEDİ YOĞUN BORSA YATIRIM FONU,PAY PİYASASI,YAPILANDIRILMIŞ ÜRÜNLER VE FON PAZARI,ETF,False,False,KAP_MARKETS,KAP_MARKET:4028328c550642950155066367d0001b:33E5FED802B700EAE0530A4A622B2AEA:Z30EA,2026-07-29,https://www.kap.org.tr/tr/Pazarlar,f347ffd63bc545a6cddcf474f90e5ac1db1d57eb0f58484a4922e518facf913a,Exact as-of source observation; no liquidity filter applied.,Z30EA,NON_EQUITY_MARKET,YAPILANDIRILMIŞ ÜRÜNLER VE FON PAZARI,ETF,PASS_BORSA_ISTANBUL_KAP_REFERENCE
bist_active_universe_v1,2026-07-29,,,ZİRAAT PORTFÖY BIST KATILIM 30 EŞİT AĞIRLIKLI ENDEKSİ HİSSE SENEDİ YOĞUN BORSA YATIRIM FONU,PAY PİYASASI,YAPILANDIRILMIŞ ÜRÜNLER VE FON PAZARI,ETF,False,False,KAP_MARKETS,KAP_MARKET:4028328c550642950155066367d0001b:33E5FED802B700EAE0530A4A622B2AEA:Z30KE,2026-07-29,https://www.kap.org.tr/tr/Pazarlar,a1cc843bd2c7142e9d757b51d16dd95b5167a6a59599c965c1a661ca32f77df3,Exact as-of source observation; no liquidity filter applied.,Z30KE,NON_EQUITY_MARKET,YAPILANDIRILMIŞ ÜRÜNLER VE FON PAZARI,ETF,PASS_BORSA_ISTANBUL_KAP_REFERENCE
bist_active_universe_v1,2026-07-29,,,ZİRAAT PORTFÖY BIST KATILIM 30 ENDEKSİ HİSSE SENEDİ YOĞUN BORSA YATIRIM FONU,PAY PİYASASI,YAPILANDIRILMIŞ ÜRÜNLER VE FON PAZARI,ETF,False,False,KAP_MARKETS,KAP_MARKET:4028328c550642950155066367d0001b:33E5FED802B700EAE0530A4A622B2AEA:Z30KP,2026-07-29,https://www.kap.org.tr/tr/Pazarlar,b8d606758058a079f2695eeec9fc22ff498eea22f8bf7e62fe1518df869ce9da,Exact as-of source observation; no liquidity filter applied.,Z30KP,NON_EQUITY_MARKET,YAPILANDIRILMIŞ ÜRÜNLER VE FON PAZARI,ETF,PASS_BORSA_ISTANBUL_KAP_REFERENCE
bist_active_universe_v1,2026-07-29,,,ZİRAAT PORTFÖY BIST 50-30 ENDEKSİ HİSSE SENEDİ YOĞUN BORSA YATIRIM FONU,PAY PİYASASI,YAPILANDIRILMIŞ ÜRÜNLER VE FON PAZARI,ETF,False,False,KAP_MARKETS,KAP_MARKET:4028328c550642950155066367d0001b:33E5FED802B700EAE0530A4A622B2AEA:ZELOT,2026-07-29,https://www.kap.org.tr/tr/Pazarlar,f717df7667ad43e0afbbbb9ad0e46d50da31ce9b9f3acfc00d63b42a9ca2ed02,Exact as-of source observation; no liquidity filter applied.,ZELOT,NON_EQUITY_MARKET,YAPILANDIRILMIŞ ÜRÜNLER VE FON PAZARI,ETF,PASS_BORSA_ISTANBUL_KAP_REFERENCE
bist_active_universe_v1,2026-07-29,,,ZİRAAT PORTFÖY ALTIN KATILIM BORSA YATIRIM FONU,PAY PİYASASI,YAPILANDIRILMIŞ ÜRÜNLER VE FON PAZARI,ETF,False,False,KAP_MARKETS,KAP_MARKET:4028328c550642950155066367d0001b:33E5FED802B700EAE0530A4A622B2AEA:ZGOLD,2026-07-29,https://www.kap.org.tr/tr/Pazarlar,87dd98b73d17e6aa35cd028b9b45e7b179d616d6100f0e693fc4133d92298009,Exact as-of source observation; no liquidity filter applied.,ZGOLD,NON_EQUITY_MARKET,YAPILANDIRILMIŞ ÜRÜNLER VE FON PAZARI,ETF,PASS_BORSA_ISTANBUL_KAP_REFERENCE
bist_active_universe_v1,2026-07-29,,,ZİRAAT KATILIM VARLIK KİRALAMA A.Ş.,BORÇLANMA ARAÇLARI PİYASASI,KESİN ALIM SATIM PAZARI-NİTELİKLİ YATIRIMCILAR ARASINDA,EQUITY,False,False,KAP_MARKETS,KAP_MARKET:4028328c55064295015506669f1f0027:33E5FED802DA00EAE0530A4A622B2AEA:8acae2c5540d442c0154a032b7740b6f:ZKBVK,2026-07-29,https://www.kap.org.tr/tr/Pazarlar,6ee2c21474737217f22ff5b7becebb326017ada16d4a35e9b2db7dfc7bfccf78,Exact as-of source observation; no liquidity filter applied.,ZKBVK,NOT_PAY_MARKET,KESİN ALIM SATIM PAZARI-NİTELİKLİ YATIRIMCILAR ARASINDA,EQUITY,PASS_BORSA_ISTANBUL_KAP_REFERENCE
bist_active_universe_v1,2026-07-29,,,ZKB VARLIK KİRALAMA A.Ş.,BORÇLANMA ARAÇLARI PİYASASI,KESİN ALIM SATIM PAZARI-NİTELİKLİ YATIRIMCILAR ARASINDA,EQUITY,False,False,KAP_MARKETS,KAP_MARKET:4028328c55064295015506669f1f0027:33E5FED802DA00EAE0530A4A622B2AEA:8acae2c465a51c3b01672b4d7dd02796:ZKBVR,2026-07-29,https://www.kap.org.tr/tr/Pazarlar,323e59b91c5934949ee3263c13ac3cf16f78046652a12f8874e1273f7d0092c5,Exact as-of source observation; no liquidity filter applied.,ZKBVR,NOT_PAY_MARKET,KESİN ALIM SATIM PAZARI-NİTELİKLİ YATIRIMCILAR ARASINDA,EQUITY,PASS_BORSA_ISTANBUL_KAP_REFERENCE
bist_active_universe_v1,2026-07-29,,,ZORLU ENERJİ ELEKTRİK ÜRETİM A.Ş.,BORÇLANMA ARAÇLARI PİYASASI,KESİN ALIM SATIM PAZARI-NİTELİKLİ YATIRIMCILAR ARASINDA,EQUITY,False,False,KAP_MARKETS,KAP_MARKET:4028328c55064295015506669f1f0027:33E5FED802DA00EAE0530A4A622B2AEA:4028e4a140f2ed7201412c19687407a7:ZOREN,2026-07-29,https://www.kap.org.tr/tr/Pazarlar,b1c728b2ac41db00ff2844571f549d531d3f4122739c75a21c11a8aadfeab784,Exact as-of source observation; no liquidity filter applied.,ZOREN,NOT_PAY_MARKET,KESİN ALIM SATIM PAZARI-NİTELİKLİ YATIRIMCILAR ARASINDA,EQUITY,PASS_BORSA_ISTANBUL_KAP_REFERENCE
bist_active_universe_v1,2026-07-29,,,ZİRAAT PORTFÖY BIST BANKA DIŞI LİKİT 10 ENDEKSİ HİSSE SENEDİ YOĞUN BORSA YATIRIM FONU,PAY PİYASASI,YAPILANDIRILMIŞ ÜRÜNLER VE FON PAZARI,ETF,False,False,KAP_MARKETS,KAP_MARKET:4028328c550642950155066367d0001b:33E5FED802B700EAE0530A4A622B2AEA:ZPBDL,2026-07-29,https://www.kap.org.tr/tr/Pazarlar,a1cab8693ba4346089fd766e409518961595d7a1ef684ac69240accda5b714e5,Exact as-of source observation; no liquidity filter applied.,ZPBDL,NON_EQUITY_MARKET,YAPILANDIRILMIŞ ÜRÜNLER VE FON PAZARI,ETF,PASS_BORSA_ISTANBUL_KAP_REFERENCE
bist_active_universe_v1,2026-07-29,,,ZİRAAT PORTFÖY BIST LİKİT BANKA ENDEKSİ HİSSE SENEDİ YOĞUN BORSA YATIRIM FONU,PAY PİYASASI,YAPILANDIRILMIŞ ÜRÜNLER VE FON PAZARI,ETF,False,False,KAP_MARKETS,KAP_MARKET:4028328c550642950155066367d0001b:33E5FED802B700EAE0530A4A622B2AEA:ZPLIB,2026-07-29,https://www.kap.org.tr/tr/Pazarlar,3ad50ca93db9b396e57b2a242e8bb63cb6059bbbe1c235eacdc40ce146774957,Exact as-of source observation; no liquidity filter applied.,ZPLIB,NON_EQUITY_MARKET,YAPILANDIRILMIŞ ÜRÜNLER VE FON PAZARI,ETF,PASS_BORSA_ISTANBUL_KAP_REFERENCE
bist_active_universe_v1,2026-07-29,,,ZİRAAT PORTFÖY YILDIZ PAZAR TEKNOLOJİ VE İLETİŞİM 10 ENDEKSİ HİSSE SENEDİ YOĞUN BORSA YATIRIM FONU,PAY PİYASASI,YAPILANDIRILMIŞ ÜRÜNLER VE FON PAZARI,ETF,False,False,KAP_MARKETS,KAP_MARKET:4028328c550642950155066367d0001b:33E5FED802B700EAE0530A4A622B2AEA:ZPT10,2026-07-29,https://www.kap.org.tr/tr/Pazarlar,d11300fd4e1abd151e83ef20514fb5626b78d431ceca574575c9f1abd47da5cf,Exact as-of source observation; no liquidity filter applied.,ZPT10,NON_EQUITY_MARKET,YAPILANDIRILMIŞ ÜRÜNLER VE FON PAZARI,ETF,PASS_BORSA_ISTANBUL_KAP_REFERENCE
bist_active_universe_v1,2026-07-29,,,ZİRAAT PORTFÖY BIST 30 ENDEKSİ HİSSE SENEDİ YOĞUN BORSA YATIRIM FONU,PAY PİYASASI,YAPILANDIRILMIŞ ÜRÜNLER VE FON PAZARI,ETF,False,False,KAP_MARKETS,KAP_MARKET:4028328c550642950155066367d0001b:33E5FED802B700EAE0530A4A622B2AEA:ZPX30,2026-07-29,https://www.kap.org.tr/tr/Pazarlar,2263e026196212ae11ba7918efe0ca672355109ccf8c40ad88e8b7ca8066165d,Exact as-of source observation; no liquidity filter applied.,ZPX30,NON_EQUITY_MARKET,YAPILANDIRILMIŞ ÜRÜNLER VE FON PAZARI,ETF,PASS_BORSA_ISTANBUL_KAP_REFERENCE
bist_active_universe_v1,2026-07-29,,,ZİRAAT PORTFÖY RİSK EŞİT BANKA DIŞI 20 ENDEKSİ HİSSE SENEDİ YOĞUN BORSA YATIRIM FONU,PAY PİYASASI,YAPILANDIRILMIŞ ÜRÜNLER VE FON PAZARI,ETF,False,False,KAP_MARKETS,KAP_MARKET:4028328c550642950155066367d0001b:33E5FED802B700EAE0530A4A622B2AEA:ZRE20,2026-07-29,https://www.kap.org.tr/tr/Pazarlar,73bbebf9b8b30c8f3a4ae012dcc448771faa9be5e7137e1ee17f0ca62733d84f,Exact as-of source observation; no liquidity filter applied.,ZRE20,NON_EQUITY_MARKET,YAPILANDIRILMIŞ ÜRÜNLER VE FON PAZARI,ETF,PASS_BORSA_ISTANBUL_KAP_REFERENCE
bist_active_universe_v1,2026-07-29,,,ZİRAAT PORTFÖY BIST SÜRDÜRÜLEBİLİRLİK 25 ENDEKSİ HİSSE SENEDİ YOĞUN BORSA YATIRIM FONU,PAY PİYASASI,YAPILANDIRILMIŞ ÜRÜNLER VE FON PAZARI,ETF,False,False,KAP_MARKETS,KAP_MARKET:4028328c550642950155066367d0001b:33E5FED802B700EAE0530A4A622B2AEA:ZSR25,2026-07-29,https://www.kap.org.tr/tr/Pazarlar,6096bccc74fab51f8ea918ffbac8a7575f12b784efa26b29915b503f8537af51,Exact as-of source observation; no liquidity filter applied.,ZSR25,NON_EQUITY_MARKET,YAPILANDIRILMIŞ ÜRÜNLER VE FON PAZARI,ETF,PASS_BORSA_ISTANBUL_KAP_REFERENCE
bist_active_universe_v1,2026-07-29,,,ZİRAAT PORTFÖY BIST TLREF ENDEKSİ (TL) BORSA YATIRIM FONU,PAY PİYASASI,YAPILANDIRILMIŞ ÜRÜNLER VE FON PAZARI,ETF,False,False,KAP_MARKETS,KAP_MARKET:4028328c550642950155066367d0001b:33E5FED802B700EAE0530A4A622B2AEA:ZTLRF,2026-07-29,https://www.kap.org.tr/tr/Pazarlar,0e9dc657a3ee10172066cc397f2e6a21073ec0044907a5bb30c15b92c2c1e5f0,Exact as-of source observation; no liquidity filter applied.,ZTLRF,NON_EQUITY_MARKET,YAPILANDIRILMIŞ ÜRÜNLER VE FON PAZARI,ETF,PASS_BORSA_ISTANBUL_KAP_REFERENCE
bist_active_universe_v1,2026-07-29,,,ZİRAAT PORTFÖY BIST TLREFK ENDEKSİ KATILIM (TL) BORSA YATIRIM FONU,PAY PİYASASI,YAPILANDIRILMIŞ ÜRÜNLER VE FON PAZARI,ETF,False,False,KAP_MARKETS,KAP_MARKET:4028328c550642950155066367d0001b:33E5FED802B700EAE0530A4A622B2AEA:ZTLRK,2026-07-29,https://www.kap.org.tr/tr/Pazarlar,d6408b3086c131b33e4f438c10797501b73227c0bc1020168f792699ac22a63c,Exact as-of source observation; no liquidity filter applied.,ZTLRK,NON_EQUITY_MARKET,YAPILANDIRILMIŞ ÜRÜNLER VE FON PAZARI,ETF,PASS_BORSA_ISTANBUL_KAP_REFERENCE
bist_active_universe_v1,2026-07-29,,,ZİRAAT PORTFÖY BIST TEMETTÜ 25 ENDEKSİ HİSSE SENEDİ YOĞUN BORSA YATIRIM FONU,PAY PİYASASI,YAPILANDIRILMIŞ ÜRÜNLER VE FON PAZARI,ETF,False,False,KAP_MARKETS,KAP_MARKET:4028328c550642950155066367d0001b:33E5FED802B700EAE0530A4A622B2AEA:ZTM25,2026-07-29,https://www.kap.org.tr/tr/Pazarlar,c1146ac3e3d0cec219ddb36b241dd87fee460461b7b105b893ec63d99a0a6fec,Exact as-of source observation; no liquidity filter applied.,ZTM25,NON_EQUITY_MARKET,YAPILANDIRILMIŞ ÜRÜNLER VE FON PAZARI,ETF,PASS_BORSA_ISTANBUL_KAP_REFERENCE
