current_ticker,candidate_historical_ticker,candidate_reason,possible_transition_date,evidence_status,official_source_name,official_source_reference,official_source_url,review_status,notes
A1CAP,,No official historical ticker transition was present in V1 inputs.,,NO_OFFICIAL_TRANSITION_EVIDENCE,KAP_MARKETS,KAP_MARKET:4028328c550642950155066367d0001b:4028328c6d92933b016e21b838963f42:4028e4a1416e696301416f37201c5f2e:A1CAP,https://www.kap.org.tr/tr/Pazarlar,NO_HISTORICAL_TICKER_FOUND,Collection continues under the current ticker; no alias was inferred.
A1YEN,,No official historical ticker transition was present in V1 inputs.,,NO_OFFICIAL_TRANSITION_EVIDENCE,KAP_MARKETS,KAP_MARKET:4028328c550642950155066367d0001b:33E5FED802CC00EAE0530A4A622B2AEA:8acae2c5794d3d66017a62a693be689d:A1YEN,https://www.kap.org.tr/tr/Pazarlar,NO_HISTORICAL_TICKER_FOUND,Collection continues under the current ticker; no alias was inferred.
AAGYO,,No official historical ticker transition was present in V1 inputs.,,NO_OFFICIAL_TRANSITION_EVIDENCE,KAP_MARKETS,KAP_MARKET:4028328c550642950155066367d0001b:4028328c6d92933b016e21b838963f42:8acae2c49c81f743019d2dfb40633db8:AAGYO,https://www.kap.org.tr/tr/Pazarlar,NO_HISTORICAL_TICKER_FOUND,Collection continues under the current ticker; no alias was inferred.
ACSEL,,No official historical ticker transition was present in V1 inputs.,,NO_OFFICIAL_TRANSITION_EVIDENCE,KAP_MARKETS,KAP_MARKET:4028328c550642950155066367d0001b:33E5FED802CC00EAE0530A4A622B2AEA:4028e4a2420327a4014209c55161144d:ACSEL,https://www.kap.org.tr/tr/Pazarlar,NO_HISTORICAL_TICKER_FOUND,Collection continues under the current ticker; no alias was inferred.
ADEL,,No official historical ticker transition was present in V1 inputs.,,NO_OFFICIAL_TRANSITION_EVIDENCE,KAP_MARKETS,KAP_MARKET:4028328c550642950155066367d0001b:33E5FED802CC00EAE0530A4A622B2AEA:4028e4a240e8d16e0140e8f159dc0033:ADEL,https://www.kap.org.tr/tr/Pazarlar,NO_HISTORICAL_TICKER_FOUND,Collection continues under the current ticker; no alias was inferred.
ADESE,,No official historical ticker transition was present in V1 inputs.,,NO_OFFICIAL_TRANSITION_EVIDENCE,KAP_MARKETS,KAP_MARKET:4028328c550642950155066367d0001b:33E5FED802CC00EAE0530A4A622B2AEA:4028e4a140f2ed720141164431b905a5:ADESE,https://www.kap.org.tr/tr/Pazarlar,NO_HISTORICAL_TICKER_FOUND,Collection continues under the current ticker; no alias was inferred.
ADGYO,,No official historical ticker transition was present in V1 inputs.,,NO_OFFICIAL_TRANSITION_EVIDENCE,KAP_MARKETS,KAP_MARKET:4028328c550642950155066367d0001b:4028328c6d92933b016e21b838963f42:8acae2c586d22c53018a737800f804ae:ADGYO,https://www.kap.org.tr/tr/Pazarlar,NO_HISTORICAL_TICKER_FOUND,Collection continues under the current ticker; no alias was inferred.
AEFES,,No official historical ticker transition was present in V1 inputs.,,NO_OFFICIAL_TRANSITION_EVIDENCE,KAP_MARKETS,KAP_MARKET:4028328c550642950155066367d0001b:4028328c6d92933b016e21b838963f42:4028e4a140e95bea0140ed2fde10009d:AEFES,https://www.kap.org.tr/tr/Pazarlar,NO_HISTORICAL_TICKER_FOUND,Collection continues under the current ticker; no alias was inferred.
AFYON,,No official historical ticker transition was present in V1 inputs.,,NO_OFFICIAL_TRANSITION_EVIDENCE,KAP_MARKETS,KAP_MARKET:4028328c550642950155066367d0001b:33E5FED802CC00EAE0530A4A622B2AEA:4028e4a24158e42401415af83d607fd3:AFYON,https://www.kap.org.tr/tr/Pazarlar,NO_HISTORICAL_TICKER_FOUND,Collection continues under the current ticker; no alias was inferred.
AGESA,,No official historical ticker transition was present in V1 inputs.,,NO_OFFICIAL_TRANSITION_EVIDENCE,KAP_MARKETS,KAP_MARKET:4028328c550642950155066367d0001b:4028328c6d92933b016e21b838963f42:4028e4a140e95bea0140edeb7a54015d:AGESA,https://www.kap.org.tr/tr/Pazarlar,NO_HISTORICAL_TICKER_FOUND,Collection continues under the current ticker; no alias was inferred.
AGHOL,,No official historical ticker transition was present in V1 inputs.,,NO_OFFICIAL_TRANSITION_EVIDENCE,KAP_MARKETS,KAP_MARKET:4028328c550642950155066367d0001b:4028328c6d92933b016e21b838963f42:4028e4a240f2ef4c014101b18dc000f7:AGHOL,https://www.kap.org.tr/tr/Pazarlar,NO_HISTORICAL_TICKER_FOUND,Collection continues under the current ticker; no alias was inferred.
AGROT,,No official historical ticker transition was present in V1 inputs.,,NO_OFFICIAL_TRANSITION_EVIDENCE,KAP_MARKETS,KAP_MARKET:4028328c550642950155066367d0001b:4028328c6d92933b016e21b838963f42:8acae2c48b2fa259018bb9e449415e84:AGROT,https://www.kap.org.tr/tr/Pazarlar,NO_HISTORICAL_TICKER_FOUND,Collection continues under the current ticker; no alias was inferred.
AGYO,,No official historical ticker transition was present in V1 inputs.,,NO_OFFICIAL_TRANSITION_EVIDENCE,KAP_MARKETS,KAP_MARKET:4028328c550642950155066367d0001b:4028328c6d92933b016e21b91b463f54:4028e4a240f2ef4c0141164a06d8043a:AGYO,https://www.kap.org.tr/tr/Pazarlar,NO_HISTORICAL_TICKER_FOUND,Collection continues under the current ticker; no alias was inferred.
AHGAZ,,No official historical ticker transition was present in V1 inputs.,,NO_OFFICIAL_TRANSITION_EVIDENCE,KAP_MARKETS,KAP_MARKET:4028328c550642950155066367d0001b:4028328c6d92933b016e21b838963f42:4028e4a14203278a0142095715f914d0:AHGAZ,https://www.kap.org.tr/tr/Pazarlar,NO_HISTORICAL_TICKER_FOUND,Collection continues under the current ticker; no alias was inferred.
AHSGY,,No official historical ticker transition was present in V1 inputs.,,NO_OFFICIAL_TRANSITION_EVIDENCE,KAP_MARKETS,KAP_MARKET:4028328c550642950155066367d0001b:33E5FED802CC00EAE0530A4A622B2AEA:8acae2c59145e00a01915a44a01d1179:AHSGY,https://www.kap.org.tr/tr/Pazarlar,NO_HISTORICAL_TICKER_FOUND,Collection continues under the current ticker; no alias was inferred.
AKBNK,,No official historical ticker transition was present in V1 inputs.,,NO_OFFICIAL_TRANSITION_EVIDENCE,KAP_MARKETS,KAP_MARKET:4028328c550642950155066367d0001b:4028328c6d92933b016e21b838963f42:4028e4a240e8d1830140e905edcd0006:AKBNK,https://www.kap.org.tr/tr/Pazarlar,NO_HISTORICAL_TICKER_FOUND,Collection continues under the current ticker; no alias was inferred.
AKCNS,,No official historical ticker transition was present in V1 inputs.,,NO_OFFICIAL_TRANSITION_EVIDENCE,KAP_MARKETS,KAP_MARKET:4028328c550642950155066367d0001b:4028328c6d92933b016e21b838963f42:4028e4a140e8cfa00140e92b0c380016:AKCNS,https://www.kap.org.tr/tr/Pazarlar,NO_HISTORICAL_TICKER_FOUND,Collection continues under the current ticker; no alias was inferred.
AKENR,,No official historical ticker transition was present in V1 inputs.,,NO_OFFICIAL_TRANSITION_EVIDENCE,KAP_MARKETS,KAP_MARKET:4028328c550642950155066367d0001b:33E5FED802CC00EAE0530A4A622B2AEA:4028e4a14184e9cf01419bffce0b5a69:AKENR,https://www.kap.org.tr/tr/Pazarlar,NO_HISTORICAL_TICKER_FOUND,Collection continues under the current ticker; no alias was inferred.
AKFGY,,No official historical ticker transition was present in V1 inputs.,,NO_OFFICIAL_TRANSITION_EVIDENCE,KAP_MARKETS,KAP_MARKET:4028328c550642950155066367d0001b:4028328c6d92933b016e21b838963f42:4028e4a141733b56014183c1c6ed426e:AKFGY,https://www.kap.org.tr/tr/Pazarlar,NO_HISTORICAL_TICKER_FOUND,Collection continues under the current ticker; no alias was inferred.
AKFIS,,No official historical ticker transition was present in V1 inputs.,,NO_OFFICIAL_TRANSITION_EVIDENCE,KAP_MARKETS,KAP_MARKET:4028328c550642950155066367d0001b:4028328c6d92933b016e21b838963f42:8acae2c59145e00a0192aedf5db86688:AKFIS,https://www.kap.org.tr/tr/Pazarlar,NO_HISTORICAL_TICKER_FOUND,Collection continues under the current ticker; no alias was inferred.
AKFYE,,No official historical ticker transition was present in V1 inputs.,,NO_OFFICIAL_TRANSITION_EVIDENCE,KAP_MARKETS,KAP_MARKET:4028328c550642950155066367d0001b:4028328c6d92933b016e21b838963f42:8acae2c48304fe9e0186a66e7a9568ea:AKFYE,https://www.kap.org.tr/tr/Pazarlar,NO_HISTORICAL_TICKER_FOUND,Collection continues under the current ticker; no alias was inferred.
AKGRT,,No official historical ticker transition was present in V1 inputs.,,NO_OFFICIAL_TRANSITION_EVIDENCE,KAP_MARKETS,KAP_MARKET:4028328c550642950155066367d0001b:4028328c6d92933b016e21b838963f42:4028e4a140e95be70140ed12e1f4002c:AKGRT,https://www.kap.org.tr/tr/Pazarlar,NO_HISTORICAL_TICKER_FOUND,Collection continues under the current ticker; no alias was inferred.
AKHAN,,No official historical ticker transition was present in V1 inputs.,,NO_OFFICIAL_TRANSITION_EVIDENCE,KAP_MARKETS,KAP_MARKET:4028328c550642950155066367d0001b:33E5FED802CC00EAE0530A4A622B2AEA:8acae2c49b85f8ce019beef9720d5cc5:AKHAN,https://www.kap.org.tr/tr/Pazarlar,NO_HISTORICAL_TICKER_FOUND,Collection continues under the current ticker; no alias was inferred.
AKMGY,,No official historical ticker transition was present in V1 inputs.,,NO_OFFICIAL_TRANSITION_EVIDENCE,KAP_MARKETS,KAP_MARKET:4028328c550642950155066367d0001b:33E5FED802CC00EAE0530A4A622B2AEA:4028e4a240e95dc30140ecc218b30032:AKMGY,https://www.kap.org.tr/tr/Pazarlar,NO_HISTORICAL_TICKER_FOUND,Collection continues under the current ticker; no alias was inferred.
AKSA,,No official historical ticker transition was present in V1 inputs.,,NO_OFFICIAL_TRANSITION_EVIDENCE,KAP_MARKETS,KAP_MARKET:4028328c550642950155066367d0001b:4028328c6d92933b016e21b838963f42:4028e4a240f2ef470141175e189f0453:AKSA,https://www.kap.org.tr/tr/Pazarlar,NO_HISTORICAL_TICKER_FOUND,Collection continues under the current ticker; no alias was inferred.
AKSEN,,No official historical ticker transition was present in V1 inputs.,,NO_OFFICIAL_TRANSITION_EVIDENCE,KAP_MARKETS,KAP_MARKET:4028328c550642950155066367d0001b:4028328c6d92933b016e21b838963f42:4028e4a241733d42014179341a147ddb:AKSEN,https://www.kap.org.tr/tr/Pazarlar,NO_HISTORICAL_TICKER_FOUND,Collection continues under the current ticker; no alias was inferred.
AKSGY,,No official historical ticker transition was present in V1 inputs.,,NO_OFFICIAL_TRANSITION_EVIDENCE,KAP_MARKETS,KAP_MARKET:4028328c550642950155066367d0001b:4028328c6d92933b016e21b838963f42:4028e4a14158e41f01415a865c0e4d13:AKSGY,https://www.kap.org.tr/tr/Pazarlar,NO_HISTORICAL_TICKER_FOUND,Collection continues under the current ticker; no alias was inferred.
AKSUE,,No official historical ticker transition was present in V1 inputs.,,NO_OFFICIAL_TRANSITION_EVIDENCE,KAP_MARKETS,KAP_MARKET:4028328c550642950155066367d0001b:33E5FED802CC00EAE0530A4A622B2AEA:4028e4a140f2ed7201413a20480e0851:AKSUE,https://www.kap.org.tr/tr/Pazarlar,NO_HISTORICAL_TICKER_FOUND,Collection continues under the current ticker; no alias was inferred.
AKYHO,,No official historical ticker transition was present in V1 inputs.,,NO_OFFICIAL_TRANSITION_EVIDENCE,KAP_MARKETS,KAP_MARKET:4028328c550642950155066367d0001b:4028328c6d92933b016e21b91b463f54:4028e4a1415f4d9901416dc64bd161cb:AKYHO,https://www.kap.org.tr/tr/Pazarlar,NO_HISTORICAL_TICKER_FOUND,Collection continues under the current ticker; no alias was inferred.
ALARK,,No official historical ticker transition was present in V1 inputs.,,NO_OFFICIAL_TRANSITION_EVIDENCE,KAP_MARKETS,KAP_MARKET:4028328c550642950155066367d0001b:4028328c6d92933b016e21b838963f42:4028e4a241462fd80141500c738e36be:ALARK,https://www.kap.org.tr/tr/Pazarlar,NO_HISTORICAL_TICKER_FOUND,Collection continues under the current ticker; no alias was inferred.
ALBRK,,No official historical ticker transition was present in V1 inputs.,,NO_OFFICIAL_TRANSITION_EVIDENCE,KAP_MARKETS,KAP_MARKET:4028328c550642950155066367d0001b:4028328c6d92933b016e21b838963f42:4028e4a240f2ef4c014106a1c5ef016d:ALBRK,https://www.kap.org.tr/tr/Pazarlar,NO_HISTORICAL_TICKER_FOUND,Collection continues under the current ticker; no alias was inferred.
ALBTN,,No official historical ticker transition was present in V1 inputs.,,NO_OFFICIAL_TRANSITION_EVIDENCE,KAP_MARKETS,KAP_MARKET:4028328c550642950155066367d0001b:4028328c6d92933b016e21b838963f42:8acae2c49f52d9d8019f6edc29f30cc2:ALBTN,https://www.kap.org.tr/tr/Pazarlar,NO_HISTORICAL_TICKER_FOUND,Collection continues under the current ticker; no alias was inferred.
ALCAR,,No official historical ticker transition was present in V1 inputs.,,NO_OFFICIAL_TRANSITION_EVIDENCE,KAP_MARKETS,KAP_MARKET:4028328c550642950155066367d0001b:33E5FED802CC00EAE0530A4A622B2AEA:4028e4a241558bd9014155e085e305fd:ALCAR,https://www.kap.org.tr/tr/Pazarlar,NO_HISTORICAL_TICKER_FOUND,Collection continues under the current ticker; no alias was inferred.
ALCTL,,No official historical ticker transition was present in V1 inputs.,,NO_OFFICIAL_TRANSITION_EVIDENCE,KAP_MARKETS,KAP_MARKET:4028328c550642950155066367d0001b:33E5FED802CC00EAE0530A4A622B2AEA:4028e4a140f2ed71014110e38acb01b5:ALCTL,https://www.kap.org.tr/tr/Pazarlar,NO_HISTORICAL_TICKER_FOUND,Collection continues under the current ticker; no alias was inferred.
ALFAS,,No official historical ticker transition was present in V1 inputs.,,NO_OFFICIAL_TRANSITION_EVIDENCE,KAP_MARKETS,KAP_MARKET:4028328c550642950155066367d0001b:4028328c6d92933b016e21b838963f42:8acae2c5830502c30183559e2336223e:ALFAS,https://www.kap.org.tr/tr/Pazarlar,NO_HISTORICAL_TICKER_FOUND,Collection continues under the current ticker; no alias was inferred.
ALGYO,,No official historical ticker transition was present in V1 inputs.,,NO_OFFICIAL_TRANSITION_EVIDENCE,KAP_MARKETS,KAP_MARKET:4028328c550642950155066367d0001b:4028328c6d92933b016e21b838963f42:4028e4a241462fd801415005df1c3612:ALGYO,https://www.kap.org.tr/tr/Pazarlar,NO_HISTORICAL_TICKER_FOUND,Collection continues under the current ticker; no alias was inferred.
ALKA,,No official historical ticker transition was present in V1 inputs.,,NO_OFFICIAL_TRANSITION_EVIDENCE,KAP_MARKETS,KAP_MARKET:4028328c550642950155066367d0001b:33E5FED802CC00EAE0530A4A622B2AEA:4028e4a2416e697d01416f39965a5eb5:ALKA,https://www.kap.org.tr/tr/Pazarlar,NO_HISTORICAL_TICKER_FOUND,Collection continues under the current ticker; no alias was inferred.
ALKIM,,No official historical ticker transition was present in V1 inputs.,,NO_OFFICIAL_TRANSITION_EVIDENCE,KAP_MARKETS,KAP_MARKET:4028328c550642950155066367d0001b:33E5FED802CC00EAE0530A4A622B2AEA:4028e4a140e95be70140ed147846003c:ALKIM,https://www.kap.org.tr/tr/Pazarlar,NO_HISTORICAL_TICKER_FOUND,Collection continues under the current ticker; no alias was inferred.
ALKLC,,No official historical ticker transition was present in V1 inputs.,,NO_OFFICIAL_TRANSITION_EVIDENCE,KAP_MARKETS,KAP_MARKET:4028328c550642950155066367d0001b:33E5FED802CC00EAE0530A4A622B2AEA:8acae2c48c3efac0018fabe7ce965048:ALKLC,https://www.kap.org.tr/tr/Pazarlar,NO_HISTORICAL_TICKER_FOUND,Collection continues under the current ticker; no alias was inferred.
ALTNY,,No official historical ticker transition was present in V1 inputs.,,NO_OFFICIAL_TRANSITION_EVIDENCE,KAP_MARKETS,KAP_MARKET:4028328c550642950155066367d0001b:4028328c6d92933b016e21b838963f42:8acae2c58b2fa64e018f3d2d712476e2:ALTNY,https://www.kap.org.tr/tr/Pazarlar,NO_HISTORICAL_TICKER_FOUND,Collection continues under the current ticker; no alias was inferred.
ALVES,,No official historical ticker transition was present in V1 inputs.,,NO_OFFICIAL_TRANSITION_EVIDENCE,KAP_MARKETS,KAP_MARKET:4028328c550642950155066367d0001b:33E5FED802CC00EAE0530A4A622B2AEA:8acae2c58b2fa64e018dc0263b1377aa:ALVES,https://www.kap.org.tr/tr/Pazarlar,NO_HISTORICAL_TICKER_FOUND,Collection continues under the current ticker; no alias was inferred.
ANELE,,No official historical ticker transition was present in V1 inputs.,,NO_OFFICIAL_TRANSITION_EVIDENCE,KAP_MARKETS,KAP_MARKET:4028328c550642950155066367d0001b:33E5FED802CC00EAE0530A4A622B2AEA:4028e4a1416e696301416ecd11a12b86:ANELE,https://www.kap.org.tr/tr/Pazarlar,NO_HISTORICAL_TICKER_FOUND,Collection continues under the current ticker; no alias was inferred.
ANGEN,,No official historical ticker transition was present in V1 inputs.,,NO_OFFICIAL_TRANSITION_EVIDENCE,KAP_MARKETS,KAP_MARKET:4028328c550642950155066367d0001b:33E5FED802CC00EAE0530A4A622B2AEA:8acae2c47afb298b017bed9f037a7185:ANGEN,https://www.kap.org.tr/tr/Pazarlar,NO_HISTORICAL_TICKER_FOUND,Collection continues under the current ticker; no alias was inferred.
ANHYT,,No official historical ticker transition was present in V1 inputs.,,NO_OFFICIAL_TRANSITION_EVIDENCE,KAP_MARKETS,KAP_MARKET:4028328c550642950155066367d0001b:4028328c6d92933b016e21b838963f42:4028e4a140e95be70140ed40cb930098:ANHYT,https://www.kap.org.tr/tr/Pazarlar,NO_HISTORICAL_TICKER_FOUND,Collection continues under the current ticker; no alias was inferred.
ANSGR,,No official historical ticker transition was present in V1 inputs.,,NO_OFFICIAL_TRANSITION_EVIDENCE,KAP_MARKETS,KAP_MARKET:4028328c550642950155066367d0001b:4028328c6d92933b016e21b838963f42:4028e4a140e95bea0140ed21b5c10078:ANSGR,https://www.kap.org.tr/tr/Pazarlar,NO_HISTORICAL_TICKER_FOUND,Collection continues under the current ticker; no alias was inferred.
ARASE,,No official historical ticker transition was present in V1 inputs.,,NO_OFFICIAL_TRANSITION_EVIDENCE,KAP_MARKETS,KAP_MARKET:4028328c550642950155066367d0001b:4028328c6d92933b016e21b838963f42:8acae2c47afb298b017ccb97632144e5:ARASE,https://www.kap.org.tr/tr/Pazarlar,NO_HISTORICAL_TICKER_FOUND,Collection continues under the current ticker; no alias was inferred.
ARCLK,,No official historical ticker transition was present in V1 inputs.,,NO_OFFICIAL_TRANSITION_EVIDENCE,KAP_MARKETS,KAP_MARKET:4028328c550642950155066367d0001b:4028328c6d92933b016e21b838963f42:4028e4a240e95dc90140ed55b43900cf:ARCLK,https://www.kap.org.tr/tr/Pazarlar,NO_HISTORICAL_TICKER_FOUND,Collection continues under the current ticker; no alias was inferred.
ARDYZ,,No official historical ticker transition was present in V1 inputs.,,NO_OFFICIAL_TRANSITION_EVIDENCE,KAP_MARKETS,KAP_MARKET:4028328c550642950155066367d0001b:4028328c6d92933b016e21b838963f42:8acae2c46d7599a6016dde9d93aa2b52:ARDYZ,https://www.kap.org.tr/tr/Pazarlar,NO_HISTORICAL_TICKER_FOUND,Collection continues under the current ticker; no alias was inferred.
ARENA,,No official historical ticker transition was present in V1 inputs.,,NO_OFFICIAL_TRANSITION_EVIDENCE,KAP_MARKETS,KAP_MARKET:4028328c550642950155066367d0001b:33E5FED802CC00EAE0530A4A622B2AEA:4028e4a140e95bea0140ed5af3a000da:ARENA,https://www.kap.org.tr/tr/Pazarlar,NO_HISTORICAL_TICKER_FOUND,Collection continues under the current ticker; no alias was inferred.
ARFYE,,No official historical ticker transition was present in V1 inputs.,,NO_OFFICIAL_TRANSITION_EVIDENCE,KAP_MARKETS,KAP_MARKET:4028328c550642950155066367d0001b:33E5FED802CC00EAE0530A4A622B2AEA:8acae2c4998f24d8019b3576c66b77ad:ARFYE,https://www.kap.org.tr/tr/Pazarlar,NO_HISTORICAL_TICKER_FOUND,Collection continues under the current ticker; no alias was inferred.
ARMGD,,No official historical ticker transition was present in V1 inputs.,,NO_OFFICIAL_TRANSITION_EVIDENCE,KAP_MARKETS,KAP_MARKET:4028328c550642950155066367d0001b:4028328c6d92933b016e21b838963f42:8acae2c59145e00e0193f29ce775161c:ARMGD,https://www.kap.org.tr/tr/Pazarlar,NO_HISTORICAL_TICKER_FOUND,Collection continues under the current ticker; no alias was inferred.
ARSAN,,No official historical ticker transition was present in V1 inputs.,,NO_OFFICIAL_TRANSITION_EVIDENCE,KAP_MARKETS,KAP_MARKET:4028328c550642950155066367d0001b:33E5FED802CC00EAE0530A4A622B2AEA:4028e4a14158e41f01415b1862696142:ARSAN,https://www.kap.org.tr/tr/Pazarlar,NO_HISTORICAL_TICKER_FOUND,Collection continues under the current ticker; no alias was inferred.
ARTMS,,No official historical ticker transition was present in V1 inputs.,,NO_OFFICIAL_TRANSITION_EVIDENCE,KAP_MARKETS,KAP_MARKET:4028328c550642950155066367d0001b:33E5FED802CC00EAE0530A4A622B2AEA:8acae2c48c3efac0018dd4c742665c88:ARTMS,https://www.kap.org.tr/tr/Pazarlar,NO_HISTORICAL_TICKER_FOUND,Collection continues under the current ticker; no alias was inferred.
ARZUM,,No official historical ticker transition was present in V1 inputs.,,NO_OFFICIAL_TRANSITION_EVIDENCE,KAP_MARKETS,KAP_MARKET:4028328c550642950155066367d0001b:33E5FED802CC00EAE0530A4A622B2AEA:4028e4a1415f4d990141600875c531b9:ARZUM,https://www.kap.org.tr/tr/Pazarlar,NO_HISTORICAL_TICKER_FOUND,Collection continues under the current ticker; no alias was inferred.
ASELS,,No official historical ticker transition was present in V1 inputs.,,NO_OFFICIAL_TRANSITION_EVIDENCE,KAP_MARKETS,KAP_MARKET:4028328c550642950155066367d0001b:4028328c6d92933b016e21b838963f42:4028e4a1413b7ef401413bc2251e0047:ASELS,https://www.kap.org.tr/tr/Pazarlar,NO_HISTORICAL_TICKER_FOUND,Collection continues under the current ticker; no alias was inferred.
ASGYO,,No official historical ticker transition was present in V1 inputs.,,NO_OFFICIAL_TRANSITION_EVIDENCE,KAP_MARKETS,KAP_MARKET:4028328c550642950155066367d0001b:4028328c6d92933b016e21b838963f42:8acae2c562329bd1016464c3796e08a0:ASGYO,https://www.kap.org.tr/tr/Pazarlar,NO_HISTORICAL_TICKER_FOUND,Collection continues under the current ticker; no alias was inferred.
ASTOR,,No official historical ticker transition was present in V1 inputs.,,NO_OFFICIAL_TRANSITION_EVIDENCE,KAP_MARKETS,KAP_MARKET:4028328c550642950155066367d0001b:4028328c6d92933b016e21b838963f42:8acae2c562329bd10164405fe6c17996:ASTOR,https://www.kap.org.tr/tr/Pazarlar,NO_HISTORICAL_TICKER_FOUND,Collection continues under the current ticker; no alias was inferred.
ASUZU,,No official historical ticker transition was present in V1 inputs.,,NO_OFFICIAL_TRANSITION_EVIDENCE,KAP_MARKETS,KAP_MARKET:4028328c550642950155066367d0001b:4028328c6d92933b016e21b838963f42:4028e4a140e95be70140ed43c4fe00a9:ASUZU,https://www.kap.org.tr/tr/Pazarlar,NO_HISTORICAL_TICKER_FOUND,Collection continues under the current ticker; no alias was inferred.
ATAGY,,No official historical ticker transition was present in V1 inputs.,,NO_OFFICIAL_TRANSITION_EVIDENCE,KAP_MARKETS,KAP_MARKET:4028328c550642950155066367d0001b:4028328c6d92933b016e21b91b463f54:4028e4a140e95bea0140eddf432a0115:ATAGY,https://www.kap.org.tr/tr/Pazarlar,NO_HISTORICAL_TICKER_FOUND,Collection continues under the current ticker; no alias was inferred.
ATAKP,,No official historical ticker transition was present in V1 inputs.,,NO_OFFICIAL_TRANSITION_EVIDENCE,KAP_MARKETS,KAP_MARKET:4028328c550642950155066367d0001b:4028328c6d92933b016e21b838963f42:8acae2c586d22c53018953500b004578:ATAKP,https://www.kap.org.tr/tr/Pazarlar,NO_HISTORICAL_TICKER_FOUND,Collection continues under the current ticker; no alias was inferred.
ATATP,,No official historical ticker transition was present in V1 inputs.,,NO_OFFICIAL_TRANSITION_EVIDENCE,KAP_MARKETS,KAP_MARKET:4028328c550642950155066367d0001b:4028328c6d92933b016e21b838963f42:8acae2c4794d364801798f781baf0fad:ATATP,https://www.kap.org.tr/tr/Pazarlar,NO_HISTORICAL_TICKER_FOUND,Collection continues under the current ticker; no alias was inferred.
ATATR,,No official historical ticker transition was present in V1 inputs.,,NO_OFFICIAL_TRANSITION_EVIDENCE,KAP_MARKETS,KAP_MARKET:4028328c550642950155066367d0001b:4028328c6d92933b016e21b838963f42:8acae2c59b85fa06019c31d76d8707fb:ATATR,https://www.kap.org.tr/tr/Pazarlar,NO_HISTORICAL_TICKER_FOUND,Collection continues under the current ticker; no alias was inferred.
ATEKS,,No official historical ticker transition was present in V1 inputs.,,NO_OFFICIAL_TRANSITION_EVIDENCE,KAP_MARKETS,KAP_MARKET:4028328c550642950155066367d0001b:33E5FED802BE00EAE0530A4A622B2AEA:4028e4a140f2ed7101412c13ba8303a8:ATEKS,https://www.kap.org.tr/tr/Pazarlar,NO_HISTORICAL_TICKER_FOUND,Collection continues under the current ticker; no alias was inferred.
ATLAS,,No official historical ticker transition was present in V1 inputs.,,NO_OFFICIAL_TRANSITION_EVIDENCE,KAP_MARKETS,KAP_MARKET:4028328c550642950155066367d0001b:4028328c6d92933b016e21b91b463f54:4028e4a240f2ef4c0141029fff920169:ATLAS,https://www.kap.org.tr/tr/Pazarlar,NO_HISTORICAL_TICKER_FOUND,Collection continues under the current ticker; no alias was inferred.
ATSYH,,No official historical ticker transition was present in V1 inputs.,,NO_OFFICIAL_TRANSITION_EVIDENCE,KAP_MARKETS,KAP_MARKET:4028328c550642950155066367d0001b:33E5FED802BE00EAE0530A4A622B2AEA:4028e4a241558bd9014155dde60a05e7:ATSYH,https://www.kap.org.tr/tr/Pazarlar,NO_HISTORICAL_TICKER_FOUND,Collection continues under the current ticker; no alias was inferred.
AVGYO,,No official historical ticker transition was present in V1 inputs.,,NO_OFFICIAL_TRANSITION_EVIDENCE,KAP_MARKETS,KAP_MARKET:4028328c550642950155066367d0001b:33E5FED802CC00EAE0530A4A622B2AEA:4028e4a240f2ef4c0141029cf7680164:AVGYO,https://www.kap.org.tr/tr/Pazarlar,NO_HISTORICAL_TICKER_FOUND,Collection continues under the current ticker; no alias was inferred.
AVHOL,,No official historical ticker transition was present in V1 inputs.,,NO_OFFICIAL_TRANSITION_EVIDENCE,KAP_MARKETS,KAP_MARKET:4028328c550642950155066367d0001b:33E5FED802CC00EAE0530A4A622B2AEA:1DE05DAA81E9073AE0530A4A622A2EBD:AVHOL,https://www.kap.org.tr/tr/Pazarlar,NO_HISTORICAL_TICKER_FOUND,Collection continues under the current ticker; no alias was inferred.
AVOD,,No official historical ticker transition was present in V1 inputs.,,NO_OFFICIAL_TRANSITION_EVIDENCE,KAP_MARKETS,KAP_MARKET:4028328c550642950155066367d0001b:33E5FED802CC00EAE0530A4A622B2AEA:4028e4a140f2ed72014107916fed023d:AVOD,https://www.kap.org.tr/tr/Pazarlar,NO_HISTORICAL_TICKER_FOUND,Collection continues under the current ticker; no alias was inferred.
AVPGY,,No official historical ticker transition was present in V1 inputs.,,NO_OFFICIAL_TRANSITION_EVIDENCE,KAP_MARKETS,KAP_MARKET:4028328c550642950155066367d0001b:4028328c6d92933b016e21b838963f42:8acae2c48c3efabf018c4824da4a0623:AVPGY,https://www.kap.org.tr/tr/Pazarlar,NO_HISTORICAL_TICKER_FOUND,Collection continues under the current ticker; no alias was inferred.
AVTUR,,No official historical ticker transition was present in V1 inputs.,,NO_OFFICIAL_TRANSITION_EVIDENCE,KAP_MARKETS,KAP_MARKET:4028328c550642950155066367d0001b:4028328c6d92933b016e21b91b463f54:4028e4a241733d42014182b942a247e4:AVTUR,https://www.kap.org.tr/tr/Pazarlar,NO_HISTORICAL_TICKER_FOUND,Collection continues under the current ticker; no alias was inferred.
AYCES,,No official historical ticker transition was present in V1 inputs.,,NO_OFFICIAL_TRANSITION_EVIDENCE,KAP_MARKETS,KAP_MARKET:4028328c550642950155066367d0001b:33E5FED802CC00EAE0530A4A622B2AEA:4028e4a240e95dc90140ed1bc88e0071:AYCES,https://www.kap.org.tr/tr/Pazarlar,NO_HISTORICAL_TICKER_FOUND,Collection continues under the current ticker; no alias was inferred.
AYDEM,,No official historical ticker transition was present in V1 inputs.,,NO_OFFICIAL_TRANSITION_EVIDENCE,KAP_MARKETS,KAP_MARKET:4028328c550642950155066367d0001b:4028328c6d92933b016e21b838963f42:8acae2c4782a4d580178b56e7c5c4404:AYDEM,https://www.kap.org.tr/tr/Pazarlar,NO_HISTORICAL_TICKER_FOUND,Collection continues under the current ticker; no alias was inferred.
AYEN,,No official historical ticker transition was present in V1 inputs.,,NO_OFFICIAL_TRANSITION_EVIDENCE,KAP_MARKETS,KAP_MARKET:4028328c550642950155066367d0001b:33E5FED802CC00EAE0530A4A622B2AEA:4028e4a240e95dc90140edf072ef0165:AYEN,https://www.kap.org.tr/tr/Pazarlar,NO_HISTORICAL_TICKER_FOUND,Collection continues under the current ticker; no alias was inferred.
AYES,,No official historical ticker transition was present in V1 inputs.,,NO_OFFICIAL_TRANSITION_EVIDENCE,KAP_MARKETS,KAP_MARKET:4028328c550642950155066367d0001b:33E5FED802B000EAE0530A4A622B2AEA:4028e4a1416f846101416f85f6730028:AYES,https://www.kap.org.tr/tr/Pazarlar,NO_HISTORICAL_TICKER_FOUND,Collection continues under the current ticker; no alias was inferred.
AYGAZ,,No official historical ticker transition was present in V1 inputs.,,NO_OFFICIAL_TRANSITION_EVIDENCE,KAP_MARKETS,KAP_MARKET:4028328c550642950155066367d0001b:4028328c6d92933b016e21b838963f42:4028e4a140e95be70140ee03bd6000e0:AYGAZ,https://www.kap.org.tr/tr/Pazarlar,NO_HISTORICAL_TICKER_FOUND,Collection continues under the current ticker; no alias was inferred.
AZTEK,,No official historical ticker transition was present in V1 inputs.,,NO_OFFICIAL_TRANSITION_EVIDENCE,KAP_MARKETS,KAP_MARKET:4028328c550642950155066367d0001b:33E5FED802CC00EAE0530A4A622B2AEA:8acae2c4819d0efe01826e96dd896e0e:AZTEK,https://www.kap.org.tr/tr/Pazarlar,NO_HISTORICAL_TICKER_FOUND,Collection continues under the current ticker; no alias was inferred.
BAGFS,,No official historical ticker transition was present in V1 inputs.,,NO_OFFICIAL_TRANSITION_EVIDENCE,KAP_MARKETS,KAP_MARKET:4028328c550642950155066367d0001b:33E5FED802CC00EAE0530A4A622B2AEA:4028e4a240f2ef4701410810f53601c4:BAGFS,https://www.kap.org.tr/tr/Pazarlar,NO_HISTORICAL_TICKER_FOUND,Collection continues under the current ticker; no alias was inferred.
BAHKM,,No official historical ticker transition was present in V1 inputs.,,NO_OFFICIAL_TRANSITION_EVIDENCE,KAP_MARKETS,KAP_MARKET:4028328c550642950155066367d0001b:33E5FED802CC00EAE0530A4A622B2AEA:8acae2c48c3efabf0191137b972152e7:BAHKM,https://www.kap.org.tr/tr/Pazarlar,NO_HISTORICAL_TICKER_FOUND,Collection continues under the current ticker; no alias was inferred.
BAKAB,,No official historical ticker transition was present in V1 inputs.,,NO_OFFICIAL_TRANSITION_EVIDENCE,KAP_MARKETS,KAP_MARKET:4028328c550642950155066367d0001b:33E5FED802CC00EAE0530A4A622B2AEA:4028e4a1415f4d9b01415fdc75f12f64:BAKAB,https://www.kap.org.tr/tr/Pazarlar,NO_HISTORICAL_TICKER_FOUND,Collection continues under the current ticker; no alias was inferred.
BALAT,,No official historical ticker transition was present in V1 inputs.,,NO_OFFICIAL_TRANSITION_EVIDENCE,KAP_MARKETS,KAP_MARKET:4028328c550642950155066367d0001b:33E5FED802B000EAE0530A4A622B2AEA:4028e4a1416e696501416ee5a3d939ad:BALAT,https://www.kap.org.tr/tr/Pazarlar,NO_HISTORICAL_TICKER_FOUND,Collection continues under the current ticker; no alias was inferred.
BALSU,,No official historical ticker transition was present in V1 inputs.,,NO_OFFICIAL_TRANSITION_EVIDENCE,KAP_MARKETS,KAP_MARKET:4028328c550642950155066367d0001b:4028328c6d92933b016e21b838963f42:8acae2c580e9103101811f4715cc1821:BALSU,https://www.kap.org.tr/tr/Pazarlar,NO_HISTORICAL_TICKER_FOUND,Collection continues under the current ticker; no alias was inferred.
BANVT,,No official historical ticker transition was present in V1 inputs.,,NO_OFFICIAL_TRANSITION_EVIDENCE,KAP_MARKETS,KAP_MARKET:4028328c550642950155066367d0001b:33E5FED802CC00EAE0530A4A622B2AEA:4028e4a1415f4d990141601902e33250:BANVT,https://www.kap.org.tr/tr/Pazarlar,NO_HISTORICAL_TICKER_FOUND,Collection continues under the current ticker; no alias was inferred.
BARMA,,No official historical ticker transition was present in V1 inputs.,,NO_OFFICIAL_TRANSITION_EVIDENCE,KAP_MARKETS,KAP_MARKET:4028328c550642950155066367d0001b:4028328c6d92933b016e21b838963f42:8acae2c47f7cb491017fb5f0afdf174a:BARMA,https://www.kap.org.tr/tr/Pazarlar,NO_HISTORICAL_TICKER_FOUND,Collection continues under the current ticker; no alias was inferred.
BASCM,,No official historical ticker transition was present in V1 inputs.,,NO_OFFICIAL_TRANSITION_EVIDENCE,KAP_MARKETS,KAP_MARKET:4028328c550642950155066367d0001b:33E5FED802B000EAE0530A4A622B2AEA:4028e4a140f2ed7201413a4092720892:BASCM,https://www.kap.org.tr/tr/Pazarlar,NO_HISTORICAL_TICKER_FOUND,Collection continues under the current ticker; no alias was inferred.
BASGZ,,No official historical ticker transition was present in V1 inputs.,,NO_OFFICIAL_TRANSITION_EVIDENCE,KAP_MARKETS,KAP_MARKET:4028328c550642950155066367d0001b:4028328c6d92933b016e21b838963f42:4028e4a240f2ef4701413a3410a605ce:BASGZ,https://www.kap.org.tr/tr/Pazarlar,NO_HISTORICAL_TICKER_FOUND,Collection continues under the current ticker; no alias was inferred.
BAYRK,,No official historical ticker transition was present in V1 inputs.,,NO_OFFICIAL_TRANSITION_EVIDENCE,KAP_MARKETS,KAP_MARKET:4028328c550642950155066367d0001b:33E5FED802CC00EAE0530A4A622B2AEA:8acae2c56faf888c0170a0e2d88d77c3:BAYRK,https://www.kap.org.tr/tr/Pazarlar,NO_HISTORICAL_TICKER_FOUND,Collection continues under the current ticker; no alias was inferred.
BEGYO,,No official historical ticker transition was present in V1 inputs.,,NO_OFFICIAL_TRANSITION_EVIDENCE,KAP_MARKETS,KAP_MARKET:4028328c550642950155066367d0001b:33E5FED802CC00EAE0530A4A622B2AEA:8acae2c48b2fa25a018c01ae7c3973de:BEGYO,https://www.kap.org.tr/tr/Pazarlar,NO_HISTORICAL_TICKER_FOUND,Collection continues under the current ticker; no alias was inferred.
BERA,,No official historical ticker transition was present in V1 inputs.,,NO_OFFICIAL_TRANSITION_EVIDENCE,KAP_MARKETS,KAP_MARKET:4028328c550642950155066367d0001b:4028328c6d92933b016e21b838963f42:4028e4a241733d42014174023cb0192b:BERA,https://www.kap.org.tr/tr/Pazarlar,NO_HISTORICAL_TICKER_FOUND,Collection continues under the current ticker; no alias was inferred.
BESLR,,No official historical ticker transition was present in V1 inputs.,,NO_OFFICIAL_TRANSITION_EVIDENCE,KAP_MARKETS,KAP_MARKET:4028328c550642950155066367d0001b:4028328c6d92933b016e21b838963f42:4028e4a1416e696301416ec5743e289d:BESLR,https://www.kap.org.tr/tr/Pazarlar,NO_HISTORICAL_TICKER_FOUND,Collection continues under the current ticker; no alias was inferred.
BESTE,,No official historical ticker transition was present in V1 inputs.,,NO_OFFICIAL_TRANSITION_EVIDENCE,KAP_MARKETS,KAP_MARKET:4028328c550642950155066367d0001b:33E5FED802CC00EAE0530A4A622B2AEA:8acae2c49b85f8ce019c0d9c2cc26b56:BESTE,https://www.kap.org.tr/tr/Pazarlar,NO_HISTORICAL_TICKER_FOUND,Collection continues under the current ticker; no alias was inferred.
BETAE,,No official historical ticker transition was present in V1 inputs.,,NO_OFFICIAL_TRANSITION_EVIDENCE,KAP_MARKETS,KAP_MARKET:4028328c550642950155066367d0001b:4028328c6d92933b016e21b838963f42:8acae2c5794d3d6a01797a0d1ebd088c:BETAE,https://www.kap.org.tr/tr/Pazarlar,NO_HISTORICAL_TICKER_FOUND,Collection continues under the current ticker; no alias was inferred.
BEYAZ,,No official historical ticker transition was present in V1 inputs.,,NO_OFFICIAL_TRANSITION_EVIDENCE,KAP_MARKETS,KAP_MARKET:4028328c550642950155066367d0001b:33E5FED802CC00EAE0530A4A622B2AEA:4028e4a141558bdd01415619e62c0577:BEYAZ,https://www.kap.org.tr/tr/Pazarlar,NO_HISTORICAL_TICKER_FOUND,Collection continues under the current ticker; no alias was inferred.
BFREN,,No official historical ticker transition was present in V1 inputs.,,NO_OFFICIAL_TRANSITION_EVIDENCE,KAP_MARKETS,KAP_MARKET:4028328c550642950155066367d0001b:4028328c6d92933b016e21b838963f42:4028e4a140e95bea0140ee30fb6001b9:BFREN,https://www.kap.org.tr/tr/Pazarlar,NO_HISTORICAL_TICKER_FOUND,Collection continues under the current ticker; no alias was inferred.
BIENY,,No official historical ticker transition was present in V1 inputs.,,NO_OFFICIAL_TRANSITION_EVIDENCE,KAP_MARKETS,KAP_MARKET:4028328c550642950155066367d0001b:4028328c6d92933b016e21b838963f42:4028e4a24a5df6e7014ba1e60b464173:BIENY,https://www.kap.org.tr/tr/Pazarlar,NO_HISTORICAL_TICKER_FOUND,Collection continues under the current ticker; no alias was inferred.
BIGCH,,No official historical ticker transition was present in V1 inputs.,,NO_OFFICIAL_TRANSITION_EVIDENCE,KAP_MARKETS,KAP_MARKET:4028328c550642950155066367d0001b:33E5FED802CC00EAE0530A4A622B2AEA:8acae2c486d22a3a0187c6822e7324e6:BIGCH,https://www.kap.org.tr/tr/Pazarlar,NO_HISTORICAL_TICKER_FOUND,Collection continues under the current ticker; no alias was inferred.
BIGEN,,No official historical ticker transition was present in V1 inputs.,,NO_OFFICIAL_TRANSITION_EVIDENCE,KAP_MARKETS,KAP_MARKET:4028328c550642950155066367d0001b:4028328c6d92933b016e21b838963f42:8acae2c49145e00b01949842f70b1a46:BIGEN,https://www.kap.org.tr/tr/Pazarlar,NO_HISTORICAL_TICKER_FOUND,Collection continues under the current ticker; no alias was inferred.
BIGTK,,No official historical ticker transition was present in V1 inputs.,,NO_OFFICIAL_TRANSITION_EVIDENCE,KAP_MARKETS,KAP_MARKET:4028328c550642950155066367d0001b:33E5FED802CC00EAE0530A4A622B2AEA:4028e4a240ee866c0140f2066a0400b8:BIGTK,https://www.kap.org.tr/tr/Pazarlar,NO_HISTORICAL_TICKER_FOUND,Collection continues under the current ticker; no alias was inferred.
BIMAS,,No official historical ticker transition was present in V1 inputs.,,NO_OFFICIAL_TRANSITION_EVIDENCE,KAP_MARKETS,KAP_MARKET:4028328c550642950155066367d0001b:4028328c6d92933b016e21b838963f42:4028e4a140e95be70140ee1b7b030119:BIMAS,https://www.kap.org.tr/tr/Pazarlar,NO_HISTORICAL_TICKER_FOUND,Collection continues under the current ticker; no alias was inferred.
BINBN,,No official historical ticker transition was present in V1 inputs.,,NO_OFFICIAL_TRANSITION_EVIDENCE,KAP_MARKETS,KAP_MARKET:4028328c550642950155066367d0001b:4028328c6d92933b016e21b838963f42:8acae2c49145e00b01922d34585110b6:BINBN,https://www.kap.org.tr/tr/Pazarlar,NO_HISTORICAL_TICKER_FOUND,Collection continues under the current ticker; no alias was inferred.
BINHO,,No official historical ticker transition was present in V1 inputs.,,NO_OFFICIAL_TRANSITION_EVIDENCE,KAP_MARKETS,KAP_MARKET:4028328c550642950155066367d0001b:4028328c6d92933b016e21b838963f42:8acae2c48b2fa25a018bba0a5034596d:BINHO,https://www.kap.org.tr/tr/Pazarlar,NO_HISTORICAL_TICKER_FOUND,Collection continues under the current ticker; no alias was inferred.
BIOEN,,No official historical ticker transition was present in V1 inputs.,,NO_OFFICIAL_TRANSITION_EVIDENCE,KAP_MARKETS,KAP_MARKET:4028328c550642950155066367d0001b:4028328c6d92933b016e21b838963f42:8acae2c4780814e2017826e1e07318d8:BIOEN,https://www.kap.org.tr/tr/Pazarlar,NO_HISTORICAL_TICKER_FOUND,Collection continues under the current ticker; no alias was inferred.
BIZIM,,No official historical ticker transition was present in V1 inputs.,,NO_OFFICIAL_TRANSITION_EVIDENCE,KAP_MARKETS,KAP_MARKET:4028328c550642950155066367d0001b:33E5FED802CC00EAE0530A4A622B2AEA:4028e4a1416e696301416ec4471d280d:BIZIM,https://www.kap.org.tr/tr/Pazarlar,NO_HISTORICAL_TICKER_FOUND,Collection continues under the current ticker; no alias was inferred.
BJKAS,,No official historical ticker transition was present in V1 inputs.,,NO_OFFICIAL_TRANSITION_EVIDENCE,KAP_MARKETS,KAP_MARKET:4028328c550642950155066367d0001b:4028328c6d92933b016e21b838963f42:4028e4a241a25fcb0141a276cda10189:BJKAS,https://www.kap.org.tr/tr/Pazarlar,NO_HISTORICAL_TICKER_FOUND,Collection continues under the current ticker; no alias was inferred.
BLCYT,,No official historical ticker transition was present in V1 inputs.,,NO_OFFICIAL_TRANSITION_EVIDENCE,KAP_MARKETS,KAP_MARKET:4028328c550642950155066367d0001b:33E5FED802CC00EAE0530A4A622B2AEA:4028e4a2413b80d1014144caf7b90037:BLCYT,https://www.kap.org.tr/tr/Pazarlar,NO_HISTORICAL_TICKER_FOUND,Collection continues under the current ticker; no alias was inferred.
BLUME,,No official historical ticker transition was present in V1 inputs.,,NO_OFFICIAL_TRANSITION_EVIDENCE,KAP_MARKETS,KAP_MARKET:4028328c550642950155066367d0001b:33E5FED802CC00EAE0530A4A622B2AEA:4028e4a240f2ef4c0140f2f8fdcd0002:BLUME,https://www.kap.org.tr/tr/Pazarlar,NO_HISTORICAL_TICKER_FOUND,Collection continues under the current ticker; no alias was inferred.
BMSCH,,No official historical ticker transition was present in V1 inputs.,,NO_OFFICIAL_TRANSITION_EVIDENCE,KAP_MARKETS,KAP_MARKET:4028328c550642950155066367d0001b:33E5FED802CC00EAE0530A4A622B2AEA:8acae2c56eccfc0c016f18f5b1e21747:BMSCH,https://www.kap.org.tr/tr/Pazarlar,NO_HISTORICAL_TICKER_FOUND,Collection continues under the current ticker; no alias was inferred.
BMSTL,,No official historical ticker transition was present in V1 inputs.,,NO_OFFICIAL_TRANSITION_EVIDENCE,KAP_MARKETS,KAP_MARKET:4028328c550642950155066367d0001b:33E5FED802CC00EAE0530A4A622B2AEA:8acae2c47f7cb49201802bda6cbf6b77:BMSTL,https://www.kap.org.tr/tr/Pazarlar,NO_HISTORICAL_TICKER_FOUND,Collection continues under the current ticker; no alias was inferred.
BNTAS,,No official historical ticker transition was present in V1 inputs.,,NO_OFFICIAL_TRANSITION_EVIDENCE,KAP_MARKETS,KAP_MARKET:4028328c550642950155066367d0001b:33E5FED802CC00EAE0530A4A622B2AEA:402821824da3aa9b014ef2c4cda22947:BNTAS,https://www.kap.org.tr/tr/Pazarlar,NO_HISTORICAL_TICKER_FOUND,Collection continues under the current ticker; no alias was inferred.
BOBET,,No official historical ticker transition was present in V1 inputs.,,NO_OFFICIAL_TRANSITION_EVIDENCE,KAP_MARKETS,KAP_MARKET:4028328c550642950155066367d0001b:4028328c6d92933b016e21b838963f42:8acae2c4782a4d560178d45481dc5948:BOBET,https://www.kap.org.tr/tr/Pazarlar,NO_HISTORICAL_TICKER_FOUND,Collection continues under the current ticker; no alias was inferred.
BORLS,,No official historical ticker transition was present in V1 inputs.,,NO_OFFICIAL_TRANSITION_EVIDENCE,KAP_MARKETS,KAP_MARKET:4028328c550642950155066367d0001b:4028328c6d92933b016e21b838963f42:8acae2c486d22a3a018b03b5cfbe29b8:BORLS,https://www.kap.org.tr/tr/Pazarlar,NO_HISTORICAL_TICKER_FOUND,Collection continues under the current ticker; no alias was inferred.
BORSK,,No official historical ticker transition was present in V1 inputs.,,NO_OFFICIAL_TRANSITION_EVIDENCE,KAP_MARKETS,KAP_MARKET:4028328c550642950155066367d0001b:33E5FED802CC00EAE0530A4A622B2AEA:8acae2c58b2fa64e018d63bcd2684e71:BORSK,https://www.kap.org.tr/tr/Pazarlar,NO_HISTORICAL_TICKER_FOUND,Collection continues under the current ticker; no alias was inferred.
BOSSA,,No official historical ticker transition was present in V1 inputs.,,NO_OFFICIAL_TRANSITION_EVIDENCE,KAP_MARKETS,KAP_MARKET:4028328c550642950155066367d0001b:33E5FED802CC00EAE0530A4A622B2AEA:4028e4a1415f4d9b014160053ed13d39:BOSSA,https://www.kap.org.tr/tr/Pazarlar,NO_HISTORICAL_TICKER_FOUND,Collection continues under the current ticker; no alias was inferred.
BRISA,,No official historical ticker transition was present in V1 inputs.,,NO_OFFICIAL_TRANSITION_EVIDENCE,KAP_MARKETS,KAP_MARKET:4028328c550642950155066367d0001b:4028328c6d92933b016e21b838963f42:4028e4a140e95bea0140ee33bff201cd:BRISA,https://www.kap.org.tr/tr/Pazarlar,NO_HISTORICAL_TICKER_FOUND,Collection continues under the current ticker; no alias was inferred.
BRKO,,No official historical ticker transition was present in V1 inputs.,,NO_OFFICIAL_TRANSITION_EVIDENCE,KAP_MARKETS,KAP_MARKET:4028328c550642950155066367d0001b:33E5FED802BE00EAE0530A4A622B2AEA:4028e4a240e95dc90140ee21c40601aa:BRKO,https://www.kap.org.tr/tr/Pazarlar,NO_HISTORICAL_TICKER_FOUND,Collection continues under the current ticker; no alias was inferred.
BRKSN,,No official historical ticker transition was present in V1 inputs.,,NO_OFFICIAL_TRANSITION_EVIDENCE,KAP_MARKETS,KAP_MARKET:4028328c550642950155066367d0001b:4028328c6d92933b016e21b91b463f54:4028e4a1413b7ef4014144cf3f7b0075:BRKSN,https://www.kap.org.tr/tr/Pazarlar,NO_HISTORICAL_TICKER_FOUND,Collection continues under the current ticker; no alias was inferred.
BRKVY,,No official historical ticker transition was present in V1 inputs.,,NO_OFFICIAL_TRANSITION_EVIDENCE,KAP_MARKETS,KAP_MARKET:4028328c550642950155066367d0001b:33E5FED802CC00EAE0530A4A622B2AEA:8acae2c562329bd10162b9ff7a6b53d6:BRKVY,https://www.kap.org.tr/tr/Pazarlar,NO_HISTORICAL_TICKER_FOUND,Collection continues under the current ticker; no alias was inferred.
BRLSM,,No official historical ticker transition was present in V1 inputs.,,NO_OFFICIAL_TRANSITION_EVIDENCE,KAP_MARKETS,KAP_MARKET:4028328c550642950155066367d0001b:33E5FED802CC00EAE0530A4A622B2AEA:8acae2c4794d3648017aa01a43690c1f:BRLSM,https://www.kap.org.tr/tr/Pazarlar,NO_HISTORICAL_TICKER_FOUND,Collection continues under the current ticker; no alias was inferred.
BRMEN,,No official historical ticker transition was present in V1 inputs.,,NO_OFFICIAL_TRANSITION_EVIDENCE,KAP_MARKETS,KAP_MARKET:4028328c550642950155066367d0001b:33E5FED802BE00EAE0530A4A622B2AEA:4028e4a240e95dc90140ee243b5b01ba:BRMEN,https://www.kap.org.tr/tr/Pazarlar,NO_HISTORICAL_TICKER_FOUND,Collection continues under the current ticker; no alias was inferred.
BRSAN,,No official historical ticker transition was present in V1 inputs.,,NO_OFFICIAL_TRANSITION_EVIDENCE,KAP_MARKETS,KAP_MARKET:4028328c550642950155066367d0001b:4028328c6d92933b016e21b838963f42:4028e4a140f2ed7201412ac9ca5d06e6:BRSAN,https://www.kap.org.tr/tr/Pazarlar,NO_HISTORICAL_TICKER_FOUND,Collection continues under the current ticker; no alias was inferred.
BRYAT,,No official historical ticker transition was present in V1 inputs.,,NO_OFFICIAL_TRANSITION_EVIDENCE,KAP_MARKETS,KAP_MARKET:4028328c550642950155066367d0001b:4028328c6d92933b016e21b838963f42:4028e4a1415f4d9b0141603cd3904103:BRYAT,https://www.kap.org.tr/tr/Pazarlar,NO_HISTORICAL_TICKER_FOUND,Collection continues under the current ticker; no alias was inferred.
BSOKE,,No official historical ticker transition was present in V1 inputs.,,NO_OFFICIAL_TRANSITION_EVIDENCE,KAP_MARKETS,KAP_MARKET:4028328c550642950155066367d0001b:4028328c6d92933b016e21b838963f42:4028e4a24158e42401415920fc3308c5:BSOKE,https://www.kap.org.tr/tr/Pazarlar,NO_HISTORICAL_TICKER_FOUND,Collection continues under the current ticker; no alias was inferred.
BTCIM,,No official historical ticker transition was present in V1 inputs.,,NO_OFFICIAL_TRANSITION_EVIDENCE,KAP_MARKETS,KAP_MARKET:4028328c550642950155066367d0001b:4028328c6d92933b016e21b838963f42:4028e4a140e95be70140ee07044700eb:BTCIM,https://www.kap.org.tr/tr/Pazarlar,NO_HISTORICAL_TICKER_FOUND,Collection continues under the current ticker; no alias was inferred.
BUCIM,,No official historical ticker transition was present in V1 inputs.,,NO_OFFICIAL_TRANSITION_EVIDENCE,KAP_MARKETS,KAP_MARKET:4028328c550642950155066367d0001b:4028328c6d92933b016e21b838963f42:4028e4a140ee35c00140ee41a5e4000f:BUCIM,https://www.kap.org.tr/tr/Pazarlar,NO_HISTORICAL_TICKER_FOUND,Collection continues under the current ticker; no alias was inferred.
BULGS,,No official historical ticker transition was present in V1 inputs.,,NO_OFFICIAL_TRANSITION_EVIDENCE,KAP_MARKETS,KAP_MARKET:4028328c550642950155066367d0001b:33E5FED802CC00EAE0530A4A622B2AEA:8acae2c47afb298b017ceaa8534b5036:BULGS,https://www.kap.org.tr/tr/Pazarlar,NO_HISTORICAL_TICKER_FOUND,Collection continues under the current ticker; no alias was inferred.
BURCE,,No official historical ticker transition was present in V1 inputs.,,NO_OFFICIAL_TRANSITION_EVIDENCE,KAP_MARKETS,KAP_MARKET:4028328c550642950155066367d0001b:33E5FED802CC00EAE0530A4A622B2AEA:4028e4a14158e41e01415b2636586ca7:BURCE,https://www.kap.org.tr/tr/Pazarlar,NO_HISTORICAL_TICKER_FOUND,Collection continues under the current ticker; no alias was inferred.
BURVA,,No official historical ticker transition was present in V1 inputs.,,NO_OFFICIAL_TRANSITION_EVIDENCE,KAP_MARKETS,KAP_MARKET:4028328c550642950155066367d0001b:4028328c6d92933b016e21b91b463f54:4028e4a14158e41e01415b2789266cb6:BURVA,https://www.kap.org.tr/tr/Pazarlar,NO_HISTORICAL_TICKER_FOUND,Collection continues under the current ticker; no alias was inferred.
BVSAN,,No official historical ticker transition was present in V1 inputs.,,NO_OFFICIAL_TRANSITION_EVIDENCE,KAP_MARKETS,KAP_MARKET:4028328c550642950155066367d0001b:33E5FED802CC00EAE0530A4A622B2AEA:8acae2c5830502c30185dea8694c5722:BVSAN,https://www.kap.org.tr/tr/Pazarlar,NO_HISTORICAL_TICKER_FOUND,Collection continues under the current ticker; no alias was inferred.
BYDNR,,No official historical ticker transition was present in V1 inputs.,,NO_OFFICIAL_TRANSITION_EVIDENCE,KAP_MARKETS,KAP_MARKET:4028328c550642950155066367d0001b:33E5FED802CC00EAE0530A4A622B2AEA:8acae2c586d22c510189de64baa92725:BYDNR,https://www.kap.org.tr/tr/Pazarlar,NO_HISTORICAL_TICKER_FOUND,Collection continues under the current ticker; no alias was inferred.
CANTE,,No official historical ticker transition was present in V1 inputs.,,NO_OFFICIAL_TRANSITION_EVIDENCE,KAP_MARKETS,KAP_MARKET:4028328c550642950155066367d0001b:4028328c6d92933b016e21b838963f42:8acae2c578080f31017811f4dca6032d:CANTE,https://www.kap.org.tr/tr/Pazarlar,NO_HISTORICAL_TICKER_FOUND,Collection continues under the current ticker; no alias was inferred.
CASA,,No official historical ticker transition was present in V1 inputs.,,NO_OFFICIAL_TRANSITION_EVIDENCE,KAP_MARKETS,KAP_MARKET:4028328c550642950155066367d0001b:33E5FED802BE00EAE0530A4A622B2AEA:4028e4a240f2ef4c01413acf8cda06cc:CASA,https://www.kap.org.tr/tr/Pazarlar,NO_HISTORICAL_TICKER_FOUND,Collection continues under the current ticker; no alias was inferred.
CATES,,No official historical ticker transition was present in V1 inputs.,,NO_OFFICIAL_TRANSITION_EVIDENCE,KAP_MARKETS,KAP_MARKET:4028328c550642950155066367d0001b:33E5FED802CC00EAE0530A4A622B2AEA:8acae2c58b2fa64e018bfaefef6b6fcd:CATES,https://www.kap.org.tr/tr/Pazarlar,NO_HISTORICAL_TICKER_FOUND,Collection continues under the current ticker; no alias was inferred.
CCOLA,,No official historical ticker transition was present in V1 inputs.,,NO_OFFICIAL_TRANSITION_EVIDENCE,KAP_MARKETS,KAP_MARKET:4028328c550642950155066367d0001b:4028328c6d92933b016e21b838963f42:4028e4a140ee35c00140ee586bdd0034:CCOLA,https://www.kap.org.tr/tr/Pazarlar,NO_HISTORICAL_TICKER_FOUND,Collection continues under the current ticker; no alias was inferred.
CELHA,,No official historical ticker transition was present in V1 inputs.,,NO_OFFICIAL_TRANSITION_EVIDENCE,KAP_MARKETS,KAP_MARKET:4028328c550642950155066367d0001b:33E5FED802CC00EAE0530A4A622B2AEA:4028e4a240f2ef4c0141164dd92d044c:CELHA,https://www.kap.org.tr/tr/Pazarlar,NO_HISTORICAL_TICKER_FOUND,Collection continues under the current ticker; no alias was inferred.
CEMAS,,No official historical ticker transition was present in V1 inputs.,,NO_OFFICIAL_TRANSITION_EVIDENCE,KAP_MARKETS,KAP_MARKET:4028328c550642950155066367d0001b:33E5FED802CC00EAE0530A4A622B2AEA:4028e4a140f2ed7201413b14392508fb:CEMAS,https://www.kap.org.tr/tr/Pazarlar,NO_HISTORICAL_TICKER_FOUND,Collection continues under the current ticker; no alias was inferred.
CEMTS,,No official historical ticker transition was present in V1 inputs.,,NO_OFFICIAL_TRANSITION_EVIDENCE,KAP_MARKETS,KAP_MARKET:4028328c550642950155066367d0001b:33E5FED802CC00EAE0530A4A622B2AEA:4028e4a140ee84900140f1f334ce0025:CEMTS,https://www.kap.org.tr/tr/Pazarlar,NO_HISTORICAL_TICKER_FOUND,Collection continues under the current ticker; no alias was inferred.
CEMZY,,No official historical ticker transition was present in V1 inputs.,,NO_OFFICIAL_TRANSITION_EVIDENCE,KAP_MARKETS,KAP_MARKET:4028328c550642950155066367d0001b:4028328c6d92933b016e21b838963f42:8acae2c49145e00b01918463cdec27bb:CEMZY,https://www.kap.org.tr/tr/Pazarlar,NO_HISTORICAL_TICKER_FOUND,Collection continues under the current ticker; no alias was inferred.
CEOEM,,No official historical ticker transition was present in V1 inputs.,,NO_OFFICIAL_TRANSITION_EVIDENCE,KAP_MARKETS,KAP_MARKET:4028328c550642950155066367d0001b:33E5FED802CC00EAE0530A4A622B2AEA:8acae2c469cee2a20169ed8afa9112ee:CEOEM,https://www.kap.org.tr/tr/Pazarlar,NO_HISTORICAL_TICKER_FOUND,Collection continues under the current ticker; no alias was inferred.
CGCAM,,No official historical ticker transition was present in V1 inputs.,,NO_OFFICIAL_TRANSITION_EVIDENCE,KAP_MARKETS,KAP_MARKET:4028328c550642950155066367d0001b:4028328c6d92933b016e21b838963f42:8acae2c59145e00e01939c2384406d96:CGCAM,https://www.kap.org.tr/tr/Pazarlar,NO_HISTORICAL_TICKER_FOUND,Collection continues under the current ticker; no alias was inferred.
CIMSA,,No official historical ticker transition was present in V1 inputs.,,NO_OFFICIAL_TRANSITION_EVIDENCE,KAP_MARKETS,KAP_MARKET:4028328c550642950155066367d0001b:4028328c6d92933b016e21b838963f42:4028e4a240ee866c0140f1f64bdb0014:CIMSA,https://www.kap.org.tr/tr/Pazarlar,NO_HISTORICAL_TICKER_FOUND,Collection continues under the current ticker; no alias was inferred.
CLEBI,,No official historical ticker transition was present in V1 inputs.,,NO_OFFICIAL_TRANSITION_EVIDENCE,KAP_MARKETS,KAP_MARKET:4028328c550642950155066367d0001b:4028328c6d92933b016e21b838963f42:4028e4a140ee84900140f1f1584c0015:CLEBI,https://www.kap.org.tr/tr/Pazarlar,NO_HISTORICAL_TICKER_FOUND,Collection continues under the current ticker; no alias was inferred.
CMBTN,,No official historical ticker transition was present in V1 inputs.,,NO_OFFICIAL_TRANSITION_EVIDENCE,KAP_MARKETS,KAP_MARKET:4028328c550642950155066367d0001b:33E5FED802CC00EAE0530A4A622B2AEA:4028e4a24158e42401415ad0dece7d3a:CMBTN,https://www.kap.org.tr/tr/Pazarlar,NO_HISTORICAL_TICKER_FOUND,Collection continues under the current ticker; no alias was inferred.
CMENT,,No official historical ticker transition was present in V1 inputs.,,NO_OFFICIAL_TRANSITION_EVIDENCE,KAP_MARKETS,KAP_MARKET:4028328c550642950155066367d0001b:33E5FED802B000EAE0530A4A622B2AEA:4028e4a24158e42401415ad34c7f7db7:CMENT,https://www.kap.org.tr/tr/Pazarlar,NO_HISTORICAL_TICKER_FOUND,Collection continues under the current ticker; no alias was inferred.
CONSE,,No official historical ticker transition was present in V1 inputs.,,NO_OFFICIAL_TRANSITION_EVIDENCE,KAP_MARKETS,KAP_MARKET:4028328c550642950155066367d0001b:33E5FED802CC00EAE0530A4A622B2AEA:8acae2c57f7cbb48018007c3ad6154d4:CONSE,https://www.kap.org.tr/tr/Pazarlar,NO_HISTORICAL_TICKER_FOUND,Collection continues under the current ticker; no alias was inferred.
COSMO,,No official historical ticker transition was present in V1 inputs.,,NO_OFFICIAL_TRANSITION_EVIDENCE,KAP_MARKETS,KAP_MARKET:4028328c550642950155066367d0001b:4028328c6d92933b016e21b91b463f54:4028e4a24158e42401415ada104f7e44:COSMO,https://www.kap.org.tr/tr/Pazarlar,NO_HISTORICAL_TICKER_FOUND,Collection continues under the current ticker; no alias was inferred.
CRDFA,,No official historical ticker transition was present in V1 inputs.,,NO_OFFICIAL_TRANSITION_EVIDENCE,KAP_MARKETS,KAP_MARKET:4028328c550642950155066367d0001b:4028328c6d92933b016e21b91b463f54:4028e4a141558bdd0141561c84700589:CRDFA,https://www.kap.org.tr/tr/Pazarlar,NO_HISTORICAL_TICKER_FOUND,Collection continues under the current ticker; no alias was inferred.
CRFSA,,No official historical ticker transition was present in V1 inputs.,,NO_OFFICIAL_TRANSITION_EVIDENCE,KAP_MARKETS,KAP_MARKET:4028328c550642950155066367d0001b:33E5FED802CC00EAE0530A4A622B2AEA:4028e4a140ee35c00140ee56930f0024:CRFSA,https://www.kap.org.tr/tr/Pazarlar,NO_HISTORICAL_TICKER_FOUND,Collection continues under the current ticker; no alias was inferred.
CUSAN,,No official historical ticker transition was present in V1 inputs.,,NO_OFFICIAL_TRANSITION_EVIDENCE,KAP_MARKETS,KAP_MARKET:4028328c550642950155066367d0001b:33E5FED802CC00EAE0530A4A622B2AEA:8acae2c552495f6401529d6a45d10598:CUSAN,https://www.kap.org.tr/tr/Pazarlar,NO_HISTORICAL_TICKER_FOUND,Collection continues under the current ticker; no alias was inferred.
CVKMD,,No official historical ticker transition was present in V1 inputs.,,NO_OFFICIAL_TRANSITION_EVIDENCE,KAP_MARKETS,KAP_MARKET:4028328c550642950155066367d0001b:4028328c6d92933b016e21b838963f42:8acae2c586d22c510187381ba299429a:CVKMD,https://www.kap.org.tr/tr/Pazarlar,NO_HISTORICAL_TICKER_FOUND,Collection continues under the current ticker; no alias was inferred.
CWENE,,No official historical ticker transition was present in V1 inputs.,,NO_OFFICIAL_TRANSITION_EVIDENCE,KAP_MARKETS,KAP_MARKET:4028328c550642950155066367d0001b:4028328c6d92933b016e21b838963f42:8acae2c56faf888c016fd6c2036e0a5d:CWENE,https://www.kap.org.tr/tr/Pazarlar,NO_HISTORICAL_TICKER_FOUND,Collection continues under the current ticker; no alias was inferred.
DAGI,,No official historical ticker transition was present in V1 inputs.,,NO_OFFICIAL_TRANSITION_EVIDENCE,KAP_MARKETS,KAP_MARKET:4028328c550642950155066367d0001b:33E5FED802CC00EAE0530A4A622B2AEA:4028e4a140f2ed7101411160c8c6020f:DAGI,https://www.kap.org.tr/tr/Pazarlar,NO_HISTORICAL_TICKER_FOUND,Collection continues under the current ticker; no alias was inferred.
DAPGM,,No official historical ticker transition was present in V1 inputs.,,NO_OFFICIAL_TRANSITION_EVIDENCE,KAP_MARKETS,KAP_MARKET:4028328c550642950155066367d0001b:4028328c6d92933b016e21b838963f42:8acae2c47d3bee4e017ea0492b6a0595:DAPGM,https://www.kap.org.tr/tr/Pazarlar,NO_HISTORICAL_TICKER_FOUND,Collection continues under the current ticker; no alias was inferred.
DARDL,,No official historical ticker transition was present in V1 inputs.,,NO_OFFICIAL_TRANSITION_EVIDENCE,KAP_MARKETS,KAP_MARKET:4028328c550642950155066367d0001b:33E5FED802CC00EAE0530A4A622B2AEA:4028e4a144a0804e014521a6ca1c0705:DARDL,https://www.kap.org.tr/tr/Pazarlar,NO_HISTORICAL_TICKER_FOUND,Collection continues under the current ticker; no alias was inferred.
DCTTR,,No official historical ticker transition was present in V1 inputs.,,NO_OFFICIAL_TRANSITION_EVIDENCE,KAP_MARKETS,KAP_MARKET:4028328c550642950155066367d0001b:33E5FED802CC00EAE0530A4A622B2AEA:8acae2c48c3efac00190dade5a963277:DCTTR,https://www.kap.org.tr/tr/Pazarlar,NO_HISTORICAL_TICKER_FOUND,Collection continues under the current ticker; no alias was inferred.
DENGE,,No official historical ticker transition was present in V1 inputs.,,NO_OFFICIAL_TRANSITION_EVIDENCE,KAP_MARKETS,KAP_MARKET:4028328c550642950155066367d0001b:33E5FED802CC00EAE0530A4A622B2AEA:4028e4a240ee866c0140f1f80b55002b:DENGE,https://www.kap.org.tr/tr/Pazarlar,NO_HISTORICAL_TICKER_FOUND,Collection continues under the current ticker; no alias was inferred.
DERHL,,No official historical ticker transition was present in V1 inputs.,,NO_OFFICIAL_TRANSITION_EVIDENCE,KAP_MARKETS,KAP_MARKET:4028328c550642950155066367d0001b:33E5FED802CC00EAE0530A4A622B2AEA:8acae2c469cee2a4016a5492160c43c3:DERHL,https://www.kap.org.tr/tr/Pazarlar,NO_HISTORICAL_TICKER_FOUND,Collection continues under the current ticker; no alias was inferred.
DERIM,,No official historical ticker transition was present in V1 inputs.,,NO_OFFICIAL_TRANSITION_EVIDENCE,KAP_MARKETS,KAP_MARKET:4028328c550642950155066367d0001b:33E5FED802CC00EAE0530A4A622B2AEA:4028e4a140f2ed710141116818390237:DERIM,https://www.kap.org.tr/tr/Pazarlar,NO_HISTORICAL_TICKER_FOUND,Collection continues under the current ticker; no alias was inferred.
DESA,,No official historical ticker transition was present in V1 inputs.,,NO_OFFICIAL_TRANSITION_EVIDENCE,KAP_MARKETS,KAP_MARKET:4028328c550642950155066367d0001b:33E5FED802CC00EAE0530A4A622B2AEA:4028e4a240ee866c0140f1fe48fa0070:DESA,https://www.kap.org.tr/tr/Pazarlar,NO_HISTORICAL_TICKER_FOUND,Collection continues under the current ticker; no alias was inferred.
DESPC,,No official historical ticker transition was present in V1 inputs.,,NO_OFFICIAL_TRANSITION_EVIDENCE,KAP_MARKETS,KAP_MARKET:4028328c550642950155066367d0001b:33E5FED802CC00EAE0530A4A622B2AEA:4028e4a2416e697d01416ea9d5741424:DESPC,https://www.kap.org.tr/tr/Pazarlar,NO_HISTORICAL_TICKER_FOUND,Collection continues under the current ticker; no alias was inferred.
DEVA,,No official historical ticker transition was present in V1 inputs.,,NO_OFFICIAL_TRANSITION_EVIDENCE,KAP_MARKETS,KAP_MARKET:4028328c550642950155066367d0001b:4028328c6d92933b016e21b838963f42:4028e4a140f2ed710141116ab1d60241:DEVA,https://www.kap.org.tr/tr/Pazarlar,NO_HISTORICAL_TICKER_FOUND,Collection continues under the current ticker; no alias was inferred.
DGATE,,No official historical ticker transition was present in V1 inputs.,,NO_OFFICIAL_TRANSITION_EVIDENCE,KAP_MARKETS,KAP_MARKET:4028328c550642950155066367d0001b:33E5FED802CC00EAE0530A4A622B2AEA:4028e4a2416e697d01416eabc02d14f8:DGATE,https://www.kap.org.tr/tr/Pazarlar,NO_HISTORICAL_TICKER_FOUND,Collection continues under the current ticker; no alias was inferred.
DGGYO,,No official historical ticker transition was present in V1 inputs.,,NO_OFFICIAL_TRANSITION_EVIDENCE,KAP_MARKETS,KAP_MARKET:4028328c550642950155066367d0001b:4028328c6d92933b016e21b91b463f54:4028e4a140e8cfa00140e9497d32002f:DGGYO,https://www.kap.org.tr/tr/Pazarlar,NO_HISTORICAL_TICKER_FOUND,Collection continues under the current ticker; no alias was inferred.
DGNMO,,No official historical ticker transition was present in V1 inputs.,,NO_OFFICIAL_TRANSITION_EVIDENCE,KAP_MARKETS,KAP_MARKET:4028328c550642950155066367d0001b:33E5FED802CC00EAE0530A4A622B2AEA:4028e4a240f27df70140f2eae68c0032:DGNMO,https://www.kap.org.tr/tr/Pazarlar,NO_HISTORICAL_TICKER_FOUND,Collection continues under the current ticker; no alias was inferred.
DIRIT,,No official historical ticker transition was present in V1 inputs.,,NO_OFFICIAL_TRANSITION_EVIDENCE,KAP_MARKETS,KAP_MARKET:4028328c550642950155066367d0001b:33E5FED802BE00EAE0530A4A622B2AEA:4028e4a24158e42201415afbaa14606c:DIRIT,https://www.kap.org.tr/tr/Pazarlar,NO_HISTORICAL_TICKER_FOUND,Collection continues under the current ticker; no alias was inferred.
DITAS,,No official historical ticker transition was present in V1 inputs.,,NO_OFFICIAL_TRANSITION_EVIDENCE,KAP_MARKETS,KAP_MARKET:4028328c550642950155066367d0001b:33E5FED802CC00EAE0530A4A622B2AEA:4028e4a140f2ed710141179798bb02ed:DITAS,https://www.kap.org.tr/tr/Pazarlar,NO_HISTORICAL_TICKER_FOUND,Collection continues under the current ticker; no alias was inferred.
DMRGD,,No official historical ticker transition was present in V1 inputs.,,NO_OFFICIAL_TRANSITION_EVIDENCE,KAP_MARKETS,KAP_MARKET:4028328c550642950155066367d0001b:33E5FED802CC00EAE0530A4A622B2AEA:8acae2c486d22a3b018a97c880c913d6:DMRGD,https://www.kap.org.tr/tr/Pazarlar,NO_HISTORICAL_TICKER_FOUND,Collection continues under the current ticker; no alias was inferred.
DMSAS,,No official historical ticker transition was present in V1 inputs.,,NO_OFFICIAL_TRANSITION_EVIDENCE,KAP_MARKETS,KAP_MARKET:4028328c550642950155066367d0001b:33E5FED802CC00EAE0530A4A622B2AEA:4028e4a240f2ef4c0140f326817e0041:DMSAS,https://www.kap.org.tr/tr/Pazarlar,NO_HISTORICAL_TICKER_FOUND,Collection continues under the current ticker; no alias was inferred.
DNISI,,No official historical ticker transition was present in V1 inputs.,,NO_OFFICIAL_TRANSITION_EVIDENCE,KAP_MARKETS,KAP_MARKET:4028328c550642950155066367d0001b:33E5FED802CC00EAE0530A4A622B2AEA:8acae2c473646c5e017410b3f4b16fae:DNISI,https://www.kap.org.tr/tr/Pazarlar,NO_HISTORICAL_TICKER_FOUND,Collection continues under the current ticker; no alias was inferred.
DOAS,,No official historical ticker transition was present in V1 inputs.,,NO_OFFICIAL_TRANSITION_EVIDENCE,KAP_MARKETS,KAP_MARKET:4028328c550642950155066367d0001b:4028328c6d92933b016e21b838963f42:4028e4a240e8d16e0140e951bf04007b:DOAS,https://www.kap.org.tr/tr/Pazarlar,NO_HISTORICAL_TICKER_FOUND,Collection continues under the current ticker; no alias was inferred.
DOCO,,No official historical ticker transition was present in V1 inputs.,,NO_OFFICIAL_TRANSITION_EVIDENCE,KAP_MARKETS,KAP_MARKET:4028328c550642950155066367d0001b:33E5FED802CC00EAE0530A4A622B2AEA:1DE05DAA82B4073AE0530A4A622A2EBD:DOCO,https://www.kap.org.tr/tr/Pazarlar,NO_HISTORICAL_TICKER_FOUND,Collection continues under the current ticker; no alias was inferred.
DOFER,,No official historical ticker transition was present in V1 inputs.,,NO_OFFICIAL_TRANSITION_EVIDENCE,KAP_MARKETS,KAP_MARKET:4028328c550642950155066367d0001b:33E5FED802CC00EAE0530A4A622B2AEA:8acae2c486d22a3a018b03b62cd429bd:DOFER,https://www.kap.org.tr/tr/Pazarlar,NO_HISTORICAL_TICKER_FOUND,Collection continues under the current ticker; no alias was inferred.
DOFRB,,No official historical ticker transition was present in V1 inputs.,,NO_OFFICIAL_TRANSITION_EVIDENCE,KAP_MARKETS,KAP_MARKET:4028328c550642950155066367d0001b:4028328c6d92933b016e21b838963f42:8acae2c494bafc930198f4d3cccb4dbb:DOFRB,https://www.kap.org.tr/tr/Pazarlar,NO_HISTORICAL_TICKER_FOUND,Collection continues under the current ticker; no alias was inferred.
DOGUB,,No official historical ticker transition was present in V1 inputs.,,NO_OFFICIAL_TRANSITION_EVIDENCE,KAP_MARKETS,KAP_MARKET:4028328c550642950155066367d0001b:4028328c6d92933b016e21b91b463f54:4028e4a141e536460141ee618a972cf0:DOGUB,https://www.kap.org.tr/tr/Pazarlar,NO_HISTORICAL_TICKER_FOUND,Collection continues under the current ticker; no alias was inferred.
DOHOL,,No official historical ticker transition was present in V1 inputs.,,NO_OFFICIAL_TRANSITION_EVIDENCE,KAP_MARKETS,KAP_MARKET:4028328c550642950155066367d0001b:4028328c6d92933b016e21b838963f42:4028e4a141462df201414ff732983087:DOHOL,https://www.kap.org.tr/tr/Pazarlar,NO_HISTORICAL_TICKER_FOUND,Collection continues under the current ticker; no alias was inferred.
DOKTA,,No official historical ticker transition was present in V1 inputs.,,NO_OFFICIAL_TRANSITION_EVIDENCE,KAP_MARKETS,KAP_MARKET:4028328c550642950155066367d0001b:33E5FED802CC00EAE0530A4A622B2AEA:4028e4a241558bd9014155c9b19e03b7:DOKTA,https://www.kap.org.tr/tr/Pazarlar,NO_HISTORICAL_TICKER_FOUND,Collection continues under the current ticker; no alias was inferred.
DSTKF,,No official historical ticker transition was present in V1 inputs.,,NO_OFFICIAL_TRANSITION_EVIDENCE,KAP_MARKETS,KAP_MARKET:4028328c550642950155066367d0001b:4028328c6d92933b016e21b838963f42:4028e4a1415f4d9b01415fe0caa830df:DSTKF,https://www.kap.org.tr/tr/Pazarlar,NO_HISTORICAL_TICKER_FOUND,Collection continues under the current ticker; no alias was inferred.
DUNYH,,No official historical ticker transition was present in V1 inputs.,,NO_OFFICIAL_TRANSITION_EVIDENCE,KAP_MARKETS,KAP_MARKET:4028328c550642950155066367d0001b:33E5FED802CC00EAE0530A4A622B2AEA:4028e4a141733b51014173e7419c13f1:DUNYH,https://www.kap.org.tr/tr/Pazarlar,NO_HISTORICAL_TICKER_FOUND,Collection continues under the current ticker; no alias was inferred.
DURDO,,No official historical ticker transition was present in V1 inputs.,,NO_OFFICIAL_TRANSITION_EVIDENCE,KAP_MARKETS,KAP_MARKET:4028328c550642950155066367d0001b:33E5FED802CC00EAE0530A4A622B2AEA:4028e4a141effedc0141fe14e2b41807:DURDO,https://www.kap.org.tr/tr/Pazarlar,NO_HISTORICAL_TICKER_FOUND,Collection continues under the current ticker; no alias was inferred.
DURKN,,No official historical ticker transition was present in V1 inputs.,,NO_OFFICIAL_TRANSITION_EVIDENCE,KAP_MARKETS,KAP_MARKET:4028328c550642950155066367d0001b:33E5FED802CC00EAE0530A4A622B2AEA:8acae2c49145e00d0191c6164e8e4aca:DURKN,https://www.kap.org.tr/tr/Pazarlar,NO_HISTORICAL_TICKER_FOUND,Collection continues under the current ticker; no alias was inferred.
DYOBY,,No official historical ticker transition was present in V1 inputs.,,NO_OFFICIAL_TRANSITION_EVIDENCE,KAP_MARKETS,KAP_MARKET:4028328c550642950155066367d0001b:33E5FED802CC00EAE0530A4A622B2AEA:4028e4a140e8cf9d0140e95835a30033:DYOBY,https://www.kap.org.tr/tr/Pazarlar,NO_HISTORICAL_TICKER_FOUND,Collection continues under the current ticker; no alias was inferred.
DZGYO,,No official historical ticker transition was present in V1 inputs.,,NO_OFFICIAL_TRANSITION_EVIDENCE,KAP_MARKETS,KAP_MARKET:4028328c550642950155066367d0001b:33E5FED802CC00EAE0530A4A622B2AEA:4028e4a240ee866c0140f1fad94e0047:DZGYO,https://www.kap.org.tr/tr/Pazarlar,NO_HISTORICAL_TICKER_FOUND,Collection continues under the current ticker; no alias was inferred.
EBEBK,,No official historical ticker transition was present in V1 inputs.,,NO_OFFICIAL_TRANSITION_EVIDENCE,KAP_MARKETS,KAP_MARKET:4028328c550642950155066367d0001b:4028328c6d92933b016e21b838963f42:8acae2c586d22c51018a2b6c8f5963cd:EBEBK,https://www.kap.org.tr/tr/Pazarlar,NO_HISTORICAL_TICKER_FOUND,Collection continues under the current ticker; no alias was inferred.
ECILC,,No official historical ticker transition was present in V1 inputs.,,NO_OFFICIAL_TRANSITION_EVIDENCE,KAP_MARKETS,KAP_MARKET:4028328c550642950155066367d0001b:4028328c6d92933b016e21b838963f42:4028e4a1415f4d99014160034b683108:ECILC,https://www.kap.org.tr/tr/Pazarlar,NO_HISTORICAL_TICKER_FOUND,Collection continues under the current ticker; no alias was inferred.
ECOGR,,No official historical ticker transition was present in V1 inputs.,,NO_OFFICIAL_TRANSITION_EVIDENCE,KAP_MARKETS,KAP_MARKET:4028328c550642950155066367d0001b:4028328c6d92933b016e21b838963f42:8acae2c5991b90af019975bc2a6c244d:ECOGR,https://www.kap.org.tr/tr/Pazarlar,NO_HISTORICAL_TICKER_FOUND,Collection continues under the current ticker; no alias was inferred.
ECZYT,,No official historical ticker transition was present in V1 inputs.,,NO_OFFICIAL_TRANSITION_EVIDENCE,KAP_MARKETS,KAP_MARKET:4028328c550642950155066367d0001b:4028328c6d92933b016e21b838963f42:4028e4a1415f4d9901416012a278321f:ECZYT,https://www.kap.org.tr/tr/Pazarlar,NO_HISTORICAL_TICKER_FOUND,Collection continues under the current ticker; no alias was inferred.
EDATA,,No official historical ticker transition was present in V1 inputs.,,NO_OFFICIAL_TRANSITION_EVIDENCE,KAP_MARKETS,KAP_MARKET:4028328c550642950155066367d0001b:33E5FED802CC00EAE0530A4A622B2AEA:8acae2c47902e75101792325d43f2419:EDATA,https://www.kap.org.tr/tr/Pazarlar,NO_HISTORICAL_TICKER_FOUND,Collection continues under the current ticker; no alias was inferred.
EDIP,,No official historical ticker transition was present in V1 inputs.,,NO_OFFICIAL_TRANSITION_EVIDENCE,KAP_MARKETS,KAP_MARKET:4028328c550642950155066367d0001b:33E5FED802CC00EAE0530A4A622B2AEA:4028e4a240e95dc90140ecc568850014:EDIP,https://www.kap.org.tr/tr/Pazarlar,NO_HISTORICAL_TICKER_FOUND,Collection continues under the current ticker; no alias was inferred.
EFOR,,No official historical ticker transition was present in V1 inputs.,,NO_OFFICIAL_TRANSITION_EVIDENCE,KAP_MARKETS,KAP_MARKET:4028328c550642950155066367d0001b:4028328c6d92933b016e21b838963f42:8acae2c5819d0efb0182923c4c307fbf:EFOR,https://www.kap.org.tr/tr/Pazarlar,NO_HISTORICAL_TICKER_FOUND,Collection continues under the current ticker; no alias was inferred.
EGEEN,,No official historical ticker transition was present in V1 inputs.,,NO_OFFICIAL_TRANSITION_EVIDENCE,KAP_MARKETS,KAP_MARKET:4028328c550642950155066367d0001b:4028328c6d92933b016e21b838963f42:1DE05DAA8254073AE0530A4A622A2EBD:EGEEN,https://www.kap.org.tr/tr/Pazarlar,NO_HISTORICAL_TICKER_FOUND,Collection continues under the current ticker; no alias was inferred.
EGEGY,,No official historical ticker transition was present in V1 inputs.,,NO_OFFICIAL_TRANSITION_EVIDENCE,KAP_MARKETS,KAP_MARKET:4028328c550642950155066367d0001b:33E5FED802CC00EAE0530A4A622B2AEA:8acae2c59145e00e019406e89bc4222c:EGEGY,https://www.kap.org.tr/tr/Pazarlar,NO_HISTORICAL_TICKER_FOUND,Collection continues under the current ticker; no alias was inferred.
EGEPO,,No official historical ticker transition was present in V1 inputs.,,NO_OFFICIAL_TRANSITION_EVIDENCE,KAP_MARKETS,KAP_MARKET:4028328c550642950155066367d0001b:33E5FED802CC00EAE0530A4A622B2AEA:8acae2c4794d3648017a9fceecca0bad:EGEPO,https://www.kap.org.tr/tr/Pazarlar,NO_HISTORICAL_TICKER_FOUND,Collection continues under the current ticker; no alias was inferred.
EGGUB,,No official historical ticker transition was present in V1 inputs.,,NO_OFFICIAL_TRANSITION_EVIDENCE,KAP_MARKETS,KAP_MARKET:4028328c550642950155066367d0001b:4028328c6d92933b016e21b838963f42:4028e4a2422d9a78014304d729e3673d:EGGUB,https://www.kap.org.tr/tr/Pazarlar,NO_HISTORICAL_TICKER_FOUND,Collection continues under the current ticker; no alias was inferred.
EGPRO,,No official historical ticker transition was present in V1 inputs.,,NO_OFFICIAL_TRANSITION_EVIDENCE,KAP_MARKETS,KAP_MARKET:4028328c550642950155066367d0001b:4028328c6d92933b016e21b838963f42:4028e4a240f2ef4701413a5c97b805ea:EGPRO,https://www.kap.org.tr/tr/Pazarlar,NO_HISTORICAL_TICKER_FOUND,Collection continues under the current ticker; no alias was inferred.
EGSER,,No official historical ticker transition was present in V1 inputs.,,NO_OFFICIAL_TRANSITION_EVIDENCE,KAP_MARKETS,KAP_MARKET:4028328c550642950155066367d0001b:33E5FED802CC00EAE0530A4A622B2AEA:4028e4a1415f4d9b01415ff0ece83aa8:EGSER,https://www.kap.org.tr/tr/Pazarlar,NO_HISTORICAL_TICKER_FOUND,Collection continues under the current ticker; no alias was inferred.
EKDMR,,No official historical ticker transition was present in V1 inputs.,,NO_OFFICIAL_TRANSITION_EVIDENCE,KAP_MARKETS,KAP_MARKET:4028328c550642950155066367d0001b:4028328c6d92933b016e21b838963f42:4028e4a241558bd9014155d8e91505c8:EKDMR,https://www.kap.org.tr/tr/Pazarlar,NO_HISTORICAL_TICKER_FOUND,Collection continues under the current ticker; no alias was inferred.
EKGYO,,No official historical ticker transition was present in V1 inputs.,,NO_OFFICIAL_TRANSITION_EVIDENCE,KAP_MARKETS,KAP_MARKET:4028328c550642950155066367d0001b:4028328c6d92933b016e21b838963f42:4028e4a2422d9a780142513cda5b232e:EKGYO,https://www.kap.org.tr/tr/Pazarlar,NO_HISTORICAL_TICKER_FOUND,Collection continues under the current ticker; no alias was inferred.
EKIM,,No official historical ticker transition was present in V1 inputs.,,NO_OFFICIAL_TRANSITION_EVIDENCE,KAP_MARKETS,KAP_MARKET:4028328c550642950155066367d0001b:4028328c6d92933b016e21b838963f42:4028e4a141da49e50141dad016780396:EKIM,https://www.kap.org.tr/tr/Pazarlar,NO_HISTORICAL_TICKER_FOUND,Collection continues under the current ticker; no alias was inferred.
EKIZ,,No official historical ticker transition was present in V1 inputs.,,NO_OFFICIAL_TRANSITION_EVIDENCE,KAP_MARKETS,KAP_MARKET:4028328c550642950155066367d0001b:33E5FED802BE00EAE0530A4A622B2AEA:4028e4a240e95dc30140ed19d1b80064:EKIZ,https://www.kap.org.tr/tr/Pazarlar,NO_HISTORICAL_TICKER_FOUND,Collection continues under the current ticker; no alias was inferred.
EKOS,,No official historical ticker transition was present in V1 inputs.,,NO_OFFICIAL_TRANSITION_EVIDENCE,KAP_MARKETS,KAP_MARKET:4028328c550642950155066367d0001b:33E5FED802CC00EAE0530A4A622B2AEA:8acae2c48b2fa25a018bb9a255865895:EKOS,https://www.kap.org.tr/tr/Pazarlar,NO_HISTORICAL_TICKER_FOUND,Collection continues under the current ticker; no alias was inferred.
EKSUN,,No official historical ticker transition was present in V1 inputs.,,NO_OFFICIAL_TRANSITION_EVIDENCE,KAP_MARKETS,KAP_MARKET:4028328c550642950155066367d0001b:33E5FED802CC00EAE0530A4A622B2AEA:8acae2c48304fe9c0186ca8287b67657:EKSUN,https://www.kap.org.tr/tr/Pazarlar,NO_HISTORICAL_TICKER_FOUND,Collection continues under the current ticker; no alias was inferred.
ELITE,,No official historical ticker transition was present in V1 inputs.,,NO_OFFICIAL_TRANSITION_EVIDENCE,KAP_MARKETS,KAP_MARKET:4028328c550642950155066367d0001b:33E5FED802CC00EAE0530A4A622B2AEA:8acae2c4794d364a017aa049a089099f:ELITE,https://www.kap.org.tr/tr/Pazarlar,NO_HISTORICAL_TICKER_FOUND,Collection continues under the current ticker; no alias was inferred.
EMKEL,,No official historical ticker transition was present in V1 inputs.,,NO_OFFICIAL_TRANSITION_EVIDENCE,KAP_MARKETS,KAP_MARKET:4028328c550642950155066367d0001b:33E5FED802CC00EAE0530A4A622B2AEA:4028e4a241a25fcb0141a289218b0302:EMKEL,https://www.kap.org.tr/tr/Pazarlar,NO_HISTORICAL_TICKER_FOUND,Collection continues under the current ticker; no alias was inferred.
EMNIS,,No official historical ticker transition was present in V1 inputs.,,NO_OFFICIAL_TRANSITION_EVIDENCE,KAP_MARKETS,KAP_MARKET:4028328c550642950155066367d0001b:33E5FED802BE00EAE0530A4A622B2AEA:4028e4a241e538ab0141ef8f97934765:EMNIS,https://www.kap.org.tr/tr/Pazarlar,NO_HISTORICAL_TICKER_FOUND,Collection continues under the current ticker; no alias was inferred.
EMPAE,,No official historical ticker transition was present in V1 inputs.,,NO_OFFICIAL_TRANSITION_EVIDENCE,KAP_MARKETS,KAP_MARKET:4028328c550642950155066367d0001b:33E5FED802CC00EAE0530A4A622B2AEA:8acae2c562329bd101626c30f98c1590:EMPAE,https://www.kap.org.tr/tr/Pazarlar,NO_HISTORICAL_TICKER_FOUND,Collection continues under the current ticker; no alias was inferred.
ENDAE,,No official historical ticker transition was present in V1 inputs.,,NO_OFFICIAL_TRANSITION_EVIDENCE,KAP_MARKETS,KAP_MARKET:4028328c550642950155066367d0001b:4028328c6d92933b016e21b838963f42:8acae2c49145e00b01949751383218b4:ENDAE,https://www.kap.org.tr/tr/Pazarlar,NO_HISTORICAL_TICKER_FOUND,Collection continues under the current ticker; no alias was inferred.
ENERY,,No official historical ticker transition was present in V1 inputs.,,NO_OFFICIAL_TRANSITION_EVIDENCE,KAP_MARKETS,KAP_MARKET:4028328c550642950155066367d0001b:4028328c6d92933b016e21b838963f42:4028e4a241733d4201417937d4337e22:ENERY,https://www.kap.org.tr/tr/Pazarlar,NO_HISTORICAL_TICKER_FOUND,Collection continues under the current ticker; no alias was inferred.
ENJSA,,No official historical ticker transition was present in V1 inputs.,,NO_OFFICIAL_TRANSITION_EVIDENCE,KAP_MARKETS,KAP_MARKET:4028328c550642950155066367d0001b:4028328c6d92933b016e21b838963f42:4028e4a1422d98690142bceaa31957cf:ENJSA,https://www.kap.org.tr/tr/Pazarlar,NO_HISTORICAL_TICKER_FOUND,Collection continues under the current ticker; no alias was inferred.
ENKAI,,No official historical ticker transition was present in V1 inputs.,,NO_OFFICIAL_TRANSITION_EVIDENCE,KAP_MARKETS,KAP_MARKET:4028328c550642950155066367d0001b:4028328c6d92933b016e21b838963f42:4028e4a240e95dc90140ed3883fe0093:ENKAI,https://www.kap.org.tr/tr/Pazarlar,NO_HISTORICAL_TICKER_FOUND,Collection continues under the current ticker; no alias was inferred.
ENPRA,,No official historical ticker transition was present in V1 inputs.,,NO_OFFICIAL_TRANSITION_EVIDENCE,KAP_MARKETS,KAP_MARKET:4028328c550642950155066367d0001b:33E5FED802B000EAE0530A4A622B2AEA:8acae2c49145e00d01929fc2fbc85d02:ENPRA,https://www.kap.org.tr/tr/Pazarlar,NO_HISTORICAL_TICKER_FOUND,Collection continues under the current ticker; no alias was inferred.
ENSRI,,No official historical ticker transition was present in V1 inputs.,,NO_OFFICIAL_TRANSITION_EVIDENCE,KAP_MARKETS,KAP_MARKET:4028328c550642950155066367d0001b:33E5FED802CC00EAE0530A4A622B2AEA:8acae2c47d3bee50017f77c935000e69:ENSRI,https://www.kap.org.tr/tr/Pazarlar,NO_HISTORICAL_TICKER_FOUND,Collection continues under the current ticker; no alias was inferred.
ENTRA,,No official historical ticker transition was present in V1 inputs.,,NO_OFFICIAL_TRANSITION_EVIDENCE,KAP_MARKETS,KAP_MARKET:4028328c550642950155066367d0001b:4028328c6d92933b016e21b838963f42:8acae2c48c3efabf018e64e77b5d3e77:ENTRA,https://www.kap.org.tr/tr/Pazarlar,NO_HISTORICAL_TICKER_FOUND,Collection continues under the current ticker; no alias was inferred.
EPLAS,,No official historical ticker transition was present in V1 inputs.,,NO_OFFICIAL_TRANSITION_EVIDENCE,KAP_MARKETS,KAP_MARKET:4028328c550642950155066367d0001b:33E5FED802CC00EAE0530A4A622B2AEA:4028e4a14158e41e01415aa30e206011:EPLAS,https://www.kap.org.tr/tr/Pazarlar,NO_HISTORICAL_TICKER_FOUND,Collection continues under the current ticker; no alias was inferred.
ERBOS,,No official historical ticker transition was present in V1 inputs.,,NO_OFFICIAL_TRANSITION_EVIDENCE,KAP_MARKETS,KAP_MARKET:4028328c550642950155066367d0001b:33E5FED802CC00EAE0530A4A622B2AEA:4028e4a14184e9cf01419c006da45a78:ERBOS,https://www.kap.org.tr/tr/Pazarlar,NO_HISTORICAL_TICKER_FOUND,Collection continues under the current ticker; no alias was inferred.
ERCB,,No official historical ticker transition was present in V1 inputs.,,NO_OFFICIAL_TRANSITION_EVIDENCE,KAP_MARKETS,KAP_MARKET:4028328c550642950155066367d0001b:33E5FED802CC00EAE0530A4A622B2AEA:2af53003ee3c4464b0b653225816518d:ERCB,https://www.kap.org.tr/tr/Pazarlar,NO_HISTORICAL_TICKER_FOUND,Collection continues under the current ticker; no alias was inferred.
EREGL,,No official historical ticker transition was present in V1 inputs.,,NO_OFFICIAL_TRANSITION_EVIDENCE,KAP_MARKETS,KAP_MARKET:4028328c550642950155066367d0001b:4028328c6d92933b016e21b838963f42:4028e4a240e95dc90140ede4c12a0133:EREGL,https://www.kap.org.tr/tr/Pazarlar,NO_HISTORICAL_TICKER_FOUND,Collection continues under the current ticker; no alias was inferred.
ERSU,,No official historical ticker transition was present in V1 inputs.,,NO_OFFICIAL_TRANSITION_EVIDENCE,KAP_MARKETS,KAP_MARKET:4028328c550642950155066367d0001b:4028328c6d92933b016e21b91b463f54:4028e4a140f2ed7201411160fbeb057e:ERSU,https://www.kap.org.tr/tr/Pazarlar,NO_HISTORICAL_TICKER_FOUND,Collection continues under the current ticker; no alias was inferred.
ESCAR,,No official historical ticker transition was present in V1 inputs.,,NO_OFFICIAL_TRANSITION_EVIDENCE,KAP_MARKETS,KAP_MARKET:4028328c550642950155066367d0001b:4028328c6d92933b016e21b838963f42:8acae2c4782a4d560178f8929f486aed:ESCAR,https://www.kap.org.tr/tr/Pazarlar,NO_HISTORICAL_TICKER_FOUND,Collection continues under the current ticker; no alias was inferred.
ESCOM,,No official historical ticker transition was present in V1 inputs.,,NO_OFFICIAL_TRANSITION_EVIDENCE,KAP_MARKETS,KAP_MARKET:4028328c550642950155066367d0001b:33E5FED802CC00EAE0530A4A622B2AEA:4028e4a142140a8d01421437e3fb036a:ESCOM,https://www.kap.org.tr/tr/Pazarlar,NO_HISTORICAL_TICKER_FOUND,Collection continues under the current ticker; no alias was inferred.
ESEN,,No official historical ticker transition was present in V1 inputs.,,NO_OFFICIAL_TRANSITION_EVIDENCE,KAP_MARKETS,KAP_MARKET:4028328c550642950155066367d0001b:4028328c6d92933b016e21b838963f42:8acae2c57436079f0174486159f4072f:ESEN,https://www.kap.org.tr/tr/Pazarlar,NO_HISTORICAL_TICKER_FOUND,Collection continues under the current ticker; no alias was inferred.
ETILR,,No official historical ticker transition was present in V1 inputs.,,NO_OFFICIAL_TRANSITION_EVIDENCE,KAP_MARKETS,KAP_MARKET:4028328c550642950155066367d0001b:33E5FED802CC00EAE0530A4A622B2AEA:4028e4a240f2ef4701413b24736d0655:ETILR,https://www.kap.org.tr/tr/Pazarlar,NO_HISTORICAL_TICKER_FOUND,Collection continues under the current ticker; no alias was inferred.
ETYAT,,No official historical ticker transition was present in V1 inputs.,,NO_OFFICIAL_TRANSITION_EVIDENCE,KAP_MARKETS,KAP_MARKET:4028328c550642950155066367d0001b:4028328c6d92933b016e21b91b463f54:4028e4a240e95dc30140edba6a660099:ETYAT,https://www.kap.org.tr/tr/Pazarlar,NO_HISTORICAL_TICKER_FOUND,Collection continues under the current ticker; no alias was inferred.
EUHOL,,No official historical ticker transition was present in V1 inputs.,,NO_OFFICIAL_TRANSITION_EVIDENCE,KAP_MARKETS,KAP_MARKET:4028328c550642950155066367d0001b:33E5FED802BE00EAE0530A4A622B2AEA:4028e4a240e95dc30140edbd5ca900a3:EUHOL,https://www.kap.org.tr/tr/Pazarlar,NO_HISTORICAL_TICKER_FOUND,Collection continues under the current ticker; no alias was inferred.
EUKYO,,No official historical ticker transition was present in V1 inputs.,,NO_OFFICIAL_TRANSITION_EVIDENCE,KAP_MARKETS,KAP_MARKET:4028328c550642950155066367d0001b:4028328c6d92933b016e21b91b463f54:4028e4a140e95bea0140ed45272800bb:EUKYO,https://www.kap.org.tr/tr/Pazarlar,NO_HISTORICAL_TICKER_FOUND,Collection continues under the current ticker; no alias was inferred.
EUPWR,,No official historical ticker transition was present in V1 inputs.,,NO_OFFICIAL_TRANSITION_EVIDENCE,KAP_MARKETS,KAP_MARKET:4028328c550642950155066367d0001b:4028328c6d92933b016e21b838963f42:8acae2c486d22a3b01875b5644ea61c4:EUPWR,https://www.kap.org.tr/tr/Pazarlar,NO_HISTORICAL_TICKER_FOUND,Collection continues under the current ticker; no alias was inferred.
EUREN,,No official historical ticker transition was present in V1 inputs.,,NO_OFFICIAL_TRANSITION_EVIDENCE,KAP_MARKETS,KAP_MARKET:4028328c550642950155066367d0001b:4028328c6d92933b016e21b838963f42:8acae2c580e91030018105632b470bcd:EUREN,https://www.kap.org.tr/tr/Pazarlar,NO_HISTORICAL_TICKER_FOUND,Collection continues under the current ticker; no alias was inferred.
EUYO,,No official historical ticker transition was present in V1 inputs.,,NO_OFFICIAL_TRANSITION_EVIDENCE,KAP_MARKETS,KAP_MARKET:4028328c550642950155066367d0001b:4028328c6d92933b016e21b91b463f54:4028e4a240e95dc90140ed419b5d00a4:EUYO,https://www.kap.org.tr/tr/Pazarlar,NO_HISTORICAL_TICKER_FOUND,Collection continues under the current ticker; no alias was inferred.
EYGYO,,No official historical ticker transition was present in V1 inputs.,,NO_OFFICIAL_TRANSITION_EVIDENCE,KAP_MARKETS,KAP_MARKET:4028328c550642950155066367d0001b:33E5FED802CC00EAE0530A4A622B2AEA:8acae2c48304fe9c01843d2398a50797:EYGYO,https://www.kap.org.tr/tr/Pazarlar,NO_HISTORICAL_TICKER_FOUND,Collection continues under the current ticker; no alias was inferred.
FADE,,No official historical ticker transition was present in V1 inputs.,,NO_OFFICIAL_TRANSITION_EVIDENCE,KAP_MARKETS,KAP_MARKET:4028328c550642950155066367d0001b:33E5FED802CC00EAE0530A4A622B2AEA:8acae2c46e7fdc6d016f85a87ec9674e:FADE,https://www.kap.org.tr/tr/Pazarlar,NO_HISTORICAL_TICKER_FOUND,Collection continues under the current ticker; no alias was inferred.
FENER,,No official historical ticker transition was present in V1 inputs.,,NO_OFFICIAL_TRANSITION_EVIDENCE,KAP_MARKETS,KAP_MARKET:4028328c550642950155066367d0001b:4028328c6d92933b016e21b838963f42:4028e4a240e95dc90140ede7351a013d:FENER,https://www.kap.org.tr/tr/Pazarlar,NO_HISTORICAL_TICKER_FOUND,Collection continues under the current ticker; no alias was inferred.
FLAP,,No official historical ticker transition was present in V1 inputs.,,NO_OFFICIAL_TRANSITION_EVIDENCE,KAP_MARKETS,KAP_MARKET:4028328c550642950155066367d0001b:4028328c6d92933b016e21b91b463f54:4028e4a141558bdd01415620c00705ad:FLAP,https://www.kap.org.tr/tr/Pazarlar,NO_HISTORICAL_TICKER_FOUND,Collection continues under the current ticker; no alias was inferred.
FMIZP,,No official historical ticker transition was present in V1 inputs.,,NO_OFFICIAL_TRANSITION_EVIDENCE,KAP_MARKETS,KAP_MARKET:4028328c550642950155066367d0001b:33E5FED802CC00EAE0530A4A622B2AEA:4028e4a240f2ef4701410bb5cdab01cf:FMIZP,https://www.kap.org.tr/tr/Pazarlar,NO_HISTORICAL_TICKER_FOUND,Collection continues under the current ticker; no alias was inferred.
FONET,,No official historical ticker transition was present in V1 inputs.,,NO_OFFICIAL_TRANSITION_EVIDENCE,KAP_MARKETS,KAP_MARKET:4028328c550642950155066367d0001b:33E5FED802CC00EAE0530A4A622B2AEA:8acae2c55a980119015b435875566776:FONET,https://www.kap.org.tr/tr/Pazarlar,NO_HISTORICAL_TICKER_FOUND,Collection continues under the current ticker; no alias was inferred.
FORMT,,No official historical ticker transition was present in V1 inputs.,,NO_OFFICIAL_TRANSITION_EVIDENCE,KAP_MARKETS,KAP_MARKET:4028328c550642950155066367d0001b:33E5FED802CC00EAE0530A4A622B2AEA:8acae2c562329bd101633953d02b0477:FORMT,https://www.kap.org.tr/tr/Pazarlar,NO_HISTORICAL_TICKER_FOUND,Collection continues under the current ticker; no alias was inferred.
FORTE,,No official historical ticker transition was present in V1 inputs.,,NO_OFFICIAL_TRANSITION_EVIDENCE,KAP_MARKETS,KAP_MARKET:4028328c550642950155066367d0001b:33E5FED802CC00EAE0530A4A622B2AEA:8acae2c47f7cb492018094784f6f309a:FORTE,https://www.kap.org.tr/tr/Pazarlar,NO_HISTORICAL_TICKER_FOUND,Collection continues under the current ticker; no alias was inferred.
FRIGO,,No official historical ticker transition was present in V1 inputs.,,NO_OFFICIAL_TRANSITION_EVIDENCE,KAP_MARKETS,KAP_MARKET:4028328c550642950155066367d0001b:33E5FED802CC00EAE0530A4A622B2AEA:4028e4a1415f4d9b01415fee1db939f4:FRIGO,https://www.kap.org.tr/tr/Pazarlar,NO_HISTORICAL_TICKER_FOUND,Collection continues under the current ticker; no alias was inferred.
FRMPL,,No official historical ticker transition was present in V1 inputs.,,NO_OFFICIAL_TRANSITION_EVIDENCE,KAP_MARKETS,KAP_MARKET:4028328c550642950155066367d0001b:33E5FED802CC00EAE0530A4A622B2AEA:8acae2c5998f25d7019b732d9c623a64:FRMPL,https://www.kap.org.tr/tr/Pazarlar,NO_HISTORICAL_TICKER_FOUND,Collection continues under the current ticker; no alias was inferred.
FROTO,,No official historical ticker transition was present in V1 inputs.,,NO_OFFICIAL_TRANSITION_EVIDENCE,KAP_MARKETS,KAP_MARKET:4028328c550642950155066367d0001b:4028328c6d92933b016e21b838963f42:4028e4a140f2ed71014106890fae0138:FROTO,https://www.kap.org.tr/tr/Pazarlar,NO_HISTORICAL_TICKER_FOUND,Collection continues under the current ticker; no alias was inferred.
FZLGY,,No official historical ticker transition was present in V1 inputs.,,NO_OFFICIAL_TRANSITION_EVIDENCE,KAP_MARKETS,KAP_MARKET:4028328c550642950155066367d0001b:4028328c6d92933b016e21b838963f42:8acae2c586d22c530189534dc2624568:FZLGY,https://www.kap.org.tr/tr/Pazarlar,NO_HISTORICAL_TICKER_FOUND,Collection continues under the current ticker; no alias was inferred.
GARAN,,No official historical ticker transition was present in V1 inputs.,,NO_OFFICIAL_TRANSITION_EVIDENCE,KAP_MARKETS,KAP_MARKET:4028328c550642950155066367d0001b:4028328c6d92933b016e21b838963f42:4028e4a140f2ed720140f37cb2a601b7:GARAN,https://www.kap.org.tr/tr/Pazarlar,NO_HISTORICAL_TICKER_FOUND,Collection continues under the current ticker; no alias was inferred.
GARFA,,No official historical ticker transition was present in V1 inputs.,,NO_OFFICIAL_TRANSITION_EVIDENCE,KAP_MARKETS,KAP_MARKET:4028328c550642950155066367d0001b:33E5FED802CC00EAE0530A4A622B2AEA:4028e4a240e95dc90140ee1ab24b0189:GARFA,https://www.kap.org.tr/tr/Pazarlar,NO_HISTORICAL_TICKER_FOUND,Collection continues under the current ticker; no alias was inferred.
GATEG,,No official historical ticker transition was present in V1 inputs.,,NO_OFFICIAL_TRANSITION_EVIDENCE,KAP_MARKETS,KAP_MARKET:4028328c550642950155066367d0001b:33E5FED802BE00EAE0530A4A622B2AEA:402821824bf524dd014c27907cd65b79:GATEG,https://www.kap.org.tr/tr/Pazarlar,NO_HISTORICAL_TICKER_FOUND,Collection continues under the current ticker; no alias was inferred.
GEDIK,,No official historical ticker transition was present in V1 inputs.,,NO_OFFICIAL_TRANSITION_EVIDENCE,KAP_MARKETS,KAP_MARKET:4028328c550642950155066367d0001b:4028328c6d92933b016e21b838963f42:4028e4a140e95bea0140ee1edd700174:GEDIK,https://www.kap.org.tr/tr/Pazarlar,NO_HISTORICAL_TICKER_FOUND,Collection continues under the current ticker; no alias was inferred.
GEDZA,,No official historical ticker transition was present in V1 inputs.,,NO_OFFICIAL_TRANSITION_EVIDENCE,KAP_MARKETS,KAP_MARKET:4028328c550642950155066367d0001b:33E5FED802CC00EAE0530A4A622B2AEA:4028e4a14158e41e01415b2a655f6cca:GEDZA,https://www.kap.org.tr/tr/Pazarlar,NO_HISTORICAL_TICKER_FOUND,Collection continues under the current ticker; no alias was inferred.
GENIL,,No official historical ticker transition was present in V1 inputs.,,NO_OFFICIAL_TRANSITION_EVIDENCE,KAP_MARKETS,KAP_MARKET:4028328c550642950155066367d0001b:4028328c6d92933b016e21b838963f42:8acae2c5794d3d6a017a89f2678a1118:GENIL,https://www.kap.org.tr/tr/Pazarlar,NO_HISTORICAL_TICKER_FOUND,Collection continues under the current ticker; no alias was inferred.
GENKM,,No official historical ticker transition was present in V1 inputs.,,NO_OFFICIAL_TRANSITION_EVIDENCE,KAP_MARKETS,KAP_MARKET:4028328c550642950155066367d0001b:33E5FED802CC00EAE0530A4A622B2AEA:8acae2c49c81f746019c9a20ca2419a9:GENKM,https://www.kap.org.tr/tr/Pazarlar,NO_HISTORICAL_TICKER_FOUND,Collection continues under the current ticker; no alias was inferred.
GENTS,,No official historical ticker transition was present in V1 inputs.,,NO_OFFICIAL_TRANSITION_EVIDENCE,KAP_MARKETS,KAP_MARKET:4028328c550642950155066367d0001b:4028328c6d92933b016e21b838963f42:4028e4a2416e696c01416f1e03364c9d:GENTS,https://www.kap.org.tr/tr/Pazarlar,NO_HISTORICAL_TICKER_FOUND,Collection continues under the current ticker; no alias was inferred.
GEREL,,No official historical ticker transition was present in V1 inputs.,,NO_OFFICIAL_TRANSITION_EVIDENCE,KAP_MARKETS,KAP_MARKET:4028328c550642950155066367d0001b:33E5FED802CC00EAE0530A4A622B2AEA:4028e4a14158e41e01415aaad2ae618b:GEREL,https://www.kap.org.tr/tr/Pazarlar,NO_HISTORICAL_TICKER_FOUND,Collection continues under the current ticker; no alias was inferred.
GESAN,,No official historical ticker transition was present in V1 inputs.,,NO_OFFICIAL_TRANSITION_EVIDENCE,KAP_MARKETS,KAP_MARKET:4028328c550642950155066367d0001b:4028328c6d92933b016e21b838963f42:8acae2c4794d364a017af66863e41bae:GESAN,https://www.kap.org.tr/tr/Pazarlar,NO_HISTORICAL_TICKER_FOUND,Collection continues under the current ticker; no alias was inferred.
GIPTA,,No official historical ticker transition was present in V1 inputs.,,NO_OFFICIAL_TRANSITION_EVIDENCE,KAP_MARKETS,KAP_MARKET:4028328c550642950155066367d0001b:4028328c6d92933b016e21b838963f42:8acae2c486d22a3a018a5106156c5c3d:GIPTA,https://www.kap.org.tr/tr/Pazarlar,NO_HISTORICAL_TICKER_FOUND,Collection continues under the current ticker; no alias was inferred.
GLBMD,,No official historical ticker transition was present in V1 inputs.,,NO_OFFICIAL_TRANSITION_EVIDENCE,KAP_MARKETS,KAP_MARKET:4028328c550642950155066367d0001b:4028328c6d92933b016e21b91b463f54:4028e4a140e95bea0140ee21b10d0188:GLBMD,https://www.kap.org.tr/tr/Pazarlar,NO_HISTORICAL_TICKER_FOUND,Collection continues under the current ticker; no alias was inferred.
GLCVY,,No official historical ticker transition was present in V1 inputs.,,NO_OFFICIAL_TRANSITION_EVIDENCE,KAP_MARKETS,KAP_MARKET:4028328c550642950155066367d0001b:4028328c6d92933b016e21b838963f42:8acae2c465a51c3801683c2840c516cb:GLCVY,https://www.kap.org.tr/tr/Pazarlar,NO_HISTORICAL_TICKER_FOUND,Collection continues under the current ticker; no alias was inferred.
GLRMK,,No official historical ticker transition was present in V1 inputs.,,NO_OFFICIAL_TRANSITION_EVIDENCE,KAP_MARKETS,KAP_MARKET:4028328c550642950155066367d0001b:4028328c6d92933b016e21b838963f42:4028e4a1416e696301416f392897603f:GLRMK,https://www.kap.org.tr/tr/Pazarlar,NO_HISTORICAL_TICKER_FOUND,Collection continues under the current ticker; no alias was inferred.
GLRYH,,No official historical ticker transition was present in V1 inputs.,,NO_OFFICIAL_TRANSITION_EVIDENCE,KAP_MARKETS,KAP_MARKET:4028328c550642950155066367d0001b:33E5FED802CC00EAE0530A4A622B2AEA:4028e4a240f2ef4c01410cf733f303d9:GLRYH,https://www.kap.org.tr/tr/Pazarlar,NO_HISTORICAL_TICKER_FOUND,Collection continues under the current ticker; no alias was inferred.
GLYHO,,No official historical ticker transition was present in V1 inputs.,,NO_OFFICIAL_TRANSITION_EVIDENCE,KAP_MARKETS,KAP_MARKET:4028328c550642950155066367d0001b:4028328c6d92933b016e21b838963f42:4028e4a140e95bea0140ee24416e0197:GLYHO,https://www.kap.org.tr/tr/Pazarlar,NO_HISTORICAL_TICKER_FOUND,Collection continues under the current ticker; no alias was inferred.
GMTAS,,No official historical ticker transition was present in V1 inputs.,,NO_OFFICIAL_TRANSITION_EVIDENCE,KAP_MARKETS,KAP_MARKET:4028328c550642950155066367d0001b:4028328c6d92933b016e21b838963f42:a3ff494df37b408aa9088106fe98f59e:GMTAS,https://www.kap.org.tr/tr/Pazarlar,NO_HISTORICAL_TICKER_FOUND,Collection continues under the current ticker; no alias was inferred.
GOKNR,,No official historical ticker transition was present in V1 inputs.,,NO_OFFICIAL_TRANSITION_EVIDENCE,KAP_MARKETS,KAP_MARKET:4028328c550642950155066367d0001b:4028328c6d92933b016e21b838963f42:4028e4a1462cc5dd0146673d70055928:GOKNR,https://www.kap.org.tr/tr/Pazarlar,NO_HISTORICAL_TICKER_FOUND,Collection continues under the current ticker; no alias was inferred.
GOLDA,,No official historical ticker transition was present in V1 inputs.,,NO_OFFICIAL_TRANSITION_EVIDENCE,KAP_MARKETS,KAP_MARKET:4028328c550642950155066367d0001b:33E5FED802CC00EAE0530A4A622B2AEA:4028e4a244a081800145b2cb692413b4:GOLDA,https://www.kap.org.tr/tr/Pazarlar,NO_HISTORICAL_TICKER_FOUND,Collection continues under the current ticker; no alias was inferred.
GOLTS,,No official historical ticker transition was present in V1 inputs.,,NO_OFFICIAL_TRANSITION_EVIDENCE,KAP_MARKETS,KAP_MARKET:4028328c550642950155066367d0001b:4028328c6d92933b016e21b838963f42:4028e4a140e95be70140ee27ccd40129:GOLTS,https://www.kap.org.tr/tr/Pazarlar,NO_HISTORICAL_TICKER_FOUND,Collection continues under the current ticker; no alias was inferred.
GOODY,,No official historical ticker transition was present in V1 inputs.,,NO_OFFICIAL_TRANSITION_EVIDENCE,KAP_MARKETS,KAP_MARKET:4028328c550642950155066367d0001b:33E5FED802CC00EAE0530A4A622B2AEA:4028e4a140f2ed7101412bfc6f340359:GOODY,https://www.kap.org.tr/tr/Pazarlar,NO_HISTORICAL_TICKER_FOUND,Collection continues under the current ticker; no alias was inferred.
GOZDE,,No official historical ticker transition was present in V1 inputs.,,NO_OFFICIAL_TRANSITION_EVIDENCE,KAP_MARKETS,KAP_MARKET:4028328c550642950155066367d0001b:4028328c6d92933b016e21b838963f42:4028e4a24158e42201415b0210ba60ef:GOZDE,https://www.kap.org.tr/tr/Pazarlar,NO_HISTORICAL_TICKER_FOUND,Collection continues under the current ticker; no alias was inferred.
GRNYO,,No official historical ticker transition was present in V1 inputs.,,NO_OFFICIAL_TRANSITION_EVIDENCE,KAP_MARKETS,KAP_MARKET:4028328c550642950155066367d0001b:4028328c6d92933b016e21b91b463f54:4028e4a240f2ef470141271e9d5104d3:GRNYO,https://www.kap.org.tr/tr/Pazarlar,NO_HISTORICAL_TICKER_FOUND,Collection continues under the current ticker; no alias was inferred.
GRSEL,,No official historical ticker transition was present in V1 inputs.,,NO_OFFICIAL_TRANSITION_EVIDENCE,KAP_MARKETS,KAP_MARKET:4028328c550642950155066367d0001b:4028328c6d92933b016e21b838963f42:8acae2c47d3bee50017f2c2fc65150e6:GRSEL,https://www.kap.org.tr/tr/Pazarlar,NO_HISTORICAL_TICKER_FOUND,Collection continues under the current ticker; no alias was inferred.
GRTHO,,No official historical ticker transition was present in V1 inputs.,,NO_OFFICIAL_TRANSITION_EVIDENCE,KAP_MARKETS,KAP_MARKET:4028328c550642950155066367d0001b:4028328c6d92933b016e21b838963f42:8acae2c48304fe9c018466742a3b2960:GRTHO,https://www.kap.org.tr/tr/Pazarlar,NO_HISTORICAL_TICKER_FOUND,Collection continues under the current ticker; no alias was inferred.
GSDDE,,No official historical ticker transition was present in V1 inputs.,,NO_OFFICIAL_TRANSITION_EVIDENCE,KAP_MARKETS,KAP_MARKET:4028328c550642950155066367d0001b:33E5FED802CC00EAE0530A4A622B2AEA:4028e4a140e95be70140ee2a7f39013b:GSDDE,https://www.kap.org.tr/tr/Pazarlar,NO_HISTORICAL_TICKER_FOUND,Collection continues under the current ticker; no alias was inferred.
GSDHO,,No official historical ticker transition was present in V1 inputs.,,NO_OFFICIAL_TRANSITION_EVIDENCE,KAP_MARKETS,KAP_MARKET:4028328c550642950155066367d0001b:33E5FED802CC00EAE0530A4A622B2AEA:4028e4a140e95be70140ee2be54b014a:GSDHO,https://www.kap.org.tr/tr/Pazarlar,NO_HISTORICAL_TICKER_FOUND,Collection continues under the current ticker; no alias was inferred.
GSRAY,,No official historical ticker transition was present in V1 inputs.,,NO_OFFICIAL_TRANSITION_EVIDENCE,KAP_MARKETS,KAP_MARKET:4028328c550642950155066367d0001b:4028328c6d92933b016e21b838963f42:4028e4a14203278a0142095598f114ba:GSRAY,https://www.kap.org.tr/tr/Pazarlar,NO_HISTORICAL_TICKER_FOUND,Collection continues under the current ticker; no alias was inferred.
GUBRF,,No official historical ticker transition was present in V1 inputs.,,NO_OFFICIAL_TRANSITION_EVIDENCE,KAP_MARKETS,KAP_MARKET:4028328c550642950155066367d0001b:4028328c6d92933b016e21b838963f42:4028e4a241733d4a01417989f3760a4d:GUBRF,https://www.kap.org.tr/tr/Pazarlar,NO_HISTORICAL_TICKER_FOUND,Collection continues under the current ticker; no alias was inferred.
GUNDG,,No official historical ticker transition was present in V1 inputs.,,NO_OFFICIAL_TRANSITION_EVIDENCE,KAP_MARKETS,KAP_MARKET:4028328c550642950155066367d0001b:33E5FED802CC00EAE0530A4A622B2AEA:8acae2c59145e00a019146a7cde301bc:GUNDG,https://www.kap.org.tr/tr/Pazarlar,NO_HISTORICAL_TICKER_FOUND,Collection continues under the current ticker; no alias was inferred.
GWIND,,No official historical ticker transition was present in V1 inputs.,,NO_OFFICIAL_TRANSITION_EVIDENCE,KAP_MARKETS,KAP_MARKET:4028328c550642950155066367d0001b:4028328c6d92933b016e21b838963f42:8acae2c46d7599a6016dee0b5aec36b2:GWIND,https://www.kap.org.tr/tr/Pazarlar,NO_HISTORICAL_TICKER_FOUND,Collection continues under the current ticker; no alias was inferred.
GZNMI,,No official historical ticker transition was present in V1 inputs.,,NO_OFFICIAL_TRANSITION_EVIDENCE,KAP_MARKETS,KAP_MARKET:4028328c550642950155066367d0001b:33E5FED802CC00EAE0530A4A622B2AEA:8acae2c47d3bee50017e3445b465578f:GZNMI,https://www.kap.org.tr/tr/Pazarlar,NO_HISTORICAL_TICKER_FOUND,Collection continues under the current ticker; no alias was inferred.
HALKB,,No official historical ticker transition was present in V1 inputs.,,NO_OFFICIAL_TRANSITION_EVIDENCE,KAP_MARKETS,KAP_MARKET:4028328c550642950155066367d0001b:4028328c6d92933b016e21b838963f42:1DE05DAA82C3073AE0530A4A622A2EBD:HALKB,https://www.kap.org.tr/tr/Pazarlar,NO_HISTORICAL_TICKER_FOUND,Collection continues under the current ticker; no alias was inferred.
HATEK,,No official historical ticker transition was present in V1 inputs.,,NO_OFFICIAL_TRANSITION_EVIDENCE,KAP_MARKETS,KAP_MARKET:4028328c550642950155066367d0001b:33E5FED802CC00EAE0530A4A622B2AEA:4028e4a141e536460141e5859f40059b:HATEK,https://www.kap.org.tr/tr/Pazarlar,NO_HISTORICAL_TICKER_FOUND,Collection continues under the current ticker; no alias was inferred.
HATSN,,No official historical ticker transition was present in V1 inputs.,,NO_OFFICIAL_TRANSITION_EVIDENCE,KAP_MARKETS,KAP_MARKET:4028328c550642950155066367d0001b:4028328c6d92933b016e21b838963f42:8acae2c586d22c51018a739bad647f5a:HATSN,https://www.kap.org.tr/tr/Pazarlar,NO_HISTORICAL_TICKER_FOUND,Collection continues under the current ticker; no alias was inferred.
HDFGS,,No official historical ticker transition was present in V1 inputs.,,NO_OFFICIAL_TRANSITION_EVIDENCE,KAP_MARKETS,KAP_MARKET:4028328c550642950155066367d0001b:33E5FED802CC00EAE0530A4A622B2AEA:4028e4a242140a9601422820b6da43f8:HDFGS,https://www.kap.org.tr/tr/Pazarlar,NO_HISTORICAL_TICKER_FOUND,Collection continues under the current ticker; no alias was inferred.
HEDEF,,No official historical ticker transition was present in V1 inputs.,,NO_OFFICIAL_TRANSITION_EVIDENCE,KAP_MARKETS,KAP_MARKET:4028328c550642950155066367d0001b:33E5FED802CC00EAE0530A4A622B2AEA:8acae2c4794d3648017a8bd7bc0103df:HEDEF,https://www.kap.org.tr/tr/Pazarlar,NO_HISTORICAL_TICKER_FOUND,Collection continues under the current ticker; no alias was inferred.
HEKTS,,No official historical ticker transition was present in V1 inputs.,,NO_OFFICIAL_TRANSITION_EVIDENCE,KAP_MARKETS,KAP_MARKET:4028328c550642950155066367d0001b:4028328c6d92933b016e21b838963f42:4028e4a140ee35c00140ee5d194a0055:HEKTS,https://www.kap.org.tr/tr/Pazarlar,NO_HISTORICAL_TICKER_FOUND,Collection continues under the current ticker; no alias was inferred.
HKTM,,No official historical ticker transition was present in V1 inputs.,,NO_OFFICIAL_TRANSITION_EVIDENCE,KAP_MARKETS,KAP_MARKET:4028328c550642950155066367d0001b:33E5FED802CC00EAE0530A4A622B2AEA:8acae2c5812b84a401816252165513b1:HKTM,https://www.kap.org.tr/tr/Pazarlar,NO_HISTORICAL_TICKER_FOUND,Collection continues under the current ticker; no alias was inferred.
HLGYO,,No official historical ticker transition was present in V1 inputs.,,NO_OFFICIAL_TRANSITION_EVIDENCE,KAP_MARKETS,KAP_MARKET:4028328c550642950155066367d0001b:4028328c6d92933b016e21b838963f42:4028e4a240ee37a30140ee53e47c0057:HLGYO,https://www.kap.org.tr/tr/Pazarlar,NO_HISTORICAL_TICKER_FOUND,Collection continues under the current ticker; no alias was inferred.
HOROZ,,No official historical ticker transition was present in V1 inputs.,,NO_OFFICIAL_TRANSITION_EVIDENCE,KAP_MARKETS,KAP_MARKET:4028328c550642950155066367d0001b:33E5FED802CC00EAE0530A4A622B2AEA:8acae2c58b2fa64e018fabc0441664a1:HOROZ,https://www.kap.org.tr/tr/Pazarlar,NO_HISTORICAL_TICKER_FOUND,Collection continues under the current ticker; no alias was inferred.
HRKET,,No official historical ticker transition was present in V1 inputs.,,NO_OFFICIAL_TRANSITION_EVIDENCE,KAP_MARKETS,KAP_MARKET:4028328c550642950155066367d0001b:4028328c6d92933b016e21b838963f42:8acae2c48c3efabf018f632d8d082913:HRKET,https://www.kap.org.tr/tr/Pazarlar,NO_HISTORICAL_TICKER_FOUND,Collection continues under the current ticker; no alias was inferred.
HTTBT,,No official historical ticker transition was present in V1 inputs.,,NO_OFFICIAL_TRANSITION_EVIDENCE,KAP_MARKETS,KAP_MARKET:4028328c550642950155066367d0001b:4028328c6d92933b016e21b838963f42:8acae2c57d3bf002017e016f30e442c6:HTTBT,https://www.kap.org.tr/tr/Pazarlar,NO_HISTORICAL_TICKER_FOUND,Collection continues under the current ticker; no alias was inferred.
HUBVC,,No official historical ticker transition was present in V1 inputs.,,NO_OFFICIAL_TRANSITION_EVIDENCE,KAP_MARKETS,KAP_MARKET:4028328c550642950155066367d0001b:4028328c6d92933b016e21b91b463f54:4028e4a240f2ef4c01413b59d12c0749:HUBVC,https://www.kap.org.tr/tr/Pazarlar,NO_HISTORICAL_TICKER_FOUND,Collection continues under the current ticker; no alias was inferred.
HUNER,,No official historical ticker transition was present in V1 inputs.,,NO_OFFICIAL_TRANSITION_EVIDENCE,KAP_MARKETS,KAP_MARKET:4028328c550642950155066367d0001b:33E5FED802CC00EAE0530A4A622B2AEA:8acae2c47d3bee4e017e347a3f5a5b1a:HUNER,https://www.kap.org.tr/tr/Pazarlar,NO_HISTORICAL_TICKER_FOUND,Collection continues under the current ticker; no alias was inferred.
HURGZ,,No official historical ticker transition was present in V1 inputs.,,NO_OFFICIAL_TRANSITION_EVIDENCE,KAP_MARKETS,KAP_MARKET:4028328c550642950155066367d0001b:33E5FED802CC00EAE0530A4A622B2AEA:4028e4a140ee35c70140ee6408650041:HURGZ,https://www.kap.org.tr/tr/Pazarlar,NO_HISTORICAL_TICKER_FOUND,Collection continues under the current ticker; no alias was inferred.
ICBCT,,No official historical ticker transition was present in V1 inputs.,,NO_OFFICIAL_TRANSITION_EVIDENCE,KAP_MARKETS,KAP_MARKET:4028328c550642950155066367d0001b:33E5FED802CC00EAE0530A4A622B2AEA:4028e4a24158e42401415a700e104f3f:ICBCT,https://www.kap.org.tr/tr/Pazarlar,NO_HISTORICAL_TICKER_FOUND,Collection continues under the current ticker; no alias was inferred.
ICUGS,,No official historical ticker transition was present in V1 inputs.,,NO_OFFICIAL_TRANSITION_EVIDENCE,KAP_MARKETS,KAP_MARKET:4028328c550642950155066367d0001b:33E5FED802CC00EAE0530A4A622B2AEA:4028e4a141e536460141e53ba7790052:ICUGS,https://www.kap.org.tr/tr/Pazarlar,NO_HISTORICAL_TICKER_FOUND,Collection continues under the current ticker; no alias was inferred.
IDGYO,,No official historical ticker transition was present in V1 inputs.,,NO_OFFICIAL_TRANSITION_EVIDENCE,KAP_MARKETS,KAP_MARKET:4028328c550642950155066367d0001b:4028328c6d92933b016e21b91b463f54:4028e4a14184e9c901419d6d716e6b19:IDGYO,https://www.kap.org.tr/tr/Pazarlar,NO_HISTORICAL_TICKER_FOUND,Collection continues under the current ticker; no alias was inferred.
IEYHO,,No official historical ticker transition was present in V1 inputs.,,NO_OFFICIAL_TRANSITION_EVIDENCE,KAP_MARKETS,KAP_MARKET:4028328c550642950155066367d0001b:4028328c6d92933b016e21b838963f42:4028e4a140f2ed7201410d315d200314:IEYHO,https://www.kap.org.tr/tr/Pazarlar,NO_HISTORICAL_TICKER_FOUND,Collection continues under the current ticker; no alias was inferred.
IHAAS,,No official historical ticker transition was present in V1 inputs.,,NO_OFFICIAL_TRANSITION_EVIDENCE,KAP_MARKETS,KAP_MARKET:4028328c550642950155066367d0001b:33E5FED802CC00EAE0530A4A622B2AEA:8acae2c57afb2d70017bdf2f5af067ed:IHAAS,https://www.kap.org.tr/tr/Pazarlar,NO_HISTORICAL_TICKER_FOUND,Collection continues under the current ticker; no alias was inferred.
IHEVA,,No official historical ticker transition was present in V1 inputs.,,NO_OFFICIAL_TRANSITION_EVIDENCE,KAP_MARKETS,KAP_MARKET:4028328c550642950155066367d0001b:4028328c6d92933b016e21b91b463f54:4028e4a240ee37a30140ee7a98160079:IHEVA,https://www.kap.org.tr/tr/Pazarlar,NO_HISTORICAL_TICKER_FOUND,Collection continues under the current ticker; no alias was inferred.
IHGZT,,No official historical ticker transition was present in V1 inputs.,,NO_OFFICIAL_TRANSITION_EVIDENCE,KAP_MARKETS,KAP_MARKET:4028328c550642950155066367d0001b:33E5FED802CC00EAE0530A4A622B2AEA:4028e4a140ee84900140f1f8d5bc003c:IHGZT,https://www.kap.org.tr/tr/Pazarlar,NO_HISTORICAL_TICKER_FOUND,Collection continues under the current ticker; no alias was inferred.
IHLAS,,No official historical ticker transition was present in V1 inputs.,,NO_OFFICIAL_TRANSITION_EVIDENCE,KAP_MARKETS,KAP_MARKET:4028328c550642950155066367d0001b:4028328c6d92933b016e21b838963f42:4028e4a140ee84900140f1fbc6b1004f:IHLAS,https://www.kap.org.tr/tr/Pazarlar,NO_HISTORICAL_TICKER_FOUND,Collection continues under the current ticker; no alias was inferred.
IHLGM,,No official historical ticker transition was present in V1 inputs.,,NO_OFFICIAL_TRANSITION_EVIDENCE,KAP_MARKETS,KAP_MARKET:4028328c550642950155066367d0001b:33E5FED802CC00EAE0530A4A622B2AEA:4028e4a141a25dcb0141a2a7a0060471:IHLGM,https://www.kap.org.tr/tr/Pazarlar,NO_HISTORICAL_TICKER_FOUND,Collection continues under the current ticker; no alias was inferred.
IHYAY,,No official historical ticker transition was present in V1 inputs.,,NO_OFFICIAL_TRANSITION_EVIDENCE,KAP_MARKETS,KAP_MARKET:4028328c550642950155066367d0001b:4028328c6d92933b016e21b91b463f54:4028e4a140ee847b0140f205c4270035:IHYAY,https://www.kap.org.tr/tr/Pazarlar,NO_HISTORICAL_TICKER_FOUND,Collection continues under the current ticker; no alias was inferred.
IMASM,,No official historical ticker transition was present in V1 inputs.,,NO_OFFICIAL_TRANSITION_EVIDENCE,KAP_MARKETS,KAP_MARKET:4028328c550642950155066367d0001b:33E5FED802CC00EAE0530A4A622B2AEA:8acae2c47f7cb49201802cedfbb46d26:IMASM,https://www.kap.org.tr/tr/Pazarlar,NO_HISTORICAL_TICKER_FOUND,Collection continues under the current ticker; no alias was inferred.
INDES,,No official historical ticker transition was present in V1 inputs.,,NO_OFFICIAL_TRANSITION_EVIDENCE,KAP_MARKETS,KAP_MARKET:4028328c550642950155066367d0001b:4028328c6d92933b016e21b838963f42:4028e4a2416e697d01416ead8a0615a7:INDES,https://www.kap.org.tr/tr/Pazarlar,NO_HISTORICAL_TICKER_FOUND,Collection continues under the current ticker; no alias was inferred.
INFO,,No official historical ticker transition was present in V1 inputs.,,NO_OFFICIAL_TRANSITION_EVIDENCE,KAP_MARKETS,KAP_MARKET:4028328c550642950155066367d0001b:33E5FED802CC00EAE0530A4A622B2AEA:4028e4a2416e696c01416edd30ca3148:INFO,https://www.kap.org.tr/tr/Pazarlar,NO_HISTORICAL_TICKER_FOUND,Collection continues under the current ticker; no alias was inferred.
INGRM,,No official historical ticker transition was present in V1 inputs.,,NO_OFFICIAL_TRANSITION_EVIDENCE,KAP_MARKETS,KAP_MARKET:4028328c550642950155066367d0001b:33E5FED802CC00EAE0530A4A622B2AEA:4028e4a241462fd80141556f6a9308a2:INGRM,https://www.kap.org.tr/tr/Pazarlar,NO_HISTORICAL_TICKER_FOUND,Collection continues under the current ticker; no alias was inferred.
INTEK,,No official historical ticker transition was present in V1 inputs.,,NO_OFFICIAL_TRANSITION_EVIDENCE,KAP_MARKETS,KAP_MARKET:4028328c550642950155066367d0001b:33E5FED802B000EAE0530A4A622B2AEA:402821824bf524dc014bff15df9f2027:INTEK,https://www.kap.org.tr/tr/Pazarlar,NO_HISTORICAL_TICKER_FOUND,Collection continues under the current ticker; no alias was inferred.
INTEM,,No official historical ticker transition was present in V1 inputs.,,NO_OFFICIAL_TRANSITION_EVIDENCE,KAP_MARKETS,KAP_MARKET:4028328c550642950155066367d0001b:33E5FED802CC00EAE0530A4A622B2AEA:4028e4a241e538b40141e572868704e7:INTEM,https://www.kap.org.tr/tr/Pazarlar,NO_HISTORICAL_TICKER_FOUND,Collection continues under the current ticker; no alias was inferred.
INVEO,,No official historical ticker transition was present in V1 inputs.,,NO_OFFICIAL_TRANSITION_EVIDENCE,KAP_MARKETS,KAP_MARKET:4028328c550642950155066367d0001b:4028328c6d92933b016e21b838963f42:4028e4a140f2ed7201413b67b22f0929:INVEO,https://www.kap.org.tr/tr/Pazarlar,NO_HISTORICAL_TICKER_FOUND,Collection continues under the current ticker; no alias was inferred.
INVES,,No official historical ticker transition was present in V1 inputs.,,NO_OFFICIAL_TRANSITION_EVIDENCE,KAP_MARKETS,KAP_MARKET:4028328c550642950155066367d0001b:4028328c6d92933b016e21b838963f42:8acae2c47d3bee50017f0bbbbbfa3c0e:INVES,https://www.kap.org.tr/tr/Pazarlar,NO_HISTORICAL_TICKER_FOUND,Collection continues under the current ticker; no alias was inferred.
ISATR,,No official historical ticker transition was present in V1 inputs.,,NO_OFFICIAL_TRANSITION_EVIDENCE,KAP_MARKETS,KAP_MARKET:4028328c550642950155066367d0001b:4028328c6d92933b016e21b91b463f54:4028e4a140f2ed7201411682b0cb05c6:ISATR,https://www.kap.org.tr/tr/Pazarlar,NO_HISTORICAL_TICKER_FOUND,Collection continues under the current ticker; no alias was inferred.
ISBIR,,No official historical ticker transition was present in V1 inputs.,,NO_OFFICIAL_TRANSITION_EVIDENCE,KAP_MARKETS,KAP_MARKET:4028328c550642950155066367d0001b:33E5FED802B000EAE0530A4A622B2AEA:4028e4a240f2ef4c0141017954a000b4:ISBIR,https://www.kap.org.tr/tr/Pazarlar,NO_HISTORICAL_TICKER_FOUND,Collection continues under the current ticker; no alias was inferred.
ISBTR,,No official historical ticker transition was present in V1 inputs.,,NO_OFFICIAL_TRANSITION_EVIDENCE,KAP_MARKETS,KAP_MARKET:4028328c550642950155066367d0001b:4028328c6d92933b016e21b91b463f54:4028e4a140f2ed7201411682b0cb05c6:ISBTR,https://www.kap.org.tr/tr/Pazarlar,NO_HISTORICAL_TICKER_FOUND,Collection continues under the current ticker; no alias was inferred.
ISCTR,,No official historical ticker transition was present in V1 inputs.,,NO_OFFICIAL_TRANSITION_EVIDENCE,KAP_MARKETS,KAP_MARKET:4028328c550642950155066367d0001b:4028328c6d92933b016e21b838963f42:4028e4a140f2ed7201411682b0cb05c6:ISCTR,https://www.kap.org.tr/tr/Pazarlar,NO_HISTORICAL_TICKER_FOUND,Collection continues under the current ticker; no alias was inferred.
ISDMR,,No official historical ticker transition was present in V1 inputs.,,NO_OFFICIAL_TRANSITION_EVIDENCE,KAP_MARKETS,KAP_MARKET:4028328c550642950155066367d0001b:4028328c6d92933b016e21b838963f42:4028e4a2416e696c01416ee8eb7b3770:ISDMR,https://www.kap.org.tr/tr/Pazarlar,NO_HISTORICAL_TICKER_FOUND,Collection continues under the current ticker; no alias was inferred.
ISFIN,,No official historical ticker transition was present in V1 inputs.,,NO_OFFICIAL_TRANSITION_EVIDENCE,KAP_MARKETS,KAP_MARKET:4028328c550642950155066367d0001b:4028328c6d92933b016e21b838963f42:4028e4a140f2ed7101410d272d690188:ISFIN,https://www.kap.org.tr/tr/Pazarlar,NO_HISTORICAL_TICKER_FOUND,Collection continues under the current ticker; no alias was inferred.
ISGSY,,No official historical ticker transition was present in V1 inputs.,,NO_OFFICIAL_TRANSITION_EVIDENCE,KAP_MARKETS,KAP_MARKET:4028328c550642950155066367d0001b:33E5FED802CC00EAE0530A4A622B2AEA:4028e4a240ee866c0140f273ea66014d:ISGSY,https://www.kap.org.tr/tr/Pazarlar,NO_HISTORICAL_TICKER_FOUND,Collection continues under the current ticker; no alias was inferred.
ISGYO,,No official historical ticker transition was present in V1 inputs.,,NO_OFFICIAL_TRANSITION_EVIDENCE,KAP_MARKETS,KAP_MARKET:4028328c550642950155066367d0001b:4028328c6d92933b016e21b838963f42:4028e4a140f2ed7201412acbeb8b06f7:ISGYO,https://www.kap.org.tr/tr/Pazarlar,NO_HISTORICAL_TICKER_FOUND,Collection continues under the current ticker; no alias was inferred.
ISKPL,,No official historical ticker transition was present in V1 inputs.,,NO_OFFICIAL_TRANSITION_EVIDENCE,KAP_MARKETS,KAP_MARKET:4028328c550642950155066367d0001b:4028328c6d92933b016e21b838963f42:8acae2c575a1b5b601770603623b7c43:ISKPL,https://www.kap.org.tr/tr/Pazarlar,NO_HISTORICAL_TICKER_FOUND,Collection continues under the current ticker; no alias was inferred.
ISKUR,,No official historical ticker transition was present in V1 inputs.,,NO_OFFICIAL_TRANSITION_EVIDENCE,KAP_MARKETS,KAP_MARKET:4028328c550642950155066367d0001b:4028328c6d92933b016e21b91b463f54:4028e4a140f2ed7201411682b0cb05c6:ISKUR,https://www.kap.org.tr/tr/Pazarlar,NO_HISTORICAL_TICKER_FOUND,Collection continues under the current ticker; no alias was inferred.
ISMEN,,No official historical ticker transition was present in V1 inputs.,,NO_OFFICIAL_TRANSITION_EVIDENCE,KAP_MARKETS,KAP_MARKET:4028328c550642950155066367d0001b:4028328c6d92933b016e21b838963f42:4028e4a140f275530140f277aa100008:ISMEN,https://www.kap.org.tr/tr/Pazarlar,NO_HISTORICAL_TICKER_FOUND,Collection continues under the current ticker; no alias was inferred.
ISSEN,,No official historical ticker transition was present in V1 inputs.,,NO_OFFICIAL_TRANSITION_EVIDENCE,KAP_MARKETS,KAP_MARKET:4028328c550642950155066367d0001b:33E5FED802CC00EAE0530A4A622B2AEA:8acae2c452495e0b0152ef57ae190f85:ISSEN,https://www.kap.org.tr/tr/Pazarlar,NO_HISTORICAL_TICKER_FOUND,Collection continues under the current ticker; no alias was inferred.
ISVEA,,No official historical ticker transition was present in V1 inputs.,,NO_OFFICIAL_TRANSITION_EVIDENCE,KAP_MARKETS,KAP_MARKET:4028328c550642950155066367d0001b:33E5FED802CC00EAE0530A4A622B2AEA:8acae2c59ee1b2d8019eff2b840a0df8:ISVEA,https://www.kap.org.tr/tr/Pazarlar,NO_HISTORICAL_TICKER_FOUND,Collection continues under the current ticker; no alias was inferred.
ISYAT,,No official historical ticker transition was present in V1 inputs.,,NO_OFFICIAL_TRANSITION_EVIDENCE,KAP_MARKETS,KAP_MARKET:4028328c550642950155066367d0001b:33E5FED802CC00EAE0530A4A622B2AEA:4028e4a240ee866c0140f2710c33013d:ISYAT,https://www.kap.org.tr/tr/Pazarlar,NO_HISTORICAL_TICKER_FOUND,Collection continues under the current ticker; no alias was inferred.
IZENR,,No official historical ticker transition was present in V1 inputs.,,NO_OFFICIAL_TRANSITION_EVIDENCE,KAP_MARKETS,KAP_MARKET:4028328c550642950155066367d0001b:4028328c6d92933b016e21b838963f42:8acae2c5534651ff0153612ea22a02ec:IZENR,https://www.kap.org.tr/tr/Pazarlar,NO_HISTORICAL_TICKER_FOUND,Collection continues under the current ticker; no alias was inferred.
IZFAS,,No official historical ticker transition was present in V1 inputs.,,NO_OFFICIAL_TRANSITION_EVIDENCE,KAP_MARKETS,KAP_MARKET:4028328c550642950155066367d0001b:33E5FED802CC00EAE0530A4A622B2AEA:4028e4a146b4c41301485f8c72095698:IZFAS,https://www.kap.org.tr/tr/Pazarlar,NO_HISTORICAL_TICKER_FOUND,Collection continues under the current ticker; no alias was inferred.
IZINV,,No official historical ticker transition was present in V1 inputs.,,NO_OFFICIAL_TRANSITION_EVIDENCE,KAP_MARKETS,KAP_MARKET:4028328c550642950155066367d0001b:33E5FED802CC00EAE0530A4A622B2AEA:1DE05DAA82FC073AE0530A4A622A2EBD:IZINV,https://www.kap.org.tr/tr/Pazarlar,NO_HISTORICAL_TICKER_FOUND,Collection continues under the current ticker; no alias was inferred.
IZMDC,,No official historical ticker transition was present in V1 inputs.,,NO_OFFICIAL_TRANSITION_EVIDENCE,KAP_MARKETS,KAP_MARKET:4028328c550642950155066367d0001b:33E5FED802CC00EAE0530A4A622B2AEA:4028e4a140f275550140f27e319401ca:IZMDC,https://www.kap.org.tr/tr/Pazarlar,NO_HISTORICAL_TICKER_FOUND,Collection continues under the current ticker; no alias was inferred.
JANTS,,No official historical ticker transition was present in V1 inputs.,,NO_OFFICIAL_TRANSITION_EVIDENCE,KAP_MARKETS,KAP_MARKET:4028328c550642950155066367d0001b:33E5FED802CC00EAE0530A4A622B2AEA:4028e4a240f2ef4c01413b1b57300719:JANTS,https://www.kap.org.tr/tr/Pazarlar,NO_HISTORICAL_TICKER_FOUND,Collection continues under the current ticker; no alias was inferred.
KAPLM,,No official historical ticker transition was present in V1 inputs.,,NO_OFFICIAL_TRANSITION_EVIDENCE,KAP_MARKETS,KAP_MARKET:4028328c550642950155066367d0001b:33E5FED802CC00EAE0530A4A622B2AEA:4028e4a1416e696501416f314a3960dc:KAPLM,https://www.kap.org.tr/tr/Pazarlar,NO_HISTORICAL_TICKER_FOUND,Collection continues under the current ticker; no alias was inferred.
KAREL,,No official historical ticker transition was present in V1 inputs.,,NO_OFFICIAL_TRANSITION_EVIDENCE,KAP_MARKETS,KAP_MARKET:4028328c550642950155066367d0001b:4028328c6d92933b016e21b838963f42:4028e4a246b4c5a90147d42c754a6bba:KAREL,https://www.kap.org.tr/tr/Pazarlar,NO_HISTORICAL_TICKER_FOUND,Collection continues under the current ticker; no alias was inferred.
KARSN,,No official historical ticker transition was present in V1 inputs.,,NO_OFFICIAL_TRANSITION_EVIDENCE,KAP_MARKETS,KAP_MARKET:4028328c550642950155066367d0001b:4028328c6d92933b016e21b838963f42:4028e4a140f275530140f2e357a501f7:KARSN,https://www.kap.org.tr/tr/Pazarlar,NO_HISTORICAL_TICKER_FOUND,Collection continues under the current ticker; no alias was inferred.
KARTN,,No official historical ticker transition was present in V1 inputs.,,NO_OFFICIAL_TRANSITION_EVIDENCE,KAP_MARKETS,KAP_MARKET:4028328c550642950155066367d0001b:33E5FED802CC00EAE0530A4A622B2AEA:4028e4a2416e697d01416e969af50d2e:KARTN,https://www.kap.org.tr/tr/Pazarlar,NO_HISTORICAL_TICKER_FOUND,Collection continues under the current ticker; no alias was inferred.
KATMR,,No official historical ticker transition was present in V1 inputs.,,NO_OFFICIAL_TRANSITION_EVIDENCE,KAP_MARKETS,KAP_MARKET:4028328c550642950155066367d0001b:4028328c6d92933b016e21b838963f42:4028e4a14184e9cf01419c001e945a74:KATMR,https://www.kap.org.tr/tr/Pazarlar,NO_HISTORICAL_TICKER_FOUND,Collection continues under the current ticker; no alias was inferred.
KAYSE,,No official historical ticker transition was present in V1 inputs.,,NO_OFFICIAL_TRANSITION_EVIDENCE,KAP_MARKETS,KAP_MARKET:4028328c550642950155066367d0001b:4028328c6d92933b016e21b838963f42:4028e4a144a0804f0145a837a7ad0a66:KAYSE,https://www.kap.org.tr/tr/Pazarlar,NO_HISTORICAL_TICKER_FOUND,Collection continues under the current ticker; no alias was inferred.
KBORU,,No official historical ticker transition was present in V1 inputs.,,NO_OFFICIAL_TRANSITION_EVIDENCE,KAP_MARKETS,KAP_MARKET:4028328c550642950155066367d0001b:4028328c6d92933b016e21b838963f42:8acae2c48b2fa259018c33b3ca910ba8:KBORU,https://www.kap.org.tr/tr/Pazarlar,NO_HISTORICAL_TICKER_FOUND,Collection continues under the current ticker; no alias was inferred.
KCAER,,No official historical ticker transition was present in V1 inputs.,,NO_OFFICIAL_TRANSITION_EVIDENCE,KAP_MARKETS,KAP_MARKET:4028328c550642950155066367d0001b:4028328c6d92933b016e21b838963f42:4028e4a2416f888d01416f9ea04a058f:KCAER,https://www.kap.org.tr/tr/Pazarlar,NO_HISTORICAL_TICKER_FOUND,Collection continues under the current ticker; no alias was inferred.
KCHOL,,No official historical ticker transition was present in V1 inputs.,,NO_OFFICIAL_TRANSITION_EVIDENCE,KAP_MARKETS,KAP_MARKET:4028328c550642950155066367d0001b:4028328c6d92933b016e21b838963f42:4028e4a140f2ed710140f2f4d6c70039:KCHOL,https://www.kap.org.tr/tr/Pazarlar,NO_HISTORICAL_TICKER_FOUND,Collection continues under the current ticker; no alias was inferred.
KENT,,No official historical ticker transition was present in V1 inputs.,,NO_OFFICIAL_TRANSITION_EVIDENCE,KAP_MARKETS,KAP_MARKET:4028328c550642950155066367d0001b:33E5FED802B000EAE0530A4A622B2AEA:4028e4a14184e9cf01419c41a8125db1:KENT,https://www.kap.org.tr/tr/Pazarlar,NO_HISTORICAL_TICKER_FOUND,Collection continues under the current ticker; no alias was inferred.
KERVN,,No official historical ticker transition was present in V1 inputs.,,NO_OFFICIAL_TRANSITION_EVIDENCE,KAP_MARKETS,KAP_MARKET:4028328c550642950155066367d0001b:33E5FED802BE00EAE0530A4A622B2AEA:4028e4a1415f4d9901416004afc13142:KERVN,https://www.kap.org.tr/tr/Pazarlar,NO_HISTORICAL_TICKER_FOUND,Collection continues under the current ticker; no alias was inferred.
KFEIN,,No official historical ticker transition was present in V1 inputs.,,NO_OFFICIAL_TRANSITION_EVIDENCE,KAP_MARKETS,KAP_MARKET:4028328c550642950155066367d0001b:33E5FED802CC00EAE0530A4A622B2AEA:8acae2c55835f84c015848477328085a:KFEIN,https://www.kap.org.tr/tr/Pazarlar,NO_HISTORICAL_TICKER_FOUND,Collection continues under the current ticker; no alias was inferred.
KGYO,,No official historical ticker transition was present in V1 inputs.,,NO_OFFICIAL_TRANSITION_EVIDENCE,KAP_MARKETS,KAP_MARKET:4028328c550642950155066367d0001b:33E5FED802CC00EAE0530A4A622B2AEA:4028e4a240f2ef4c0141176f57ca04a5:KGYO,https://www.kap.org.tr/tr/Pazarlar,NO_HISTORICAL_TICKER_FOUND,Collection continues under the current ticker; no alias was inferred.
KIMMR,,No official historical ticker transition was present in V1 inputs.,,NO_OFFICIAL_TRANSITION_EVIDENCE,KAP_MARKETS,KAP_MARKET:4028328c550642950155066367d0001b:33E5FED802CC00EAE0530A4A622B2AEA:8acae2c5794d3d6a01795f597b820707:KIMMR,https://www.kap.org.tr/tr/Pazarlar,NO_HISTORICAL_TICKER_FOUND,Collection continues under the current ticker; no alias was inferred.
KLGYO,,No official historical ticker transition was present in V1 inputs.,,NO_OFFICIAL_TRANSITION_EVIDENCE,KAP_MARKETS,KAP_MARKET:4028328c550642950155066367d0001b:4028328c6d92933b016e21b838963f42:4028e4a2415f4f8101415f7009a809a2:KLGYO,https://www.kap.org.tr/tr/Pazarlar,NO_HISTORICAL_TICKER_FOUND,Collection continues under the current ticker; no alias was inferred.
KLKIM,,No official historical ticker transition was present in V1 inputs.,,NO_OFFICIAL_TRANSITION_EVIDENCE,KAP_MARKETS,KAP_MARKET:4028328c550642950155066367d0001b:4028328c6d92933b016e21b838963f42:4028e4a144a0804f01452d35e88a3208:KLKIM,https://www.kap.org.tr/tr/Pazarlar,NO_HISTORICAL_TICKER_FOUND,Collection continues under the current ticker; no alias was inferred.
KLMSN,,No official historical ticker transition was present in V1 inputs.,,NO_OFFICIAL_TRANSITION_EVIDENCE,KAP_MARKETS,KAP_MARKET:4028328c550642950155066367d0001b:33E5FED802CC00EAE0530A4A622B2AEA:4028e4a2416e696c01416f7763e874db:KLMSN,https://www.kap.org.tr/tr/Pazarlar,NO_HISTORICAL_TICKER_FOUND,Collection continues under the current ticker; no alias was inferred.
KLNMA,,No official historical ticker transition was present in V1 inputs.,,NO_OFFICIAL_TRANSITION_EVIDENCE,KAP_MARKETS,KAP_MARKET:4028328c550642950155066367d0001b:33E5FED802B000EAE0530A4A622B2AEA:4028e4a14158e41e01415b2dc3476cf4:KLNMA,https://www.kap.org.tr/tr/Pazarlar,NO_HISTORICAL_TICKER_FOUND,Collection continues under the current ticker; no alias was inferred.
KLRHO,,No official historical ticker transition was present in V1 inputs.,,NO_OFFICIAL_TRANSITION_EVIDENCE,KAP_MARKETS,KAP_MARKET:4028328c550642950155066367d0001b:4028328c6d92933b016e21b838963f42:4028e4a1415f4d990141600b4b5331e2:KLRHO,https://www.kap.org.tr/tr/Pazarlar,NO_HISTORICAL_TICKER_FOUND,Collection continues under the current ticker; no alias was inferred.
KLSER,,No official historical ticker transition was present in V1 inputs.,,NO_OFFICIAL_TRANSITION_EVIDENCE,KAP_MARKETS,KAP_MARKET:4028328c550642950155066367d0001b:4028328c6d92933b016e21b838963f42:4028e4a140f275550140f285f6cf0246:KLSER,https://www.kap.org.tr/tr/Pazarlar,NO_HISTORICAL_TICKER_FOUND,Collection continues under the current ticker; no alias was inferred.
KLSYN,,No official historical ticker transition was present in V1 inputs.,,NO_OFFICIAL_TRANSITION_EVIDENCE,KAP_MARKETS,KAP_MARKET:4028328c550642950155066367d0001b:33E5FED802CC00EAE0530A4A622B2AEA:402821814da3a99c014f3b4e25ff608e:KLSYN,https://www.kap.org.tr/tr/Pazarlar,NO_HISTORICAL_TICKER_FOUND,Collection continues under the current ticker; no alias was inferred.
KLYPV,,No official historical ticker transition was present in V1 inputs.,,NO_OFFICIAL_TRANSITION_EVIDENCE,KAP_MARKETS,KAP_MARKET:4028328c550642950155066367d0001b:4028328c6d92933b016e21b838963f42:8acae2c494bafc930194bb236113010e:KLYPV,https://www.kap.org.tr/tr/Pazarlar,NO_HISTORICAL_TICKER_FOUND,Collection continues under the current ticker; no alias was inferred.
KMPUR,,No official historical ticker transition was present in V1 inputs.,,NO_OFFICIAL_TRANSITION_EVIDENCE,KAP_MARKETS,KAP_MARKET:4028328c550642950155066367d0001b:4028328c6d92933b016e21b838963f42:8acae2c47d3bee4e017da32a238f235f:KMPUR,https://www.kap.org.tr/tr/Pazarlar,NO_HISTORICAL_TICKER_FOUND,Collection continues under the current ticker; no alias was inferred.
KNFRT,,No official historical ticker transition was present in V1 inputs.,,NO_OFFICIAL_TRANSITION_EVIDENCE,KAP_MARKETS,KAP_MARKET:4028328c550642950155066367d0001b:33E5FED802CC00EAE0530A4A622B2AEA:4028e4a140f2ed710140f2fc30bc006e:KNFRT,https://www.kap.org.tr/tr/Pazarlar,NO_HISTORICAL_TICKER_FOUND,Collection continues under the current ticker; no alias was inferred.
KOCMT,,No official historical ticker transition was present in V1 inputs.,,NO_OFFICIAL_TRANSITION_EVIDENCE,KAP_MARKETS,KAP_MARKET:4028328c550642950155066367d0001b:4028328c6d92933b016e21b838963f42:4028e4a2416e696c01416f734ce273ad:KOCMT,https://www.kap.org.tr/tr/Pazarlar,NO_HISTORICAL_TICKER_FOUND,Collection continues under the current ticker; no alias was inferred.
KONKA,,No official historical ticker transition was present in V1 inputs.,,NO_OFFICIAL_TRANSITION_EVIDENCE,KAP_MARKETS,KAP_MARKET:4028328c550642950155066367d0001b:33E5FED802CC00EAE0530A4A622B2AEA:4028e4a244a08180014619dea2160482:KONKA,https://www.kap.org.tr/tr/Pazarlar,NO_HISTORICAL_TICKER_FOUND,Collection continues under the current ticker; no alias was inferred.
KONTR,,No official historical ticker transition was present in V1 inputs.,,NO_OFFICIAL_TRANSITION_EVIDENCE,KAP_MARKETS,KAP_MARKET:4028328c550642950155066367d0001b:33E5FED802BE00EAE0530A4A622B2AEA:8acae2c5745d76320174c4879b101cb2:KONTR,https://www.kap.org.tr/tr/Pazarlar,NO_HISTORICAL_TICKER_FOUND,Collection continues under the current ticker; no alias was inferred.
KONYA,,No official historical ticker transition was present in V1 inputs.,,NO_OFFICIAL_TRANSITION_EVIDENCE,KAP_MARKETS,KAP_MARKET:4028328c550642950155066367d0001b:4028328c6d92933b016e21b838963f42:4028e4a140f2ed720140f3014c9400cf:KONYA,https://www.kap.org.tr/tr/Pazarlar,NO_HISTORICAL_TICKER_FOUND,Collection continues under the current ticker; no alias was inferred.
KOPOL,,No official historical ticker transition was present in V1 inputs.,,NO_OFFICIAL_TRANSITION_EVIDENCE,KAP_MARKETS,KAP_MARKET:4028328c550642950155066367d0001b:4028328c6d92933b016e21b838963f42:8acae2c486d22a3b01873668ecf84494:KOPOL,https://www.kap.org.tr/tr/Pazarlar,NO_HISTORICAL_TICKER_FOUND,Collection continues under the current ticker; no alias was inferred.
KORDS,,No official historical ticker transition was present in V1 inputs.,,NO_OFFICIAL_TRANSITION_EVIDENCE,KAP_MARKETS,KAP_MARKET:4028328c550642950155066367d0001b:4028328c6d92933b016e21b838963f42:4028e4a140f2ed720140f30606a700ec:KORDS,https://www.kap.org.tr/tr/Pazarlar,NO_HISTORICAL_TICKER_FOUND,Collection continues under the current ticker; no alias was inferred.
KOTON,,No official historical ticker transition was present in V1 inputs.,,NO_OFFICIAL_TRANSITION_EVIDENCE,KAP_MARKETS,KAP_MARKET:4028328c550642950155066367d0001b:4028328c6d92933b016e21b838963f42:4028e4a2422d9a7801429a4cc3d64f41:KOTON,https://www.kap.org.tr/tr/Pazarlar,NO_HISTORICAL_TICKER_FOUND,Collection continues under the current ticker; no alias was inferred.
KRDMA,,No official historical ticker transition was present in V1 inputs.,,NO_OFFICIAL_TRANSITION_EVIDENCE,KAP_MARKETS,KAP_MARKET:4028328c550642950155066367d0001b:4028328c6d92933b016e21b838963f42:4028e4a140f2ed7201412ace3ada0707:KRDMA,https://www.kap.org.tr/tr/Pazarlar,NO_HISTORICAL_TICKER_FOUND,Collection continues under the current ticker; no alias was inferred.
KRDMB,,No official historical ticker transition was present in V1 inputs.,,NO_OFFICIAL_TRANSITION_EVIDENCE,KAP_MARKETS,KAP_MARKET:4028328c550642950155066367d0001b:4028328c6d92933b016e21b838963f42:4028e4a140f2ed7201412ace3ada0707:KRDMB,https://www.kap.org.tr/tr/Pazarlar,NO_HISTORICAL_TICKER_FOUND,Collection continues under the current ticker; no alias was inferred.
KRDMD,,No official historical ticker transition was present in V1 inputs.,,NO_OFFICIAL_TRANSITION_EVIDENCE,KAP_MARKETS,KAP_MARKET:4028328c550642950155066367d0001b:4028328c6d92933b016e21b838963f42:4028e4a140f2ed7201412ace3ada0707:KRDMD,https://www.kap.org.tr/tr/Pazarlar,NO_HISTORICAL_TICKER_FOUND,Collection continues under the current ticker; no alias was inferred.
KRGYO,,No official historical ticker transition was present in V1 inputs.,,NO_OFFICIAL_TRANSITION_EVIDENCE,KAP_MARKETS,KAP_MARKET:4028328c550642950155066367d0001b:33E5FED802CC00EAE0530A4A622B2AEA:4028e4a244a081810146002d6e0c555f:KRGYO,https://www.kap.org.tr/tr/Pazarlar,NO_HISTORICAL_TICKER_FOUND,Collection continues under the current ticker; no alias was inferred.
KRONT,,No official historical ticker transition was present in V1 inputs.,,NO_OFFICIAL_TRANSITION_EVIDENCE,KAP_MARKETS,KAP_MARKET:4028328c550642950155066367d0001b:33E5FED802CC00EAE0530A4A622B2AEA:4028e4a2415f4f8401415ffc858834e3:KRONT,https://www.kap.org.tr/tr/Pazarlar,NO_HISTORICAL_TICKER_FOUND,Collection continues under the current ticker; no alias was inferred.
KRPLS,,No official historical ticker transition was present in V1 inputs.,,NO_OFFICIAL_TRANSITION_EVIDENCE,KAP_MARKETS,KAP_MARKET:4028328c550642950155066367d0001b:33E5FED802CC00EAE0530A4A622B2AEA:8acae2c47f7cb49101803bbfecdb76dd:KRPLS,https://www.kap.org.tr/tr/Pazarlar,NO_HISTORICAL_TICKER_FOUND,Collection continues under the current ticker; no alias was inferred.
KRSTL,,No official historical ticker transition was present in V1 inputs.,,NO_OFFICIAL_TRANSITION_EVIDENCE,KAP_MARKETS,KAP_MARKET:4028328c550642950155066367d0001b:33E5FED802CC00EAE0530A4A622B2AEA:4028e4a240f2ef4c0140f3180014001a:KRSTL,https://www.kap.org.tr/tr/Pazarlar,NO_HISTORICAL_TICKER_FOUND,Collection continues under the current ticker; no alias was inferred.
KRTEK,,No official historical ticker transition was present in V1 inputs.,,NO_OFFICIAL_TRANSITION_EVIDENCE,KAP_MARKETS,KAP_MARKET:4028328c550642950155066367d0001b:4028328c6d92933b016e21b91b463f54:4028e4a240f2ef47014106bb724601b1:KRTEK,https://www.kap.org.tr/tr/Pazarlar,NO_HISTORICAL_TICKER_FOUND,Collection continues under the current ticker; no alias was inferred.
KRVGD,,No official historical ticker transition was present in V1 inputs.,,NO_OFFICIAL_TRANSITION_EVIDENCE,KAP_MARKETS,KAP_MARKET:4028328c550642950155066367d0001b:33E5FED802CC00EAE0530A4A622B2AEA:4028e4a246b4c5a90148127e32eb47e9:KRVGD,https://www.kap.org.tr/tr/Pazarlar,NO_HISTORICAL_TICKER_FOUND,Collection continues under the current ticker; no alias was inferred.
KSTUR,,No official historical ticker transition was present in V1 inputs.,,NO_OFFICIAL_TRANSITION_EVIDENCE,KAP_MARKETS,KAP_MARKET:4028328c550642950155066367d0001b:33E5FED802B000EAE0530A4A622B2AEA:4028e4a141462df201414f97fa07221a:KSTUR,https://www.kap.org.tr/tr/Pazarlar,NO_HISTORICAL_TICKER_FOUND,Collection continues under the current ticker; no alias was inferred.
KTLEV,,No official historical ticker transition was present in V1 inputs.,,NO_OFFICIAL_TRANSITION_EVIDENCE,KAP_MARKETS,KAP_MARKET:4028328c550642950155066367d0001b:4028328c6d92933b016e21b838963f42:8acae2c5830502c20185a9e2e5ac488b:KTLEV,https://www.kap.org.tr/tr/Pazarlar,NO_HISTORICAL_TICKER_FOUND,Collection continues under the current ticker; no alias was inferred.
KTSKR,,No official historical ticker transition was present in V1 inputs.,,NO_OFFICIAL_TRANSITION_EVIDENCE,KAP_MARKETS,KAP_MARKET:4028328c550642950155066367d0001b:33E5FED802CC00EAE0530A4A622B2AEA:8acae2c5794d3d66017a1e5a8bfb4e07:KTSKR,https://www.kap.org.tr/tr/Pazarlar,NO_HISTORICAL_TICKER_FOUND,Collection continues under the current ticker; no alias was inferred.
KUTPO,,No official historical ticker transition was present in V1 inputs.,,NO_OFFICIAL_TRANSITION_EVIDENCE,KAP_MARKETS,KAP_MARKET:4028328c550642950155066367d0001b:33E5FED802CC00EAE0530A4A622B2AEA:4028e4a240f2ef4c014111cff01d0420:KUTPO,https://www.kap.org.tr/tr/Pazarlar,NO_HISTORICAL_TICKER_FOUND,Collection continues under the current ticker; no alias was inferred.
KUVVA,,No official historical ticker transition was present in V1 inputs.,,NO_OFFICIAL_TRANSITION_EVIDENCE,KAP_MARKETS,KAP_MARKET:4028328c550642950155066367d0001b:4028328c6d92933b016e21b91b463f54:4028e4a2422d9a6e01424699b9d061ec:KUVVA,https://www.kap.org.tr/tr/Pazarlar,NO_HISTORICAL_TICKER_FOUND,Collection continues under the current ticker; no alias was inferred.
KUYAS,,No official historical ticker transition was present in V1 inputs.,,NO_OFFICIAL_TRANSITION_EVIDENCE,KAP_MARKETS,KAP_MARKET:4028328c550642950155066367d0001b:4028328c6d92933b016e21b838963f42:4028e4a241a25fd60141a2bf974c04e8:KUYAS,https://www.kap.org.tr/tr/Pazarlar,NO_HISTORICAL_TICKER_FOUND,Collection continues under the current ticker; no alias was inferred.
KZBGY,,No official historical ticker transition was present in V1 inputs.,,NO_OFFICIAL_TRANSITION_EVIDENCE,KAP_MARKETS,KAP_MARKET:4028328c550642950155066367d0001b:4028328c6d92933b016e21b838963f42:8acae2c5794d3d66017aadf2b6b719cb:KZBGY,https://www.kap.org.tr/tr/Pazarlar,NO_HISTORICAL_TICKER_FOUND,Collection continues under the current ticker; no alias was inferred.
KZGYO,,No official historical ticker transition was present in V1 inputs.,,NO_OFFICIAL_TRANSITION_EVIDENCE,KAP_MARKETS,KAP_MARKET:4028328c550642950155066367d0001b:33E5FED802CC00EAE0530A4A622B2AEA:8acae2c586d22c53018a02754e924a33:KZGYO,https://www.kap.org.tr/tr/Pazarlar,NO_HISTORICAL_TICKER_FOUND,Collection continues under the current ticker; no alias was inferred.
LIDER,,No official historical ticker transition was present in V1 inputs.,,NO_OFFICIAL_TRANSITION_EVIDENCE,KAP_MARKETS,KAP_MARKET:4028328c550642950155066367d0001b:4028328c6d92933b016e21b838963f42:8acae2c5570aaa2b0157be3a3ef749af:LIDER,https://www.kap.org.tr/tr/Pazarlar,NO_HISTORICAL_TICKER_FOUND,Collection continues under the current ticker; no alias was inferred.
LIDFA,,No official historical ticker transition was present in V1 inputs.,,NO_OFFICIAL_TRANSITION_EVIDENCE,KAP_MARKETS,KAP_MARKET:4028328c550642950155066367d0001b:33E5FED802CC00EAE0530A4A622B2AEA:4028e4a141da49ea0141dfe0d2732d48:LIDFA,https://www.kap.org.tr/tr/Pazarlar,NO_HISTORICAL_TICKER_FOUND,Collection continues under the current ticker; no alias was inferred.
LILAK,,No official historical ticker transition was present in V1 inputs.,,NO_OFFICIAL_TRANSITION_EVIDENCE,KAP_MARKETS,KAP_MARKET:4028328c550642950155066367d0001b:4028328c6d92933b016e21b838963f42:8acae2c48c3efac0018f193ab573372b:LILAK,https://www.kap.org.tr/tr/Pazarlar,NO_HISTORICAL_TICKER_FOUND,Collection continues under the current ticker; no alias was inferred.
LINK,,No official historical ticker transition was present in V1 inputs.,,NO_OFFICIAL_TRANSITION_EVIDENCE,KAP_MARKETS,KAP_MARKET:4028328c550642950155066367d0001b:4028328c6d92933b016e21b838963f42:4028e4a2422d9a6e01428f2d3d020b61:LINK,https://www.kap.org.tr/tr/Pazarlar,NO_HISTORICAL_TICKER_FOUND,Collection continues under the current ticker; no alias was inferred.
LKMNH,,No official historical ticker transition was present in V1 inputs.,,NO_OFFICIAL_TRANSITION_EVIDENCE,KAP_MARKETS,KAP_MARKET:4028328c550642950155066367d0001b:33E5FED802CC00EAE0530A4A622B2AEA:4028e4a24158e42401415f1d4417412e:LKMNH,https://www.kap.org.tr/tr/Pazarlar,NO_HISTORICAL_TICKER_FOUND,Collection continues under the current ticker; no alias was inferred.
LMKDC,,No official historical ticker transition was present in V1 inputs.,,NO_OFFICIAL_TRANSITION_EVIDENCE,KAP_MARKETS,KAP_MARKET:4028328c550642950155066367d0001b:4028328c6d92933b016e21b838963f42:8acae2c58b2fa64e018d8cfe461558d3:LMKDC,https://www.kap.org.tr/tr/Pazarlar,NO_HISTORICAL_TICKER_FOUND,Collection continues under the current ticker; no alias was inferred.
LOGO,,No official historical ticker transition was present in V1 inputs.,,NO_OFFICIAL_TRANSITION_EVIDENCE,KAP_MARKETS,KAP_MARKET:4028328c550642950155066367d0001b:4028328c6d92933b016e21b838963f42:4028e4a14158e41e01415b41210a6e8c:LOGO,https://www.kap.org.tr/tr/Pazarlar,NO_HISTORICAL_TICKER_FOUND,Collection continues under the current ticker; no alias was inferred.
LRSHO,,No official historical ticker transition was present in V1 inputs.,,NO_OFFICIAL_TRANSITION_EVIDENCE,KAP_MARKETS,KAP_MARKET:4028328c550642950155066367d0001b:4028328c6d92933b016e21b838963f42:4028e4a140f2ed7101411799cb9b02fc:LRSHO,https://www.kap.org.tr/tr/Pazarlar,NO_HISTORICAL_TICKER_FOUND,Collection continues under the current ticker; no alias was inferred.
LUKSK,,No official historical ticker transition was present in V1 inputs.,,NO_OFFICIAL_TRANSITION_EVIDENCE,KAP_MARKETS,KAP_MARKET:4028328c550642950155066367d0001b:33E5FED802CC00EAE0530A4A622B2AEA:4028e4a140f2ed720140f31ed775014f:LUKSK,https://www.kap.org.tr/tr/Pazarlar,NO_HISTORICAL_TICKER_FOUND,Collection continues under the current ticker; no alias was inferred.
LXGYO,,No official historical ticker transition was present in V1 inputs.,,NO_OFFICIAL_TRANSITION_EVIDENCE,KAP_MARKETS,KAP_MARKET:4028328c550642950155066367d0001b:33E5FED802CC00EAE0530A4A622B2AEA:8acae2c59b85fa03019c74a891e94f5d:LXGYO,https://www.kap.org.tr/tr/Pazarlar,NO_HISTORICAL_TICKER_FOUND,Collection continues under the current ticker; no alias was inferred.
LYDHO,,No official historical ticker transition was present in V1 inputs.,,NO_OFFICIAL_TRANSITION_EVIDENCE,KAP_MARKETS,KAP_MARKET:4028328c550642950155066367d0001b:4028328c6d92933b016e21b838963f42:4028e4a240f2ef4701411763ed38047c:LYDHO,https://www.kap.org.tr/tr/Pazarlar,NO_HISTORICAL_TICKER_FOUND,Collection continues under the current ticker; no alias was inferred.
LYDYE,,No official historical ticker transition was present in V1 inputs.,,NO_OFFICIAL_TRANSITION_EVIDENCE,KAP_MARKETS,KAP_MARKET:4028328c550642950155066367d0001b:33E5FED802CC00EAE0530A4A622B2AEA:4028e4a241a25fcb0141a7c3f3302405:LYDYE,https://www.kap.org.tr/tr/Pazarlar,NO_HISTORICAL_TICKER_FOUND,Collection continues under the current ticker; no alias was inferred.
MAALT,,No official historical ticker transition was present in V1 inputs.,,NO_OFFICIAL_TRANSITION_EVIDENCE,KAP_MARKETS,KAP_MARKET:4028328c550642950155066367d0001b:33E5FED802CC00EAE0530A4A622B2AEA:4028e4a140f2ed710141179bf0630308:MAALT,https://www.kap.org.tr/tr/Pazarlar,NO_HISTORICAL_TICKER_FOUND,Collection continues under the current ticker; no alias was inferred.
MACKO,,No official historical ticker transition was present in V1 inputs.,,NO_OFFICIAL_TRANSITION_EVIDENCE,KAP_MARKETS,KAP_MARKET:4028328c550642950155066367d0001b:33E5FED802CC00EAE0530A4A622B2AEA:8acae2c48304fe9e0183694124c82d0a:MACKO,https://www.kap.org.tr/tr/Pazarlar,NO_HISTORICAL_TICKER_FOUND,Collection continues under the current ticker; no alias was inferred.
MAGEN,,No official historical ticker transition was present in V1 inputs.,,NO_OFFICIAL_TRANSITION_EVIDENCE,KAP_MARKETS,KAP_MARKET:4028328c550642950155066367d0001b:4028328c6d92933b016e21b838963f42:8acae2c47afb298a017bf270b76b78f1:MAGEN,https://www.kap.org.tr/tr/Pazarlar,NO_HISTORICAL_TICKER_FOUND,Collection continues under the current ticker; no alias was inferred.
MAKIM,,No official historical ticker transition was present in V1 inputs.,,NO_OFFICIAL_TRANSITION_EVIDENCE,KAP_MARKETS,KAP_MARKET:4028328c550642950155066367d0001b:33E5FED802CC00EAE0530A4A622B2AEA:8acae2c57f7cbb49017f977f7f190949:MAKIM,https://www.kap.org.tr/tr/Pazarlar,NO_HISTORICAL_TICKER_FOUND,Collection continues under the current ticker; no alias was inferred.
MAKTK,,No official historical ticker transition was present in V1 inputs.,,NO_OFFICIAL_TRANSITION_EVIDENCE,KAP_MARKETS,KAP_MARKET:4028328c550642950155066367d0001b:33E5FED802CC00EAE0530A4A622B2AEA:4028e4a24158e42201415ad40fca5dd0:MAKTK,https://www.kap.org.tr/tr/Pazarlar,NO_HISTORICAL_TICKER_FOUND,Collection continues under the current ticker; no alias was inferred.
MANAS,,No official historical ticker transition was present in V1 inputs.,,NO_OFFICIAL_TRANSITION_EVIDENCE,KAP_MARKETS,KAP_MARKET:4028328c550642950155066367d0001b:33E5FED802CC00EAE0530A4A622B2AEA:8acae2c5794d3d660179f09f7061388a:MANAS,https://www.kap.org.tr/tr/Pazarlar,NO_HISTORICAL_TICKER_FOUND,Collection continues under the current ticker; no alias was inferred.
MARBL,,No official historical ticker transition was present in V1 inputs.,,NO_OFFICIAL_TRANSITION_EVIDENCE,KAP_MARKETS,KAP_MARKET:4028328c550642950155066367d0001b:33E5FED802CC00EAE0530A4A622B2AEA:8acae2c45835eb6501593a986e7e57f7:MARBL,https://www.kap.org.tr/tr/Pazarlar,NO_HISTORICAL_TICKER_FOUND,Collection continues under the current ticker; no alias was inferred.
MARKA,,No official historical ticker transition was present in V1 inputs.,,NO_OFFICIAL_TRANSITION_EVIDENCE,KAP_MARKETS,KAP_MARKET:4028328c550642950155066367d0001b:33E5FED802CC00EAE0530A4A622B2AEA:4028e4a140f2ed720141080991640264:MARKA,https://www.kap.org.tr/tr/Pazarlar,NO_HISTORICAL_TICKER_FOUND,Collection continues under the current ticker; no alias was inferred.
MARMR,,No official historical ticker transition was present in V1 inputs.,,NO_OFFICIAL_TRANSITION_EVIDENCE,KAP_MARKETS,KAP_MARKET:4028328c550642950155066367d0001b:33E5FED802CC00EAE0530A4A622B2AEA:8acae2c5991b90b001993ca6c1951026:MARMR,https://www.kap.org.tr/tr/Pazarlar,NO_HISTORICAL_TICKER_FOUND,Collection continues under the current ticker; no alias was inferred.
MARTI,,No official historical ticker transition was present in V1 inputs.,,NO_OFFICIAL_TRANSITION_EVIDENCE,KAP_MARKETS,KAP_MARKET:4028328c550642950155066367d0001b:33E5FED802CC00EAE0530A4A622B2AEA:4028e4a1415f4d9b0141603d6cec410f:MARTI,https://www.kap.org.tr/tr/Pazarlar,NO_HISTORICAL_TICKER_FOUND,Collection continues under the current ticker; no alias was inferred.
MAVI,,No official historical ticker transition was present in V1 inputs.,,NO_OFFICIAL_TRANSITION_EVIDENCE,KAP_MARKETS,KAP_MARKET:4028328c550642950155066367d0001b:4028328c6d92933b016e21b838963f42:4028e4a141733b5101417ea9aae11fec:MAVI,https://www.kap.org.tr/tr/Pazarlar,NO_HISTORICAL_TICKER_FOUND,Collection continues under the current ticker; no alias was inferred.
MCARD,,No official historical ticker transition was present in V1 inputs.,,NO_OFFICIAL_TRANSITION_EVIDENCE,KAP_MARKETS,KAP_MARKET:4028328c550642950155066367d0001b:33E5FED802CC00EAE0530A4A622B2AEA:8acae2c59c81f7f7019c98b19b8c0af5:MCARD,https://www.kap.org.tr/tr/Pazarlar,NO_HISTORICAL_TICKER_FOUND,Collection continues under the current ticker; no alias was inferred.
MEDTR,,No official historical ticker transition was present in V1 inputs.,,NO_OFFICIAL_TRANSITION_EVIDENCE,KAP_MARKETS,KAP_MARKET:4028328c550642950155066367d0001b:33E5FED802CC00EAE0530A4A622B2AEA:8acae2c5794d3d6a017a1de13bf04ff2:MEDTR,https://www.kap.org.tr/tr/Pazarlar,NO_HISTORICAL_TICKER_FOUND,Collection continues under the current ticker; no alias was inferred.
MEGAP,,No official historical ticker transition was present in V1 inputs.,,NO_OFFICIAL_TRANSITION_EVIDENCE,KAP_MARKETS,KAP_MARKET:4028328c550642950155066367d0001b:33E5FED802BE00EAE0530A4A622B2AEA:4028e4a141e536460141ee602f162cdb:MEGAP,https://www.kap.org.tr/tr/Pazarlar,NO_HISTORICAL_TICKER_FOUND,Collection continues under the current ticker; no alias was inferred.
MEGMT,,No official historical ticker transition was present in V1 inputs.,,NO_OFFICIAL_TRANSITION_EVIDENCE,KAP_MARKETS,KAP_MARKET:4028328c550642950155066367d0001b:4028328c6d92933b016e21b838963f42:8acae2c5594ca644015964a5bef50e57:MEGMT,https://www.kap.org.tr/tr/Pazarlar,NO_HISTORICAL_TICKER_FOUND,Collection continues under the current ticker; no alias was inferred.
MEKAG,,No official historical ticker transition was present in V1 inputs.,,NO_OFFICIAL_TRANSITION_EVIDENCE,KAP_MARKETS,KAP_MARKET:4028328c550642950155066367d0001b:33E5FED802CC00EAE0530A4A622B2AEA:8acae2c586d22c51018adff79d0f2d15:MEKAG,https://www.kap.org.tr/tr/Pazarlar,NO_HISTORICAL_TICKER_FOUND,Collection continues under the current ticker; no alias was inferred.
MEPET,,No official historical ticker transition was present in V1 inputs.,,NO_OFFICIAL_TRANSITION_EVIDENCE,KAP_MARKETS,KAP_MARKET:4028328c550642950155066367d0001b:4028328c6d92933b016e21b91b463f54:4028e4a1416e696301416ea253f418ae:MEPET,https://www.kap.org.tr/tr/Pazarlar,NO_HISTORICAL_TICKER_FOUND,Collection continues under the current ticker; no alias was inferred.
MERCN,,No official historical ticker transition was present in V1 inputs.,,NO_OFFICIAL_TRANSITION_EVIDENCE,KAP_MARKETS,KAP_MARKET:4028328c550642950155066367d0001b:33E5FED802CC00EAE0530A4A622B2AEA:8acae2c4782a4d580178ee32b32864d5:MERCN,https://www.kap.org.tr/tr/Pazarlar,NO_HISTORICAL_TICKER_FOUND,Collection continues under the current ticker; no alias was inferred.
MERIT,,No official historical ticker transition was present in V1 inputs.,,NO_OFFICIAL_TRANSITION_EVIDENCE,KAP_MARKETS,KAP_MARKET:4028328c550642950155066367d0001b:4028328c6d92933b016e21b838963f42:4028e4a140f2ed7101412b9f84390347:MERIT,https://www.kap.org.tr/tr/Pazarlar,NO_HISTORICAL_TICKER_FOUND,Collection continues under the current ticker; no alias was inferred.
MERKO,,No official historical ticker transition was present in V1 inputs.,,NO_OFFICIAL_TRANSITION_EVIDENCE,KAP_MARKETS,KAP_MARKET:4028328c550642950155066367d0001b:33E5FED802CC00EAE0530A4A622B2AEA:4028e4a240f2ef4701412bf3fc980553:MERKO,https://www.kap.org.tr/tr/Pazarlar,NO_HISTORICAL_TICKER_FOUND,Collection continues under the current ticker; no alias was inferred.
METEN,,No official historical ticker transition was present in V1 inputs.,,NO_OFFICIAL_TRANSITION_EVIDENCE,KAP_MARKETS,KAP_MARKET:4028328c550642950155066367d0001b:4028328c6d92933b016e21b838963f42:8acae2c49b85f8cf019c0470c53c6a68:METEN,https://www.kap.org.tr/tr/Pazarlar,NO_HISTORICAL_TICKER_FOUND,Collection continues under the current ticker; no alias was inferred.
METRO,,No official historical ticker transition was present in V1 inputs.,,NO_OFFICIAL_TRANSITION_EVIDENCE,KAP_MARKETS,KAP_MARKET:4028328c550642950155066367d0001b:33E5FED802CC00EAE0530A4A622B2AEA:4028e4a1416e696301416e9a320e1649:METRO,https://www.kap.org.tr/tr/Pazarlar,NO_HISTORICAL_TICKER_FOUND,Collection continues under the current ticker; no alias was inferred.
MEYSU,,No official historical ticker transition was present in V1 inputs.,,NO_OFFICIAL_TRANSITION_EVIDENCE,KAP_MARKETS,KAP_MARKET:4028328c550642950155066367d0001b:33E5FED802CC00EAE0530A4A622B2AEA:8acae2c5998f25d7019b59665bd030f1:MEYSU,https://www.kap.org.tr/tr/Pazarlar,NO_HISTORICAL_TICKER_FOUND,Collection continues under the current ticker; no alias was inferred.
MGROS,,No official historical ticker transition was present in V1 inputs.,,NO_OFFICIAL_TRANSITION_EVIDENCE,KAP_MARKETS,KAP_MARKET:4028328c550642950155066367d0001b:4028328c6d92933b016e21b838963f42:4028e4a141462df2014150162e1c3424:MGROS,https://www.kap.org.tr/tr/Pazarlar,NO_HISTORICAL_TICKER_FOUND,Collection continues under the current ticker; no alias was inferred.
MHRGY,,No official historical ticker transition was present in V1 inputs.,,NO_OFFICIAL_TRANSITION_EVIDENCE,KAP_MARKETS,KAP_MARKET:4028328c550642950155066367d0001b:33E5FED802CC00EAE0530A4A622B2AEA:8acae2c486d22a3a018b03ad439129a9:MHRGY,https://www.kap.org.tr/tr/Pazarlar,NO_HISTORICAL_TICKER_FOUND,Collection continues under the current ticker; no alias was inferred.
MIATK,,No official historical ticker transition was present in V1 inputs.,,NO_OFFICIAL_TRANSITION_EVIDENCE,KAP_MARKETS,KAP_MARKET:4028328c550642950155066367d0001b:4028328c6d92933b016e21b838963f42:8acae2c47afb298a017cbcef284245ba:MIATK,https://www.kap.org.tr/tr/Pazarlar,NO_HISTORICAL_TICKER_FOUND,Collection continues under the current ticker; no alias was inferred.
MMCAS,,No official historical ticker transition was present in V1 inputs.,,NO_OFFICIAL_TRANSITION_EVIDENCE,KAP_MARKETS,KAP_MARKET:4028328c550642950155066367d0001b:33E5FED802BE00EAE0530A4A622B2AEA:4028e4a1415f4d99014160040b8e3137:MMCAS,https://www.kap.org.tr/tr/Pazarlar,NO_HISTORICAL_TICKER_FOUND,Collection continues under the current ticker; no alias was inferred.
MNDRS,,No official historical ticker transition was present in V1 inputs.,,NO_OFFICIAL_TRANSITION_EVIDENCE,KAP_MARKETS,KAP_MARKET:4028328c550642950155066367d0001b:33E5FED802CC00EAE0530A4A622B2AEA:4028e4a1422d986e01425bfb19b05165:MNDRS,https://www.kap.org.tr/tr/Pazarlar,NO_HISTORICAL_TICKER_FOUND,Collection continues under the current ticker; no alias was inferred.
MNDTR,,No official historical ticker transition was present in V1 inputs.,,NO_OFFICIAL_TRANSITION_EVIDENCE,KAP_MARKETS,KAP_MARKET:4028328c550642950155066367d0001b:33E5FED802CC00EAE0530A4A622B2AEA:4028e4a24158e42201415ae7c0875fab:MNDTR,https://www.kap.org.tr/tr/Pazarlar,NO_HISTORICAL_TICKER_FOUND,Collection continues under the current ticker; no alias was inferred.
MOBTL,,No official historical ticker transition was present in V1 inputs.,,NO_OFFICIAL_TRANSITION_EVIDENCE,KAP_MARKETS,KAP_MARKET:4028328c550642950155066367d0001b:4028328c6d92933b016e21b838963f42:8acae2c57afb2d70017d12c6d335669c:MOBTL,https://www.kap.org.tr/tr/Pazarlar,NO_HISTORICAL_TICKER_FOUND,Collection continues under the current ticker; no alias was inferred.
MOGAN,,No official historical ticker transition was present in V1 inputs.,,NO_OFFICIAL_TRANSITION_EVIDENCE,KAP_MARKETS,KAP_MARKET:4028328c550642950155066367d0001b:4028328c6d92933b016e21b838963f42:8acae2c473646c5e0173e77f33b35138:MOGAN,https://www.kap.org.tr/tr/Pazarlar,NO_HISTORICAL_TICKER_FOUND,Collection continues under the current ticker; no alias was inferred.
MOPAS,,No official historical ticker transition was present in V1 inputs.,,NO_OFFICIAL_TRANSITION_EVIDENCE,KAP_MARKETS,KAP_MARKET:4028328c550642950155066367d0001b:4028328c6d92933b016e21b838963f42:8acae2c49145e00d0194730c9f3e6d30:MOPAS,https://www.kap.org.tr/tr/Pazarlar,NO_HISTORICAL_TICKER_FOUND,Collection continues under the current ticker; no alias was inferred.
MPARK,,No official historical ticker transition was present in V1 inputs.,,NO_OFFICIAL_TRANSITION_EVIDENCE,KAP_MARKETS,KAP_MARKET:4028328c550642950155066367d0001b:4028328c6d92933b016e21b838963f42:4028e4a1462cc5dd01465c9550782baa:MPARK,https://www.kap.org.tr/tr/Pazarlar,NO_HISTORICAL_TICKER_FOUND,Collection continues under the current ticker; no alias was inferred.
MRGYO,,No official historical ticker transition was present in V1 inputs.,,NO_OFFICIAL_TRANSITION_EVIDENCE,KAP_MARKETS,KAP_MARKET:4028328c550642950155066367d0001b:33E5FED802CC00EAE0530A4A622B2AEA:4028e4a1415f4d9b0141603d2b414108:MRGYO,https://www.kap.org.tr/tr/Pazarlar,NO_HISTORICAL_TICKER_FOUND,Collection continues under the current ticker; no alias was inferred.
MRSHL,,No official historical ticker transition was present in V1 inputs.,,NO_OFFICIAL_TRANSITION_EVIDENCE,KAP_MARKETS,KAP_MARKET:4028328c550642950155066367d0001b:33E5FED802CC00EAE0530A4A622B2AEA:4028e4a140f2ed720140f325b12e0172:MRSHL,https://www.kap.org.tr/tr/Pazarlar,NO_HISTORICAL_TICKER_FOUND,Collection continues under the current ticker; no alias was inferred.
MSGYO,,No official historical ticker transition was present in V1 inputs.,,NO_OFFICIAL_TRANSITION_EVIDENCE,KAP_MARKETS,KAP_MARKET:4028328c550642950155066367d0001b:33E5FED802CC00EAE0530A4A622B2AEA:8acae2c4540d444501545d374f8d070a:MSGYO,https://www.kap.org.tr/tr/Pazarlar,NO_HISTORICAL_TICKER_FOUND,Collection continues under the current ticker; no alias was inferred.
MTRKS,,No official historical ticker transition was present in V1 inputs.,,NO_OFFICIAL_TRANSITION_EVIDENCE,KAP_MARKETS,KAP_MARKET:4028328c550642950155066367d0001b:33E5FED802CC00EAE0530A4A622B2AEA:8acae2c575a1b5b60177de29c7177130:MTRKS,https://www.kap.org.tr/tr/Pazarlar,NO_HISTORICAL_TICKER_FOUND,Collection continues under the current ticker; no alias was inferred.
MTRYO,,No official historical ticker transition was present in V1 inputs.,,NO_OFFICIAL_TRANSITION_EVIDENCE,KAP_MARKETS,KAP_MARKET:4028328c550642950155066367d0001b:4028328c6d92933b016e21b91b463f54:4028e4a14158e41f01415b1cecc4619f:MTRYO,https://www.kap.org.tr/tr/Pazarlar,NO_HISTORICAL_TICKER_FOUND,Collection continues under the current ticker; no alias was inferred.
MZHLD,,No official historical ticker transition was present in V1 inputs.,,NO_OFFICIAL_TRANSITION_EVIDENCE,KAP_MARKETS,KAP_MARKET:4028328c550642950155066367d0001b:4028328c6d92933b016e21b91b463f54:4028e4a24158e42401415adbb0917e5e:MZHLD,https://www.kap.org.tr/tr/Pazarlar,NO_HISTORICAL_TICKER_FOUND,Collection continues under the current ticker; no alias was inferred.
NATEN,,No official historical ticker transition was present in V1 inputs.,,NO_OFFICIAL_TRANSITION_EVIDENCE,KAP_MARKETS,KAP_MARKET:4028328c550642950155066367d0001b:4028328c6d92933b016e21b838963f42:8acae2c469cee2a2016bb6c259155c47:NATEN,https://www.kap.org.tr/tr/Pazarlar,NO_HISTORICAL_TICKER_FOUND,Collection continues under the current ticker; no alias was inferred.
NETAS,,No official historical ticker transition was present in V1 inputs.,,NO_OFFICIAL_TRANSITION_EVIDENCE,KAP_MARKETS,KAP_MARKET:4028328c550642950155066367d0001b:33E5FED802CC00EAE0530A4A622B2AEA:4028e4a240f2ef47014111d7df220232:NETAS,https://www.kap.org.tr/tr/Pazarlar,NO_HISTORICAL_TICKER_FOUND,Collection continues under the current ticker; no alias was inferred.
NETCD,,No official historical ticker transition was present in V1 inputs.,,NO_OFFICIAL_TRANSITION_EVIDENCE,KAP_MARKETS,KAP_MARKET:4028328c550642950155066367d0001b:4028328c6d92933b016e21b838963f42:8acae2c47f7cb492017fd60a82802767:NETCD,https://www.kap.org.tr/tr/Pazarlar,NO_HISTORICAL_TICKER_FOUND,Collection continues under the current ticker; no alias was inferred.
NIBAS,,No official historical ticker transition was present in V1 inputs.,,NO_OFFICIAL_TRANSITION_EVIDENCE,KAP_MARKETS,KAP_MARKET:4028328c550642950155066367d0001b:33E5FED802CC00EAE0530A4A622B2AEA:4028e4a1413b7ef501413bc24123002f:NIBAS,https://www.kap.org.tr/tr/Pazarlar,NO_HISTORICAL_TICKER_FOUND,Collection continues under the current ticker; no alias was inferred.
NTGAZ,,No official historical ticker transition was present in V1 inputs.,,NO_OFFICIAL_TRANSITION_EVIDENCE,KAP_MARKETS,KAP_MARKET:4028328c550642950155066367d0001b:4028328c6d92933b016e21b838963f42:8acae2c4782a4d580178492e12820f4f:NTGAZ,https://www.kap.org.tr/tr/Pazarlar,NO_HISTORICAL_TICKER_FOUND,Collection continues under the current ticker; no alias was inferred.
NTHOL,,No official historical ticker transition was present in V1 inputs.,,NO_OFFICIAL_TRANSITION_EVIDENCE,KAP_MARKETS,KAP_MARKET:4028328c550642950155066367d0001b:4028328c6d92933b016e21b838963f42:4028e4a140f2ed7101412ba0829f034d:NTHOL,https://www.kap.org.tr/tr/Pazarlar,NO_HISTORICAL_TICKER_FOUND,Collection continues under the current ticker; no alias was inferred.
NUGYO,,No official historical ticker transition was present in V1 inputs.,,NO_OFFICIAL_TRANSITION_EVIDENCE,KAP_MARKETS,KAP_MARKET:4028328c550642950155066367d0001b:33E5FED802CC00EAE0530A4A622B2AEA:4028e4a1416e696301416f6100e76fb9:NUGYO,https://www.kap.org.tr/tr/Pazarlar,NO_HISTORICAL_TICKER_FOUND,Collection continues under the current ticker; no alias was inferred.
NUHCM,,No official historical ticker transition was present in V1 inputs.,,NO_OFFICIAL_TRANSITION_EVIDENCE,KAP_MARKETS,KAP_MARKET:4028328c550642950155066367d0001b:4028328c6d92933b016e21b838963f42:4028e4a141558bdd014156053d9f04b2:NUHCM,https://www.kap.org.tr/tr/Pazarlar,NO_HISTORICAL_TICKER_FOUND,Collection continues under the current ticker; no alias was inferred.
OBAMS,,No official historical ticker transition was present in V1 inputs.,,NO_OFFICIAL_TRANSITION_EVIDENCE,KAP_MARKETS,KAP_MARKET:4028328c550642950155066367d0001b:4028328c6d92933b016e21b838963f42:8acae2c58b2fa64e018dc01d63686b27:OBAMS,https://www.kap.org.tr/tr/Pazarlar,NO_HISTORICAL_TICKER_FOUND,Collection continues under the current ticker; no alias was inferred.
OBASE,,No official historical ticker transition was present in V1 inputs.,,NO_OFFICIAL_TRANSITION_EVIDENCE,KAP_MARKETS,KAP_MARKET:4028328c550642950155066367d0001b:33E5FED802CC00EAE0530A4A622B2AEA:8acae2c57f7cbb49018050e4303b068b:OBASE,https://www.kap.org.tr/tr/Pazarlar,NO_HISTORICAL_TICKER_FOUND,Collection continues under the current ticker; no alias was inferred.
ODAS,,No official historical ticker transition was present in V1 inputs.,,NO_OFFICIAL_TRANSITION_EVIDENCE,KAP_MARKETS,KAP_MARKET:4028328c550642950155066367d0001b:4028328c6d92933b016e21b838963f42:4028e4a2416e696c01416edd70713183:ODAS,https://www.kap.org.tr/tr/Pazarlar,NO_HISTORICAL_TICKER_FOUND,Collection continues under the current ticker; no alias was inferred.
ODINE,,No official historical ticker transition was present in V1 inputs.,,NO_OFFICIAL_TRANSITION_EVIDENCE,KAP_MARKETS,KAP_MARKET:4028328c550642950155066367d0001b:4028328c6d92933b016e21b838963f42:8acae2c58b2fa64e018e1cbdc7e02623:ODINE,https://www.kap.org.tr/tr/Pazarlar,NO_HISTORICAL_TICKER_FOUND,Collection continues under the current ticker; no alias was inferred.
OFSYM,,No official historical ticker transition was present in V1 inputs.,,NO_OFFICIAL_TRANSITION_EVIDENCE,KAP_MARKETS,KAP_MARKET:4028328c550642950155066367d0001b:33E5FED802CC00EAE0530A4A622B2AEA:8acae2c586d22c510189bf5dfc710286:OFSYM,https://www.kap.org.tr/tr/Pazarlar,NO_HISTORICAL_TICKER_FOUND,Collection continues under the current ticker; no alias was inferred.
ONCSM,,No official historical ticker transition was present in V1 inputs.,,NO_OFFICIAL_TRANSITION_EVIDENCE,KAP_MARKETS,KAP_MARKET:4028328c550642950155066367d0001b:33E5FED802CC00EAE0530A4A622B2AEA:8acae2c4812b870c018161f7cdde10f3:ONCSM,https://www.kap.org.tr/tr/Pazarlar,NO_HISTORICAL_TICKER_FOUND,Collection continues under the current ticker; no alias was inferred.
ONRYT,,No official historical ticker transition was present in V1 inputs.,,NO_OFFICIAL_TRANSITION_EVIDENCE,KAP_MARKETS,KAP_MARKET:4028328c550642950155066367d0001b:33E5FED802CC00EAE0530A4A622B2AEA:8acae2c58b2fa64e018f8540ca5f57d4:ONRYT,https://www.kap.org.tr/tr/Pazarlar,NO_HISTORICAL_TICKER_FOUND,Collection continues under the current ticker; no alias was inferred.
ORCAY,,No official historical ticker transition was present in V1 inputs.,,NO_OFFICIAL_TRANSITION_EVIDENCE,KAP_MARKETS,KAP_MARKET:4028328c550642950155066367d0001b:4028328c6d92933b016e21b91b463f54:8acae2c47afb298b017b5ea1d5ee3d78:ORCAY,https://www.kap.org.tr/tr/Pazarlar,NO_HISTORICAL_TICKER_FOUND,Collection continues under the current ticker; no alias was inferred.
ORGE,,No official historical ticker transition was present in V1 inputs.,,NO_OFFICIAL_TRANSITION_EVIDENCE,KAP_MARKETS,KAP_MARKET:4028328c550642950155066367d0001b:4028328c6d92933b016e21b838963f42:4028e4a140ee35c00140ee3971130009:ORGE,https://www.kap.org.tr/tr/Pazarlar,NO_HISTORICAL_TICKER_FOUND,Collection continues under the current ticker; no alias was inferred.
ORMA,,No official historical ticker transition was present in V1 inputs.,,NO_OFFICIAL_TRANSITION_EVIDENCE,KAP_MARKETS,KAP_MARKET:4028328c550642950155066367d0001b:33E5FED802B000EAE0530A4A622B2AEA:4028e4a240ee37a90140ee3cedbb0002:ORMA,https://www.kap.org.tr/tr/Pazarlar,NO_HISTORICAL_TICKER_FOUND,Collection continues under the current ticker; no alias was inferred.
ORZAX,,No official historical ticker transition was present in V1 inputs.,,NO_OFFICIAL_TRANSITION_EVIDENCE,KAP_MARKETS,KAP_MARKET:4028328c550642950155066367d0001b:4028328c6d92933b016e21b838963f42:8acae2c59ee1b2d8019eff10c40c0dd5:ORZAX,https://www.kap.org.tr/tr/Pazarlar,NO_HISTORICAL_TICKER_FOUND,Collection continues under the current ticker; no alias was inferred.
OSMEN,,No official historical ticker transition was present in V1 inputs.,,NO_OFFICIAL_TRANSITION_EVIDENCE,KAP_MARKETS,KAP_MARKET:4028328c550642950155066367d0001b:33E5FED802CC00EAE0530A4A622B2AEA:4028e4a240ee37a30140ee408ef80002:OSMEN,https://www.kap.org.tr/tr/Pazarlar,NO_HISTORICAL_TICKER_FOUND,Collection continues under the current ticker; no alias was inferred.
OSTIM,,No official historical ticker transition was present in V1 inputs.,,NO_OFFICIAL_TRANSITION_EVIDENCE,KAP_MARKETS,KAP_MARKET:4028328c550642950155066367d0001b:33E5FED802CC00EAE0530A4A622B2AEA:4028e4a241462fd8014149e82fb004c5:OSTIM,https://www.kap.org.tr/tr/Pazarlar,NO_HISTORICAL_TICKER_FOUND,Collection continues under the current ticker; no alias was inferred.
OTKAR,,No official historical ticker transition was present in V1 inputs.,,NO_OFFICIAL_TRANSITION_EVIDENCE,KAP_MARKETS,KAP_MARKET:4028328c550642950155066367d0001b:4028328c6d92933b016e21b838963f42:4028e4a140ee35c70140ee4316b3001d:OTKAR,https://www.kap.org.tr/tr/Pazarlar,NO_HISTORICAL_TICKER_FOUND,Collection continues under the current ticker; no alias was inferred.
OTTO,,No official historical ticker transition was present in V1 inputs.,,NO_OFFICIAL_TRANSITION_EVIDENCE,KAP_MARKETS,KAP_MARKET:4028328c550642950155066367d0001b:33E5FED802CC00EAE0530A4A622B2AEA:4028e4a14203278a01420955fc5d14bd:OTTO,https://www.kap.org.tr/tr/Pazarlar,NO_HISTORICAL_TICKER_FOUND,Collection continues under the current ticker; no alias was inferred.
OYAKC,,No official historical ticker transition was present in V1 inputs.,,NO_OFFICIAL_TRANSITION_EVIDENCE,KAP_MARKETS,KAP_MARKET:4028328c550642950155066367d0001b:4028328c6d92933b016e21b838963f42:4028e4a140f2ed720140f32377aa016c:OYAKC,https://www.kap.org.tr/tr/Pazarlar,NO_HISTORICAL_TICKER_FOUND,Collection continues under the current ticker; no alias was inferred.
OYAYO,,No official historical ticker transition was present in V1 inputs.,,NO_OFFICIAL_TRANSITION_EVIDENCE,KAP_MARKETS,KAP_MARKET:4028328c550642950155066367d0001b:4028328c6d92933b016e21b91b463f54:4028e4a140ee35c70140ee4e93870038:OYAYO,https://www.kap.org.tr/tr/Pazarlar,NO_HISTORICAL_TICKER_FOUND,Collection continues under the current ticker; no alias was inferred.
OYLUM,,No official historical ticker transition was present in V1 inputs.,,NO_OFFICIAL_TRANSITION_EVIDENCE,KAP_MARKETS,KAP_MARKET:4028328c550642950155066367d0001b:4028328c6d92933b016e21b91b463f54:4028e4a14184e9cf0141919d8abd1552:OYLUM,https://www.kap.org.tr/tr/Pazarlar,NO_HISTORICAL_TICKER_FOUND,Collection continues under the current ticker; no alias was inferred.
OYYAT,,No official historical ticker transition was present in V1 inputs.,,NO_OFFICIAL_TRANSITION_EVIDENCE,KAP_MARKETS,KAP_MARKET:4028328c550642950155066367d0001b:4028328c6d92933b016e21b838963f42:4028e4a14158e41f01415a5e854d4441:OYYAT,https://www.kap.org.tr/tr/Pazarlar,NO_HISTORICAL_TICKER_FOUND,Collection continues under the current ticker; no alias was inferred.
OZATD,,No official historical ticker transition was present in V1 inputs.,,NO_OFFICIAL_TRANSITION_EVIDENCE,KAP_MARKETS,KAP_MARKET:4028328c550642950155066367d0001b:4028328c6d92933b016e21b838963f42:8acae2c49145e00d019180a20f28221c:OZATD,https://www.kap.org.tr/tr/Pazarlar,NO_HISTORICAL_TICKER_FOUND,Collection continues under the current ticker; no alias was inferred.
OZGYO,,No official historical ticker transition was present in V1 inputs.,,NO_OFFICIAL_TRANSITION_EVIDENCE,KAP_MARKETS,KAP_MARKET:4028328c550642950155066367d0001b:33E5FED802CC00EAE0530A4A622B2AEA:4028e4a140ee35c70140ee582a75003c:OZGYO,https://www.kap.org.tr/tr/Pazarlar,NO_HISTORICAL_TICKER_FOUND,Collection continues under the current ticker; no alias was inferred.
OZKGY,,No official historical ticker transition was present in V1 inputs.,,NO_OFFICIAL_TRANSITION_EVIDENCE,KAP_MARKETS,KAP_MARKET:4028328c550642950155066367d0001b:4028328c6d92933b016e21b838963f42:4028e4a140f2ed720141079632d0024f:OZKGY,https://www.kap.org.tr/tr/Pazarlar,NO_HISTORICAL_TICKER_FOUND,Collection continues under the current ticker; no alias was inferred.
OZRDN,,No official historical ticker transition was present in V1 inputs.,,NO_OFFICIAL_TRANSITION_EVIDENCE,KAP_MARKETS,KAP_MARKET:4028328c550642950155066367d0001b:4028328c6d92933b016e21b91b463f54:1DE05DAA82D2073AE0530A4A622A2EBD:OZRDN,https://www.kap.org.tr/tr/Pazarlar,NO_HISTORICAL_TICKER_FOUND,Collection continues under the current ticker; no alias was inferred.
OZSUB,,No official historical ticker transition was present in V1 inputs.,,NO_OFFICIAL_TRANSITION_EVIDENCE,KAP_MARKETS,KAP_MARKET:4028328c550642950155066367d0001b:33E5FED802CC00EAE0530A4A622B2AEA:8acae2c465a51c380166776d73784fba:OZSUB,https://www.kap.org.tr/tr/Pazarlar,NO_HISTORICAL_TICKER_FOUND,Collection continues under the current ticker; no alias was inferred.
OZYSR,,No official historical ticker transition was present in V1 inputs.,,NO_OFFICIAL_TRANSITION_EVIDENCE,KAP_MARKETS,KAP_MARKET:4028328c550642950155066367d0001b:33E5FED802CC00EAE0530A4A622B2AEA:8acae2c58b2fa64e018f853cd37d57cf:OZYSR,https://www.kap.org.tr/tr/Pazarlar,NO_HISTORICAL_TICKER_FOUND,Collection continues under the current ticker; no alias was inferred.
PAGYO,,No official historical ticker transition was present in V1 inputs.,,NO_OFFICIAL_TRANSITION_EVIDENCE,KAP_MARKETS,KAP_MARKET:4028328c550642950155066367d0001b:4028328c6d92933b016e21b838963f42:4028e4a240f2ef4c014134d6641f062a:PAGYO,https://www.kap.org.tr/tr/Pazarlar,NO_HISTORICAL_TICKER_FOUND,Collection continues under the current ticker; no alias was inferred.
PAHOL,,No official historical ticker transition was present in V1 inputs.,,NO_OFFICIAL_TRANSITION_EVIDENCE,KAP_MARKETS,KAP_MARKET:4028328c550642950155066367d0001b:4028328c6d92933b016e21b838963f42:8acae2c4998f24d8019a5ffde32b0e5a:PAHOL,https://www.kap.org.tr/tr/Pazarlar,NO_HISTORICAL_TICKER_FOUND,Collection continues under the current ticker; no alias was inferred.
PAMEL,,No official historical ticker transition was present in V1 inputs.,,NO_OFFICIAL_TRANSITION_EVIDENCE,KAP_MARKETS,KAP_MARKET:4028328c550642950155066367d0001b:33E5FED802CC00EAE0530A4A622B2AEA:4028e4a246b4c5a90147f8ed32b0722f:PAMEL,https://www.kap.org.tr/tr/Pazarlar,NO_HISTORICAL_TICKER_FOUND,Collection continues under the current ticker; no alias was inferred.
PAPIL,,No official historical ticker transition was present in V1 inputs.,,NO_OFFICIAL_TRANSITION_EVIDENCE,KAP_MARKETS,KAP_MARKET:4028328c550642950155066367d0001b:4028328c6d92933b016e21b838963f42:8acae2c46e7fdc6a016e93286c5304b5:PAPIL,https://www.kap.org.tr/tr/Pazarlar,NO_HISTORICAL_TICKER_FOUND,Collection continues under the current ticker; no alias was inferred.
PARSN,,No official historical ticker transition was present in V1 inputs.,,NO_OFFICIAL_TRANSITION_EVIDENCE,KAP_MARKETS,KAP_MARKET:4028328c550642950155066367d0001b:4028328c6d92933b016e21b838963f42:4028e4a140ee84900140f1ecef250011:PARSN,https://www.kap.org.tr/tr/Pazarlar,NO_HISTORICAL_TICKER_FOUND,Collection continues under the current ticker; no alias was inferred.
PASEU,,No official historical ticker transition was present in V1 inputs.,,NO_OFFICIAL_TRANSITION_EVIDENCE,KAP_MARKETS,KAP_MARKET:4028328c550642950155066367d0001b:4028328c6d92933b016e21b838963f42:8acae2c586d22c5101887ae575873835:PASEU,https://www.kap.org.tr/tr/Pazarlar,NO_HISTORICAL_TICKER_FOUND,Collection continues under the current ticker; no alias was inferred.
PATEK,,No official historical ticker transition was present in V1 inputs.,,NO_OFFICIAL_TRANSITION_EVIDENCE,KAP_MARKETS,KAP_MARKET:4028328c550642950155066367d0001b:4028328c6d92933b016e21b838963f42:8acae2c58b2fa64e018d63b9afbd4e6c:PATEK,https://www.kap.org.tr/tr/Pazarlar,NO_HISTORICAL_TICKER_FOUND,Collection continues under the current ticker; no alias was inferred.
PCILT,,No official historical ticker transition was present in V1 inputs.,,NO_OFFICIAL_TRANSITION_EVIDENCE,KAP_MARKETS,KAP_MARKET:4028328c550642950155066367d0001b:33E5FED802CC00EAE0530A4A622B2AEA:8acae2c5782a4e6d017844c378070abd:PCILT,https://www.kap.org.tr/tr/Pazarlar,NO_HISTORICAL_TICKER_FOUND,Collection continues under the current ticker; no alias was inferred.
PEKGY,,No official historical ticker transition was present in V1 inputs.,,NO_OFFICIAL_TRANSITION_EVIDENCE,KAP_MARKETS,KAP_MARKET:4028328c550642950155066367d0001b:33E5FED802CC00EAE0530A4A622B2AEA:8acae2c55fc6011001617acbeb1b48da:PEKGY,https://www.kap.org.tr/tr/Pazarlar,NO_HISTORICAL_TICKER_FOUND,Collection continues under the current ticker; no alias was inferred.
PENGD,,No official historical ticker transition was present in V1 inputs.,,NO_OFFICIAL_TRANSITION_EVIDENCE,KAP_MARKETS,KAP_MARKET:4028328c550642950155066367d0001b:33E5FED802CC00EAE0530A4A622B2AEA:4028e4a246b4c5a9014836bd56174fe9:PENGD,https://www.kap.org.tr/tr/Pazarlar,NO_HISTORICAL_TICKER_FOUND,Collection continues under the current ticker; no alias was inferred.
PENTA,,No official historical ticker transition was present in V1 inputs.,,NO_OFFICIAL_TRANSITION_EVIDENCE,KAP_MARKETS,KAP_MARKET:4028328c550642950155066367d0001b:33E5FED802CC00EAE0530A4A622B2AEA:4028e4a14184e9c9014198033c094251:PENTA,https://www.kap.org.tr/tr/Pazarlar,NO_HISTORICAL_TICKER_FOUND,Collection continues under the current ticker; no alias was inferred.
PETKM,,No official historical ticker transition was present in V1 inputs.,,NO_OFFICIAL_TRANSITION_EVIDENCE,KAP_MARKETS,KAP_MARKET:4028328c550642950155066367d0001b:4028328c6d92933b016e21b838963f42:4028e4a240f2ef470141165c566a03e4:PETKM,https://www.kap.org.tr/tr/Pazarlar,NO_HISTORICAL_TICKER_FOUND,Collection continues under the current ticker; no alias was inferred.
PETUN,,No official historical ticker transition was present in V1 inputs.,,NO_OFFICIAL_TRANSITION_EVIDENCE,KAP_MARKETS,KAP_MARKET:4028328c550642950155066367d0001b:33E5FED802CC00EAE0530A4A622B2AEA:4028e4a240ee866c0140f1f7b3990027:PETUN,https://www.kap.org.tr/tr/Pazarlar,NO_HISTORICAL_TICKER_FOUND,Collection continues under the current ticker; no alias was inferred.
PGSUS,,No official historical ticker transition was present in V1 inputs.,,NO_OFFICIAL_TRANSITION_EVIDENCE,KAP_MARKETS,KAP_MARKET:4028328c550642950155066367d0001b:4028328c6d92933b016e21b838963f42:4028e4a2422d9a78014232e751bc22a4:PGSUS,https://www.kap.org.tr/tr/Pazarlar,NO_HISTORICAL_TICKER_FOUND,Collection continues under the current ticker; no alias was inferred.
PINSU,,No official historical ticker transition was present in V1 inputs.,,NO_OFFICIAL_TRANSITION_EVIDENCE,KAP_MARKETS,KAP_MARKET:4028328c550642950155066367d0001b:33E5FED802CC00EAE0530A4A622B2AEA:4028e4a240ee866c0140f1f8c01a003e:PINSU,https://www.kap.org.tr/tr/Pazarlar,NO_HISTORICAL_TICKER_FOUND,Collection continues under the current ticker; no alias was inferred.
PKART,,No official historical ticker transition was present in V1 inputs.,,NO_OFFICIAL_TRANSITION_EVIDENCE,KAP_MARKETS,KAP_MARKET:4028328c550642950155066367d0001b:33E5FED802CC00EAE0530A4A622B2AEA:4028e4a24184e9e501419d8dd26e7538:PKART,https://www.kap.org.tr/tr/Pazarlar,NO_HISTORICAL_TICKER_FOUND,Collection continues under the current ticker; no alias was inferred.
PKENT,,No official historical ticker transition was present in V1 inputs.,,NO_OFFICIAL_TRANSITION_EVIDENCE,KAP_MARKETS,KAP_MARKET:4028328c550642950155066367d0001b:33E5FED802CC00EAE0530A4A622B2AEA:4028e4a140f2ed72014106c1df9a021f:PKENT,https://www.kap.org.tr/tr/Pazarlar,NO_HISTORICAL_TICKER_FOUND,Collection continues under the current ticker; no alias was inferred.
PLTUR,,No official historical ticker transition was present in V1 inputs.,,NO_OFFICIAL_TRANSITION_EVIDENCE,KAP_MARKETS,KAP_MARKET:4028328c550642950155066367d0001b:33E5FED802CC00EAE0530A4A622B2AEA:4028e4a2422d9a7801427038d3fc1e11:PLTUR,https://www.kap.org.tr/tr/Pazarlar,NO_HISTORICAL_TICKER_FOUND,Collection continues under the current ticker; no alias was inferred.
PNLSN,,No official historical ticker transition was present in V1 inputs.,,NO_OFFICIAL_TRANSITION_EVIDENCE,KAP_MARKETS,KAP_MARKET:4028328c550642950155066367d0001b:33E5FED802CC00EAE0530A4A622B2AEA:8acae2c47d3bee50017db95876e6220e:PNLSN,https://www.kap.org.tr/tr/Pazarlar,NO_HISTORICAL_TICKER_FOUND,Collection continues under the current ticker; no alias was inferred.
PNSUT,,No official historical ticker transition was present in V1 inputs.,,NO_OFFICIAL_TRANSITION_EVIDENCE,KAP_MARKETS,KAP_MARKET:4028328c550642950155066367d0001b:33E5FED802CC00EAE0530A4A622B2AEA:4028e4a240ee866c0140f1f97e530042:PNSUT,https://www.kap.org.tr/tr/Pazarlar,NO_HISTORICAL_TICKER_FOUND,Collection continues under the current ticker; no alias was inferred.
POLHO,,No official historical ticker transition was present in V1 inputs.,,NO_OFFICIAL_TRANSITION_EVIDENCE,KAP_MARKETS,KAP_MARKET:4028328c550642950155066367d0001b:4028328c6d92933b016e21b838963f42:4028e4a241733d4a01417414a27127d7:POLHO,https://www.kap.org.tr/tr/Pazarlar,NO_HISTORICAL_TICKER_FOUND,Collection continues under the current ticker; no alias was inferred.
POLTK,,No official historical ticker transition was present in V1 inputs.,,NO_OFFICIAL_TRANSITION_EVIDENCE,KAP_MARKETS,KAP_MARKET:4028328c550642950155066367d0001b:4028328c6d92933b016e21b838963f42:4028e4a246b4c5a90147fcd473d37f85:POLTK,https://www.kap.org.tr/tr/Pazarlar,NO_HISTORICAL_TICKER_FOUND,Collection continues under the current ticker; no alias was inferred.
PRDGS,,No official historical ticker transition was present in V1 inputs.,,NO_OFFICIAL_TRANSITION_EVIDENCE,KAP_MARKETS,KAP_MARKET:4028328c550642950155066367d0001b:33E5FED802CC00EAE0530A4A622B2AEA:8acae2c57afb2d71017bceb97170639d:PRDGS,https://www.kap.org.tr/tr/Pazarlar,NO_HISTORICAL_TICKER_FOUND,Collection continues under the current ticker; no alias was inferred.
PRKAB,,No official historical ticker transition was present in V1 inputs.,,NO_OFFICIAL_TRANSITION_EVIDENCE,KAP_MARKETS,KAP_MARKET:4028328c550642950155066367d0001b:33E5FED802CC00EAE0530A4A622B2AEA:4028e4a240f2ef470141167b777b0437:PRKAB,https://www.kap.org.tr/tr/Pazarlar,NO_HISTORICAL_TICKER_FOUND,Collection continues under the current ticker; no alias was inferred.
PRKME,,No official historical ticker transition was present in V1 inputs.,,NO_OFFICIAL_TRANSITION_EVIDENCE,KAP_MARKETS,KAP_MARKET:4028328c550642950155066367d0001b:33E5FED802CC00EAE0530A4A622B2AEA:4028e4a141da49ea0141e45622e54843:PRKME,https://www.kap.org.tr/tr/Pazarlar,NO_HISTORICAL_TICKER_FOUND,Collection continues under the current ticker; no alias was inferred.
PRZMA,,No official historical ticker transition was present in V1 inputs.,,NO_OFFICIAL_TRANSITION_EVIDENCE,KAP_MARKETS,KAP_MARKET:4028328c550642950155066367d0001b:33E5FED802CC00EAE0530A4A622B2AEA:4028e4a2415f4f8401415ff644c5341c:PRZMA,https://www.kap.org.tr/tr/Pazarlar,NO_HISTORICAL_TICKER_FOUND,Collection continues under the current ticker; no alias was inferred.
PSDTC,,No official historical ticker transition was present in V1 inputs.,,NO_OFFICIAL_TRANSITION_EVIDENCE,KAP_MARKETS,KAP_MARKET:4028328c550642950155066367d0001b:33E5FED802CC00EAE0530A4A622B2AEA:1DE05DAA8399073AE0530A4A622A2EBD:PSDTC,https://www.kap.org.tr/tr/Pazarlar,NO_HISTORICAL_TICKER_FOUND,Collection continues under the current ticker; no alias was inferred.
PSGYO,,No official historical ticker transition was present in V1 inputs.,,NO_OFFICIAL_TRANSITION_EVIDENCE,KAP_MARKETS,KAP_MARKET:4028328c550642950155066367d0001b:4028328c6d92933b016e21b838963f42:8acae2c4794d364a017a51e9e5d256c9:PSGYO,https://www.kap.org.tr/tr/Pazarlar,NO_HISTORICAL_TICKER_FOUND,Collection continues under the current ticker; no alias was inferred.
QNBFK,,No official historical ticker transition was present in V1 inputs.,,NO_OFFICIAL_TRANSITION_EVIDENCE,KAP_MARKETS,KAP_MARKET:4028328c550642950155066367d0001b:33E5FED802B000EAE0530A4A622B2AEA:4028e4a140f2ed7201410821418e027d:QNBFK,https://www.kap.org.tr/tr/Pazarlar,NO_HISTORICAL_TICKER_FOUND,Collection continues under the current ticker; no alias was inferred.
QNBTR,,No official historical ticker transition was present in V1 inputs.,,NO_OFFICIAL_TRANSITION_EVIDENCE,KAP_MARKETS,KAP_MARKET:4028328c550642950155066367d0001b:33E5FED802B000EAE0530A4A622B2AEA:4028e4a240e95dc90140ee076f400178:QNBTR,https://www.kap.org.tr/tr/Pazarlar,NO_HISTORICAL_TICKER_FOUND,Collection continues under the current ticker; no alias was inferred.
QUAGR,,No official historical ticker transition was present in V1 inputs.,,NO_OFFICIAL_TRANSITION_EVIDENCE,KAP_MARKETS,KAP_MARKET:4028328c550642950155066367d0001b:4028328c6d92933b016e21b838963f42:8acae2c469cee2a4016b1c1dc11f2b03:QUAGR,https://www.kap.org.tr/tr/Pazarlar,NO_HISTORICAL_TICKER_FOUND,Collection continues under the current ticker; no alias was inferred.
RALYH,,No official historical ticker transition was present in V1 inputs.,,NO_OFFICIAL_TRANSITION_EVIDENCE,KAP_MARKETS,KAP_MARKET:4028328c550642950155066367d0001b:4028328c6d92933b016e21b838963f42:4028e4a240f2ef4c0141029be169015f:RALYH,https://www.kap.org.tr/tr/Pazarlar,NO_HISTORICAL_TICKER_FOUND,Collection continues under the current ticker; no alias was inferred.
RAYSG,,No official historical ticker transition was present in V1 inputs.,,NO_OFFICIAL_TRANSITION_EVIDENCE,KAP_MARKETS,KAP_MARKET:4028328c550642950155066367d0001b:33E5FED802CC00EAE0530A4A622B2AEA:4028e4a241733d4201417ddf67f8288c:RAYSG,https://www.kap.org.tr/tr/Pazarlar,NO_HISTORICAL_TICKER_FOUND,Collection continues under the current ticker; no alias was inferred.
REEDR,,No official historical ticker transition was present in V1 inputs.,,NO_OFFICIAL_TRANSITION_EVIDENCE,KAP_MARKETS,KAP_MARKET:4028328c550642950155066367d0001b:4028328c6d92933b016e21b838963f42:8acae2c586d22c53018a73739d9104a8:REEDR,https://www.kap.org.tr/tr/Pazarlar,NO_HISTORICAL_TICKER_FOUND,Collection continues under the current ticker; no alias was inferred.
RGYAS,,No official historical ticker transition was present in V1 inputs.,,NO_OFFICIAL_TRANSITION_EVIDENCE,KAP_MARKETS,KAP_MARKET:4028328c550642950155066367d0001b:4028328c6d92933b016e21b838963f42:4028e4a241b612d80141d9a52e2a2727:RGYAS,https://www.kap.org.tr/tr/Pazarlar,NO_HISTORICAL_TICKER_FOUND,Collection continues under the current ticker; no alias was inferred.
RNPOL,,No official historical ticker transition was present in V1 inputs.,,NO_OFFICIAL_TRANSITION_EVIDENCE,KAP_MARKETS,KAP_MARKET:4028328c550642950155066367d0001b:4028328c6d92933b016e21b91b463f54:8acae2c47afb298b017bcfa8c4e96550:RNPOL,https://www.kap.org.tr/tr/Pazarlar,NO_HISTORICAL_TICKER_FOUND,Collection continues under the current ticker; no alias was inferred.
RODRG,,No official historical ticker transition was present in V1 inputs.,,NO_OFFICIAL_TRANSITION_EVIDENCE,KAP_MARKETS,KAP_MARKET:4028328c550642950155066367d0001b:4028328c6d92933b016e21b91b463f54:4028e4a241e538ab0141ef77414543c5:RODRG,https://www.kap.org.tr/tr/Pazarlar,NO_HISTORICAL_TICKER_FOUND,Collection continues under the current ticker; no alias was inferred.
RTALB,,No official historical ticker transition was present in V1 inputs.,,NO_OFFICIAL_TRANSITION_EVIDENCE,KAP_MARKETS,KAP_MARKET:4028328c550642950155066367d0001b:33E5FED802CC00EAE0530A4A622B2AEA:4028e4a2486ec9ba0148c19eb7eb1933:RTALB,https://www.kap.org.tr/tr/Pazarlar,NO_HISTORICAL_TICKER_FOUND,Collection continues under the current ticker; no alias was inferred.
RUBNS,,No official historical ticker transition was present in V1 inputs.,,NO_OFFICIAL_TRANSITION_EVIDENCE,KAP_MARKETS,KAP_MARKET:4028328c550642950155066367d0001b:33E5FED802CC00EAE0530A4A622B2AEA:8acae2c47d3bee50017d8f777c171313:RUBNS,https://www.kap.org.tr/tr/Pazarlar,NO_HISTORICAL_TICKER_FOUND,Collection continues under the current ticker; no alias was inferred.
RUZYE,,No official historical ticker transition was present in V1 inputs.,,NO_OFFICIAL_TRANSITION_EVIDENCE,KAP_MARKETS,KAP_MARKET:4028328c550642950155066367d0001b:33E5FED802CC00EAE0530A4A622B2AEA:4028e4a14158e41f01415a8ea74c4fbe:RUZYE,https://www.kap.org.tr/tr/Pazarlar,NO_HISTORICAL_TICKER_FOUND,Collection continues under the current ticker; no alias was inferred.
RYGYO,,No official historical ticker transition was present in V1 inputs.,,NO_OFFICIAL_TRANSITION_EVIDENCE,KAP_MARKETS,KAP_MARKET:4028328c550642950155066367d0001b:4028328c6d92933b016e21b838963f42:4028e4a140ee847b0140f20278c00023:RYGYO,https://www.kap.org.tr/tr/Pazarlar,NO_HISTORICAL_TICKER_FOUND,Collection continues under the current ticker; no alias was inferred.
RYSAS,,No official historical ticker transition was present in V1 inputs.,,NO_OFFICIAL_TRANSITION_EVIDENCE,KAP_MARKETS,KAP_MARKET:4028328c550642950155066367d0001b:4028328c6d92933b016e21b838963f42:4028e4a140ee847b0140f203980d0030:RYSAS,https://www.kap.org.tr/tr/Pazarlar,NO_HISTORICAL_TICKER_FOUND,Collection continues under the current ticker; no alias was inferred.
SAFKR,,No official historical ticker transition was present in V1 inputs.,,NO_OFFICIAL_TRANSITION_EVIDENCE,KAP_MARKETS,KAP_MARKET:4028328c550642950155066367d0001b:4028328c6d92933b016e21b838963f42:8acae2c55fc6011101602fcafb57255a:SAFKR,https://www.kap.org.tr/tr/Pazarlar,NO_HISTORICAL_TICKER_FOUND,Collection continues under the current ticker; no alias was inferred.
SAHOL,,No official historical ticker transition was present in V1 inputs.,,NO_OFFICIAL_TRANSITION_EVIDENCE,KAP_MARKETS,KAP_MARKET:4028328c550642950155066367d0001b:4028328c6d92933b016e21b838963f42:4028e4a240ee37a90140ee50087e000b:SAHOL,https://www.kap.org.tr/tr/Pazarlar,NO_HISTORICAL_TICKER_FOUND,Collection continues under the current ticker; no alias was inferred.
SAMAT,,No official historical ticker transition was present in V1 inputs.,,NO_OFFICIAL_TRANSITION_EVIDENCE,KAP_MARKETS,KAP_MARKET:4028328c550642950155066367d0001b:4028328c6d92933b016e21b91b463f54:4028e4a1415f4d9b01415fde1bcc2fce:SAMAT,https://www.kap.org.tr/tr/Pazarlar,NO_HISTORICAL_TICKER_FOUND,Collection continues under the current ticker; no alias was inferred.
SANEL,,No official historical ticker transition was present in V1 inputs.,,NO_OFFICIAL_TRANSITION_EVIDENCE,KAP_MARKETS,KAP_MARKET:4028328c550642950155066367d0001b:4028328c6d92933b016e21b91b463f54:4028e4a143371eea0143532e82ac510b:SANEL,https://www.kap.org.tr/tr/Pazarlar,NO_HISTORICAL_TICKER_FOUND,Collection continues under the current ticker; no alias was inferred.
SANFM,,No official historical ticker transition was present in V1 inputs.,,NO_OFFICIAL_TRANSITION_EVIDENCE,KAP_MARKETS,KAP_MARKET:4028328c550642950155066367d0001b:33E5FED802CC00EAE0530A4A622B2AEA:4028e4a141733b560141741ee61b25bd:SANFM,https://www.kap.org.tr/tr/Pazarlar,NO_HISTORICAL_TICKER_FOUND,Collection continues under the current ticker; no alias was inferred.
SANKO,,No official historical ticker transition was present in V1 inputs.,,NO_OFFICIAL_TRANSITION_EVIDENCE,KAP_MARKETS,KAP_MARKET:4028328c550642950155066367d0001b:33E5FED802CC00EAE0530A4A622B2AEA:4028e4a242140a92014223b5b91333e8:SANKO,https://www.kap.org.tr/tr/Pazarlar,NO_HISTORICAL_TICKER_FOUND,Collection continues under the current ticker; no alias was inferred.
SARAE,,No official historical ticker transition was present in V1 inputs.,,NO_OFFICIAL_TRANSITION_EVIDENCE,KAP_MARKETS,KAP_MARKET:4028328c550642950155066367d0001b:4028328c6d92933b016e21b838963f42:8acae2c59ee1b2d8019f2860baca2f2e:SARAE,https://www.kap.org.tr/tr/Pazarlar,NO_HISTORICAL_TICKER_FOUND,Collection continues under the current ticker; no alias was inferred.
SARKY,,No official historical ticker transition was present in V1 inputs.,,NO_OFFICIAL_TRANSITION_EVIDENCE,KAP_MARKETS,KAP_MARKET:4028328c550642950155066367d0001b:4028328c6d92933b016e21b838963f42:4028e4a140f2ed7101410294f924012d:SARKY,https://www.kap.org.tr/tr/Pazarlar,NO_HISTORICAL_TICKER_FOUND,Collection continues under the current ticker; no alias was inferred.
SASA,,No official historical ticker transition was present in V1 inputs.,,NO_OFFICIAL_TRANSITION_EVIDENCE,KAP_MARKETS,KAP_MARKET:4028328c550642950155066367d0001b:4028328c6d92933b016e21b838963f42:4028e4a240ee866c0140f20abd9500cc:SASA,https://www.kap.org.tr/tr/Pazarlar,NO_HISTORICAL_TICKER_FOUND,Collection continues under the current ticker; no alias was inferred.
SAYAS,,No official historical ticker transition was present in V1 inputs.,,NO_OFFICIAL_TRANSITION_EVIDENCE,KAP_MARKETS,KAP_MARKET:4028328c550642950155066367d0001b:33E5FED802CC00EAE0530A4A622B2AEA:4028e4a1415f4d9901416000c2de30f0:SAYAS,https://www.kap.org.tr/tr/Pazarlar,NO_HISTORICAL_TICKER_FOUND,Collection continues under the current ticker; no alias was inferred.
SDTTR,,No official historical ticker transition was present in V1 inputs.,,NO_OFFICIAL_TRANSITION_EVIDENCE,KAP_MARKETS,KAP_MARKET:4028328c550642950155066367d0001b:4028328c6d92933b016e21b838963f42:8acae2c48304fe9e0183ac70038e4941:SDTTR,https://www.kap.org.tr/tr/Pazarlar,NO_HISTORICAL_TICKER_FOUND,Collection continues under the current ticker; no alias was inferred.
SEGMN,,No official historical ticker transition was present in V1 inputs.,,NO_OFFICIAL_TRANSITION_EVIDENCE,KAP_MARKETS,KAP_MARKET:4028328c550642950155066367d0001b:33E5FED802CC00EAE0530A4A622B2AEA:8acae2c48c3efabf019017378c962a6d:SEGMN,https://www.kap.org.tr/tr/Pazarlar,NO_HISTORICAL_TICKER_FOUND,Collection continues under the current ticker; no alias was inferred.
SEGYO,,No official historical ticker transition was present in V1 inputs.,,NO_OFFICIAL_TRANSITION_EVIDENCE,KAP_MARKETS,KAP_MARKET:4028328c550642950155066367d0001b:33E5FED802CC00EAE0530A4A622B2AEA:8acae2c56faf888c01718864329b7097:SEGYO,https://www.kap.org.tr/tr/Pazarlar,NO_HISTORICAL_TICKER_FOUND,Collection continues under the current ticker; no alias was inferred.
SEKFK,,No official historical ticker transition was present in V1 inputs.,,NO_OFFICIAL_TRANSITION_EVIDENCE,KAP_MARKETS,KAP_MARKET:4028328c550642950155066367d0001b:4028328c6d92933b016e21b91b463f54:4028e4a141e536460141e92af0291568:SEKFK,https://www.kap.org.tr/tr/Pazarlar,NO_HISTORICAL_TICKER_FOUND,Collection continues under the current ticker; no alias was inferred.
SEKUR,,No official historical ticker transition was present in V1 inputs.,,NO_OFFICIAL_TRANSITION_EVIDENCE,KAP_MARKETS,KAP_MARKET:4028328c550642950155066367d0001b:4028328c6d92933b016e21b91b463f54:1DE05DAA83C4073AE0530A4A622A2EBD:SEKUR,https://www.kap.org.tr/tr/Pazarlar,NO_HISTORICAL_TICKER_FOUND,Collection continues under the current ticker; no alias was inferred.
SELEC,,No official historical ticker transition was present in V1 inputs.,,NO_OFFICIAL_TRANSITION_EVIDENCE,KAP_MARKETS,KAP_MARKET:4028328c550642950155066367d0001b:4028328c6d92933b016e21b838963f42:4028e4a2416e697d01416ec00e101dce:SELEC,https://www.kap.org.tr/tr/Pazarlar,NO_HISTORICAL_TICKER_FOUND,Collection continues under the current ticker; no alias was inferred.
SELVA,,No official historical ticker transition was present in V1 inputs.,,NO_OFFICIAL_TRANSITION_EVIDENCE,KAP_MARKETS,KAP_MARKET:4028328c550642950155066367d0001b:33E5FED802CC00EAE0530A4A622B2AEA:8acae2c5794d3d6a0179fb3f31d744cd:SELVA,https://www.kap.org.tr/tr/Pazarlar,NO_HISTORICAL_TICKER_FOUND,Collection continues under the current ticker; no alias was inferred.
SERNT,,No official historical ticker transition was present in V1 inputs.,,NO_OFFICIAL_TRANSITION_EVIDENCE,KAP_MARKETS,KAP_MARKET:4028328c550642950155066367d0001b:33E5FED802CC00EAE0530A4A622B2AEA:8acae2c49145e00b019497929176199a:SERNT,https://www.kap.org.tr/tr/Pazarlar,NO_HISTORICAL_TICKER_FOUND,Collection continues under the current ticker; no alias was inferred.
SEYKM,,No official historical ticker transition was present in V1 inputs.,,NO_OFFICIAL_TRANSITION_EVIDENCE,KAP_MARKETS,KAP_MARKET:4028328c550642950155066367d0001b:4028328c6d92933b016e21b91b463f54:402821824da3aa97014f16c428d14bcf:SEYKM,https://www.kap.org.tr/tr/Pazarlar,NO_HISTORICAL_TICKER_FOUND,Collection continues under the current ticker; no alias was inferred.
SILVR,,No official historical ticker transition was present in V1 inputs.,,NO_OFFICIAL_TRANSITION_EVIDENCE,KAP_MARKETS,KAP_MARKET:4028328c550642950155066367d0001b:4028328c6d92933b016e21b91b463f54:4028e4a243dd5e8f01440734fd5613db:SILVR,https://www.kap.org.tr/tr/Pazarlar,NO_HISTORICAL_TICKER_FOUND,Collection continues under the current ticker; no alias was inferred.
SISE,,No official historical ticker transition was present in V1 inputs.,,NO_OFFICIAL_TRANSITION_EVIDENCE,KAP_MARKETS,KAP_MARKET:4028328c550642950155066367d0001b:4028328c6d92933b016e21b838963f42:4028e4a140f2ed710140f385d5690102:SISE,https://www.kap.org.tr/tr/Pazarlar,NO_HISTORICAL_TICKER_FOUND,Collection continues under the current ticker; no alias was inferred.
SKBNK,,No official historical ticker transition was present in V1 inputs.,,NO_OFFICIAL_TRANSITION_EVIDENCE,KAP_MARKETS,KAP_MARKET:4028328c550642950155066367d0001b:4028328c6d92933b016e21b838963f42:4028e4a240f2ef4c01412adc8fba04ee:SKBNK,https://www.kap.org.tr/tr/Pazarlar,NO_HISTORICAL_TICKER_FOUND,Collection continues under the current ticker; no alias was inferred.
SKTAS,,No official historical ticker transition was present in V1 inputs.,,NO_OFFICIAL_TRANSITION_EVIDENCE,KAP_MARKETS,KAP_MARKET:4028328c550642950155066367d0001b:33E5FED802CC00EAE0530A4A622B2AEA:4028e4a140f275530140f27bc043017d:SKTAS,https://www.kap.org.tr/tr/Pazarlar,NO_HISTORICAL_TICKER_FOUND,Collection continues under the current ticker; no alias was inferred.
SKYLP,,No official historical ticker transition was present in V1 inputs.,,NO_OFFICIAL_TRANSITION_EVIDENCE,KAP_MARKETS,KAP_MARKET:4028328c550642950155066367d0001b:4028328c6d92933b016e21b91b463f54:4028e4a1415f4d9b01415ff295793adc:SKYLP,https://www.kap.org.tr/tr/Pazarlar,NO_HISTORICAL_TICKER_FOUND,Collection continues under the current ticker; no alias was inferred.
SKYMD,,No official historical ticker transition was present in V1 inputs.,,NO_OFFICIAL_TRANSITION_EVIDENCE,KAP_MARKETS,KAP_MARKET:4028328c550642950155066367d0001b:33E5FED802CC00EAE0530A4A622B2AEA:4028e4a241a25fcb0141a7c4a064241c:SKYMD,https://www.kap.org.tr/tr/Pazarlar,NO_HISTORICAL_TICKER_FOUND,Collection continues under the current ticker; no alias was inferred.
SMART,,No official historical ticker transition was present in V1 inputs.,,NO_OFFICIAL_TRANSITION_EVIDENCE,KAP_MARKETS,KAP_MARKET:4028328c550642950155066367d0001b:33E5FED802CC00EAE0530A4A622B2AEA:8acae2c569cee403016a6d8db5035804:SMART,https://www.kap.org.tr/tr/Pazarlar,NO_HISTORICAL_TICKER_FOUND,Collection continues under the current ticker; no alias was inferred.
SMRTG,,No official historical ticker transition was present in V1 inputs.,,NO_OFFICIAL_TRANSITION_EVIDENCE,KAP_MARKETS,KAP_MARKET:4028328c550642950155066367d0001b:4028328c6d92933b016e21b838963f42:8acae2c47d3bee4e017f49ce882e7b01:SMRTG,https://www.kap.org.tr/tr/Pazarlar,NO_HISTORICAL_TICKER_FOUND,Collection continues under the current ticker; no alias was inferred.
SMRVA,,No official historical ticker transition was present in V1 inputs.,,NO_OFFICIAL_TRANSITION_EVIDENCE,KAP_MARKETS,KAP_MARKET:4028328c550642950155066367d0001b:33E5FED802CC00EAE0530A4A622B2AEA:402821814da3a99c014eb57bdd604a6f:SMRVA,https://www.kap.org.tr/tr/Pazarlar,NO_HISTORICAL_TICKER_FOUND,Collection continues under the current ticker; no alias was inferred.
SNGYO,,No official historical ticker transition was present in V1 inputs.,,NO_OFFICIAL_TRANSITION_EVIDENCE,KAP_MARKETS,KAP_MARKET:4028328c550642950155066367d0001b:4028328c6d92933b016e21b838963f42:4028e4a14184e9cf01419c0168dd5a87:SNGYO,https://www.kap.org.tr/tr/Pazarlar,NO_HISTORICAL_TICKER_FOUND,Collection continues under the current ticker; no alias was inferred.
SNICA,,No official historical ticker transition was present in V1 inputs.,,NO_OFFICIAL_TRANSITION_EVIDENCE,KAP_MARKETS,KAP_MARKET:4028328c550642950155066367d0001b:33E5FED802CC00EAE0530A4A622B2AEA:8acae2c5830502c20183cb8491655a67:SNICA,https://www.kap.org.tr/tr/Pazarlar,NO_HISTORICAL_TICKER_FOUND,Collection continues under the current ticker; no alias was inferred.
SNPAM,,No official historical ticker transition was present in V1 inputs.,,NO_OFFICIAL_TRANSITION_EVIDENCE,KAP_MARKETS,KAP_MARKET:4028328c550642950155066367d0001b:33E5FED802B000EAE0530A4A622B2AEA:4028e4a240f2ef4c01412ad919a504dd:SNPAM,https://www.kap.org.tr/tr/Pazarlar,NO_HISTORICAL_TICKER_FOUND,Collection continues under the current ticker; no alias was inferred.
SODSN,,No official historical ticker transition was present in V1 inputs.,,NO_OFFICIAL_TRANSITION_EVIDENCE,KAP_MARKETS,KAP_MARKET:4028328c550642950155066367d0001b:33E5FED802B000EAE0530A4A622B2AEA:4028e4a140f2ed7201412ad04fdc071d:SODSN,https://www.kap.org.tr/tr/Pazarlar,NO_HISTORICAL_TICKER_FOUND,Collection continues under the current ticker; no alias was inferred.
SOHOE,,No official historical ticker transition was present in V1 inputs.,,NO_OFFICIAL_TRANSITION_EVIDENCE,KAP_MARKETS,KAP_MARKET:4028328c550642950155066367d0001b:33E5FED802CC00EAE0530A4A622B2AEA:8acae2c49ee1b0ec019efd886aee0cc5:SOHOE,https://www.kap.org.tr/tr/Pazarlar,NO_HISTORICAL_TICKER_FOUND,Collection continues under the current ticker; no alias was inferred.
SOKE,,No official historical ticker transition was present in V1 inputs.,,NO_OFFICIAL_TRANSITION_EVIDENCE,KAP_MARKETS,KAP_MARKET:4028328c550642950155066367d0001b:33E5FED802CC00EAE0530A4A622B2AEA:8acae2c552495f640152d616d67a0b95:SOKE,https://www.kap.org.tr/tr/Pazarlar,NO_HISTORICAL_TICKER_FOUND,Collection continues under the current ticker; no alias was inferred.
SOKM,,No official historical ticker transition was present in V1 inputs.,,NO_OFFICIAL_TRANSITION_EVIDENCE,KAP_MARKETS,KAP_MARKET:4028328c550642950155066367d0001b:4028328c6d92933b016e21b838963f42:4028e4a14184e9c9014198095f4442bf:SOKM,https://www.kap.org.tr/tr/Pazarlar,NO_HISTORICAL_TICKER_FOUND,Collection continues under the current ticker; no alias was inferred.
SONME,,No official historical ticker transition was present in V1 inputs.,,NO_OFFICIAL_TRANSITION_EVIDENCE,KAP_MARKETS,KAP_MARKET:4028328c550642950155066367d0001b:4028328c6d92933b016e21b91b463f54:4028e4a240f2ef4c01412ad6196104d2:SONME,https://www.kap.org.tr/tr/Pazarlar,NO_HISTORICAL_TICKER_FOUND,Collection continues under the current ticker; no alias was inferred.
SRVGY,,No official historical ticker transition was present in V1 inputs.,,NO_OFFICIAL_TRANSITION_EVIDENCE,KAP_MARKETS,KAP_MARKET:4028328c550642950155066367d0001b:4028328c6d92933b016e21b838963f42:4028e4a1416e696501416f80a3377c4b:SRVGY,https://www.kap.org.tr/tr/Pazarlar,NO_HISTORICAL_TICKER_FOUND,Collection continues under the current ticker; no alias was inferred.
SSAAT,,No official historical ticker transition was present in V1 inputs.,,NO_OFFICIAL_TRANSITION_EVIDENCE,KAP_MARKETS,KAP_MARKET:4028328c550642950155066367d0001b:4028328c6d92933b016e21b838963f42:8acae2c4508ff7260151d47a54641b19:SSAAT,https://www.kap.org.tr/tr/Pazarlar,NO_HISTORICAL_TICKER_FOUND,Collection continues under the current ticker; no alias was inferred.
SUMAS,,No official historical ticker transition was present in V1 inputs.,,NO_OFFICIAL_TRANSITION_EVIDENCE,KAP_MARKETS,KAP_MARKET:4028328c550642950155066367d0001b:33E5FED802B000EAE0530A4A622B2AEA:4028e4a141e536460141ea4aa4271f3b:SUMAS,https://www.kap.org.tr/tr/Pazarlar,NO_HISTORICAL_TICKER_FOUND,Collection continues under the current ticker; no alias was inferred.
SUNTK,,No official historical ticker transition was present in V1 inputs.,,NO_OFFICIAL_TRANSITION_EVIDENCE,KAP_MARKETS,KAP_MARKET:4028328c550642950155066367d0001b:4028328c6d92933b016e21b838963f42:8acae2c47f7cb4920180234f4d1064b4:SUNTK,https://www.kap.org.tr/tr/Pazarlar,NO_HISTORICAL_TICKER_FOUND,Collection continues under the current ticker; no alias was inferred.
SURGY,,No official historical ticker transition was present in V1 inputs.,,NO_OFFICIAL_TRANSITION_EVIDENCE,KAP_MARKETS,KAP_MARKET:4028328c550642950155066367d0001b:4028328c6d92933b016e21b838963f42:8acae2c48b2fa25a018c33a0808a03b0:SURGY,https://www.kap.org.tr/tr/Pazarlar,NO_HISTORICAL_TICKER_FOUND,Collection continues under the current ticker; no alias was inferred.
SUWEN,,No official historical ticker transition was present in V1 inputs.,,NO_OFFICIAL_TRANSITION_EVIDENCE,KAP_MARKETS,KAP_MARKET:4028328c550642950155066367d0001b:4028328c6d92933b016e21b838963f42:8acae2c47902e75601792308abd41e4a:SUWEN,https://www.kap.org.tr/tr/Pazarlar,NO_HISTORICAL_TICKER_FOUND,Collection continues under the current ticker; no alias was inferred.
SVGYO,,No official historical ticker transition was present in V1 inputs.,,NO_OFFICIAL_TRANSITION_EVIDENCE,KAP_MARKETS,KAP_MARKET:4028328c550642950155066367d0001b:33E5FED802CC00EAE0530A4A622B2AEA:8acae2c59b85fa03019c74a8cf6a4f62:SVGYO,https://www.kap.org.tr/tr/Pazarlar,NO_HISTORICAL_TICKER_FOUND,Collection continues under the current ticker; no alias was inferred.
TABGD,,No official historical ticker transition was present in V1 inputs.,,NO_OFFICIAL_TRANSITION_EVIDENCE,KAP_MARKETS,KAP_MARKET:4028328c550642950155066367d0001b:4028328c6d92933b016e21b838963f42:4028e4a141e536460141e5aa84740938:TABGD,https://www.kap.org.tr/tr/Pazarlar,NO_HISTORICAL_TICKER_FOUND,Collection continues under the current ticker; no alias was inferred.
TARKM,,No official historical ticker transition was present in V1 inputs.,,NO_OFFICIAL_TRANSITION_EVIDENCE,KAP_MARKETS,KAP_MARKET:4028328c550642950155066367d0001b:4028328c6d92933b016e21b838963f42:8acae2c56eccfc0c016fae44264f6323:TARKM,https://www.kap.org.tr/tr/Pazarlar,NO_HISTORICAL_TICKER_FOUND,Collection continues under the current ticker; no alias was inferred.
TATEN,,No official historical ticker transition was present in V1 inputs.,,NO_OFFICIAL_TRANSITION_EVIDENCE,KAP_MARKETS,KAP_MARKET:4028328c550642950155066367d0001b:4028328c6d92933b016e21b838963f42:8acae2c586d22c510189bf5827490281:TATEN,https://www.kap.org.tr/tr/Pazarlar,NO_HISTORICAL_TICKER_FOUND,Collection continues under the current ticker; no alias was inferred.
TATGD,,No official historical ticker transition was present in V1 inputs.,,NO_OFFICIAL_TRANSITION_EVIDENCE,KAP_MARKETS,KAP_MARKET:4028328c550642950155066367d0001b:33E5FED802CC00EAE0530A4A622B2AEA:4028e4a140f2ed720140f31089aa010a:TATGD,https://www.kap.org.tr/tr/Pazarlar,NO_HISTORICAL_TICKER_FOUND,Collection continues under the current ticker; no alias was inferred.
TAVHL,,No official historical ticker transition was present in V1 inputs.,,NO_OFFICIAL_TRANSITION_EVIDENCE,KAP_MARKETS,KAP_MARKET:4028328c550642950155066367d0001b:4028328c6d92933b016e21b838963f42:4028e4a140f2ed720140f31195ef010e:TAVHL,https://www.kap.org.tr/tr/Pazarlar,NO_HISTORICAL_TICKER_FOUND,Collection continues under the current ticker; no alias was inferred.
TBORG,,No official historical ticker transition was present in V1 inputs.,,NO_OFFICIAL_TRANSITION_EVIDENCE,KAP_MARKETS,KAP_MARKET:4028328c550642950155066367d0001b:33E5FED802CC00EAE0530A4A622B2AEA:4028e4a140f2ed720140f37b033601b2:TBORG,https://www.kap.org.tr/tr/Pazarlar,NO_HISTORICAL_TICKER_FOUND,Collection continues under the current ticker; no alias was inferred.
TCELL,,No official historical ticker transition was present in V1 inputs.,,NO_OFFICIAL_TRANSITION_EVIDENCE,KAP_MARKETS,KAP_MARKET:4028328c550642950155066367d0001b:4028328c6d92933b016e21b838963f42:4028e4a1486ec80a0148c55510d71d31:TCELL,https://www.kap.org.tr/tr/Pazarlar,NO_HISTORICAL_TICKER_FOUND,Collection continues under the current ticker; no alias was inferred.
TCKRC,,No official historical ticker transition was present in V1 inputs.,,NO_OFFICIAL_TRANSITION_EVIDENCE,KAP_MARKETS,KAP_MARKET:4028328c550642950155066367d0001b:4028328c6d92933b016e21b838963f42:8acae2c48c3efac0019137973fd07e5e:TCKRC,https://www.kap.org.tr/tr/Pazarlar,NO_HISTORICAL_TICKER_FOUND,Collection continues under the current ticker; no alias was inferred.
TDGYO,,No official historical ticker transition was present in V1 inputs.,,NO_OFFICIAL_TRANSITION_EVIDENCE,KAP_MARKETS,KAP_MARKET:4028328c550642950155066367d0001b:4028328c6d92933b016e21b91b463f54:8acae2c45fc5ff9d01613299f17a2065:TDGYO,https://www.kap.org.tr/tr/Pazarlar,NO_HISTORICAL_TICKER_FOUND,Collection continues under the current ticker; no alias was inferred.
TEHOL,,No official historical ticker transition was present in V1 inputs.,,NO_OFFICIAL_TRANSITION_EVIDENCE,KAP_MARKETS,KAP_MARKET:4028328c550642950155066367d0001b:33E5FED802CC00EAE0530A4A622B2AEA:4028e4a240ee866c0140f1f6699e0018:TEHOL,https://www.kap.org.tr/tr/Pazarlar,NO_HISTORICAL_TICKER_FOUND,Collection continues under the current ticker; no alias was inferred.
TEKTU,,No official historical ticker transition was present in V1 inputs.,,NO_OFFICIAL_TRANSITION_EVIDENCE,KAP_MARKETS,KAP_MARKET:4028328c550642950155066367d0001b:33E5FED802CC00EAE0530A4A622B2AEA:4028e4a1416e696301416effc1a04330:TEKTU,https://www.kap.org.tr/tr/Pazarlar,NO_HISTORICAL_TICKER_FOUND,Collection continues under the current ticker; no alias was inferred.
TERA,,No official historical ticker transition was present in V1 inputs.,,NO_OFFICIAL_TRANSITION_EVIDENCE,KAP_MARKETS,KAP_MARKET:4028328c550642950155066367d0001b:33E5FED802CC00EAE0530A4A622B2AEA:4028e4a141733b56014178115f7e51e7:TERA,https://www.kap.org.tr/tr/Pazarlar,NO_HISTORICAL_TICKER_FOUND,Collection continues under the current ticker; no alias was inferred.
TEZOL,,No official historical ticker transition was present in V1 inputs.,,NO_OFFICIAL_TRANSITION_EVIDENCE,KAP_MARKETS,KAP_MARKET:4028328c550642950155066367d0001b:4028328c6d92933b016e21b838963f42:8acae2c468aeffb7016949376d695d6c:TEZOL,https://www.kap.org.tr/tr/Pazarlar,NO_HISTORICAL_TICKER_FOUND,Collection continues under the current ticker; no alias was inferred.
TGSAS,,No official historical ticker transition was present in V1 inputs.,,NO_OFFICIAL_TRANSITION_EVIDENCE,KAP_MARKETS,KAP_MARKET:4028328c550642950155066367d0001b:33E5FED802CC00EAE0530A4A622B2AEA:4028e4a140f2ed710140f3255bea009c:TGSAS,https://www.kap.org.tr/tr/Pazarlar,NO_HISTORICAL_TICKER_FOUND,Collection continues under the current ticker; no alias was inferred.
THYAO,,No official historical ticker transition was present in V1 inputs.,,NO_OFFICIAL_TRANSITION_EVIDENCE,KAP_MARKETS,KAP_MARKET:4028328c550642950155066367d0001b:4028328c6d92933b016e21b838963f42:4028e4a140f2ed720140f376bebb01a7:THYAO,https://www.kap.org.tr/tr/Pazarlar,NO_HISTORICAL_TICKER_FOUND,Collection continues under the current ticker; no alias was inferred.
TKFEN,,No official historical ticker transition was present in V1 inputs.,,NO_OFFICIAL_TRANSITION_EVIDENCE,KAP_MARKETS,KAP_MARKET:4028328c550642950155066367d0001b:4028328c6d92933b016e21b838963f42:4028e4a140f2ed720140f31367840112:TKFEN,https://www.kap.org.tr/tr/Pazarlar,NO_HISTORICAL_TICKER_FOUND,Collection continues under the current ticker; no alias was inferred.
TKNSA,,No official historical ticker transition was present in V1 inputs.,,NO_OFFICIAL_TRANSITION_EVIDENCE,KAP_MARKETS,KAP_MARKET:4028328c550642950155066367d0001b:33E5FED802CC00EAE0530A4A622B2AEA:4028e4a240f2ef470140f31ac6aa006f:TKNSA,https://www.kap.org.tr/tr/Pazarlar,NO_HISTORICAL_TICKER_FOUND,Collection continues under the current ticker; no alias was inferred.
TLMAN,,No official historical ticker transition was present in V1 inputs.,,NO_OFFICIAL_TRANSITION_EVIDENCE,KAP_MARKETS,KAP_MARKET:4028328c550642950155066367d0001b:33E5FED802CC00EAE0530A4A622B2AEA:8acae2c45fc5ff9d0160e9391f3b05a4:TLMAN,https://www.kap.org.tr/tr/Pazarlar,NO_HISTORICAL_TICKER_FOUND,Collection continues under the current ticker; no alias was inferred.
TMPOL,,No official historical ticker transition was present in V1 inputs.,,NO_OFFICIAL_TRANSITION_EVIDENCE,KAP_MARKETS,KAP_MARKET:4028328c550642950155066367d0001b:33E5FED802CC00EAE0530A4A622B2AEA:4028e4a246b4c5ad0148319a4a87518f:TMPOL,https://www.kap.org.tr/tr/Pazarlar,NO_HISTORICAL_TICKER_FOUND,Collection continues under the current ticker; no alias was inferred.
TMSN,,No official historical ticker transition was present in V1 inputs.,,NO_OFFICIAL_TRANSITION_EVIDENCE,KAP_MARKETS,KAP_MARKET:4028328c550642950155066367d0001b:4028328c6d92933b016e21b838963f42:4028e4a141e536460141e53904b50025:TMSN,https://www.kap.org.tr/tr/Pazarlar,NO_HISTORICAL_TICKER_FOUND,Collection continues under the current ticker; no alias was inferred.
TNZTP,,No official historical ticker transition was present in V1 inputs.,,NO_OFFICIAL_TRANSITION_EVIDENCE,KAP_MARKETS,KAP_MARKET:4028328c550642950155066367d0001b:4028328c6d92933b016e21b838963f42:8acae2c575a1b5b601773e8cc29d0b24:TNZTP,https://www.kap.org.tr/tr/Pazarlar,NO_HISTORICAL_TICKER_FOUND,Collection continues under the current ticker; no alias was inferred.
TOASO,,No official historical ticker transition was present in V1 inputs.,,NO_OFFICIAL_TRANSITION_EVIDENCE,KAP_MARKETS,KAP_MARKET:4028328c550642950155066367d0001b:4028328c6d92933b016e21b838963f42:4028e4a140f2ed710140f328bed700a5:TOASO,https://www.kap.org.tr/tr/Pazarlar,NO_HISTORICAL_TICKER_FOUND,Collection continues under the current ticker; no alias was inferred.
TRALT,,No official historical ticker transition was present in V1 inputs.,,NO_OFFICIAL_TRANSITION_EVIDENCE,KAP_MARKETS,KAP_MARKET:4028328c550642950155066367d0001b:4028328c6d92933b016e21b838963f42:4028e4a2422d9a6e0142bd91d3687a69:TRALT,https://www.kap.org.tr/tr/Pazarlar,NO_HISTORICAL_TICKER_FOUND,Collection continues under the current ticker; no alias was inferred.
TRCAS,,No official historical ticker transition was present in V1 inputs.,,NO_OFFICIAL_TRANSITION_EVIDENCE,KAP_MARKETS,KAP_MARKET:4028328c550642950155066367d0001b:4028328c6d92933b016e21b838963f42:4028e4a1415f4d9b01416005c65d3d53:TRCAS,https://www.kap.org.tr/tr/Pazarlar,NO_HISTORICAL_TICKER_FOUND,Collection continues under the current ticker; no alias was inferred.
TRENJ,,No official historical ticker transition was present in V1 inputs.,,NO_OFFICIAL_TRANSITION_EVIDENCE,KAP_MARKETS,KAP_MARKET:4028328c550642950155066367d0001b:4028328c6d92933b016e21b838963f42:4028e4a2422d9a6e0142bd9255a37a70:TRENJ,https://www.kap.org.tr/tr/Pazarlar,NO_HISTORICAL_TICKER_FOUND,Collection continues under the current ticker; no alias was inferred.
TRGYO,,No official historical ticker transition was present in V1 inputs.,,NO_OFFICIAL_TRANSITION_EVIDENCE,KAP_MARKETS,KAP_MARKET:4028328c550642950155066367d0001b:4028328c6d92933b016e21b838963f42:4028e4a1413b7ef5014144f83882011f:TRGYO,https://www.kap.org.tr/tr/Pazarlar,NO_HISTORICAL_TICKER_FOUND,Collection continues under the current ticker; no alias was inferred.
TRHOL,,No official historical ticker transition was present in V1 inputs.,,NO_OFFICIAL_TRANSITION_EVIDENCE,KAP_MARKETS,KAP_MARKET:4028328c550642950155066367d0001b:4028328c6d92933b016e21b91b463f54:4028e4a140f2ed7101411163985a021e:TRHOL,https://www.kap.org.tr/tr/Pazarlar,NO_HISTORICAL_TICKER_FOUND,Collection continues under the current ticker; no alias was inferred.
TRILC,,No official historical ticker transition was present in V1 inputs.,,NO_OFFICIAL_TRANSITION_EVIDENCE,KAP_MARKETS,KAP_MARKET:4028328c550642950155066367d0001b:33E5FED802BE00EAE0530A4A622B2AEA:8acae2c575a1b5b601773ec6c0030b66:TRILC,https://www.kap.org.tr/tr/Pazarlar,NO_HISTORICAL_TICKER_FOUND,Collection continues under the current ticker; no alias was inferred.
TRMET,,No official historical ticker transition was present in V1 inputs.,,NO_OFFICIAL_TRANSITION_EVIDENCE,KAP_MARKETS,KAP_MARKET:4028328c550642950155066367d0001b:4028328c6d92933b016e21b838963f42:4028e4a2422d9a6e0142bd921d307a6d:TRMET,https://www.kap.org.tr/tr/Pazarlar,NO_HISTORICAL_TICKER_FOUND,Collection continues under the current ticker; no alias was inferred.
TSGYO,,No official historical ticker transition was present in V1 inputs.,,NO_OFFICIAL_TRANSITION_EVIDENCE,KAP_MARKETS,KAP_MARKET:4028328c550642950155066367d0001b:33E5FED802CC00EAE0530A4A622B2AEA:4028e4a240f2ef470140f37174c600a7:TSGYO,https://www.kap.org.tr/tr/Pazarlar,NO_HISTORICAL_TICKER_FOUND,Collection continues under the current ticker; no alias was inferred.
TSKB,,No official historical ticker transition was present in V1 inputs.,,NO_OFFICIAL_TRANSITION_EVIDENCE,KAP_MARKETS,KAP_MARKET:4028328c550642950155066367d0001b:4028328c6d92933b016e21b838963f42:4028e4a140f2ed710140f3831c6300fd:TSKB,https://www.kap.org.tr/tr/Pazarlar,NO_HISTORICAL_TICKER_FOUND,Collection continues under the current ticker; no alias was inferred.
TSPOR,,No official historical ticker transition was present in V1 inputs.,,NO_OFFICIAL_TRANSITION_EVIDENCE,KAP_MARKETS,KAP_MARKET:4028328c550642950155066367d0001b:4028328c6d92933b016e21b838963f42:4028e4a141da49e50141e0852f272b80:TSPOR,https://www.kap.org.tr/tr/Pazarlar,NO_HISTORICAL_TICKER_FOUND,Collection continues under the current ticker; no alias was inferred.
TTKOM,,No official historical ticker transition was present in V1 inputs.,,NO_OFFICIAL_TRANSITION_EVIDENCE,KAP_MARKETS,KAP_MARKET:4028328c550642950155066367d0001b:4028328c6d92933b016e21b838963f42:4028e4a241e538ab0141ea9c96912c8b:TTKOM,https://www.kap.org.tr/tr/Pazarlar,NO_HISTORICAL_TICKER_FOUND,Collection continues under the current ticker; no alias was inferred.
TTRAK,,No official historical ticker transition was present in V1 inputs.,,NO_OFFICIAL_TRANSITION_EVIDENCE,KAP_MARKETS,KAP_MARKET:4028328c550642950155066367d0001b:4028328c6d92933b016e21b838963f42:4028e4a140f2ed720140f3790d6a01ad:TTRAK,https://www.kap.org.tr/tr/Pazarlar,NO_HISTORICAL_TICKER_FOUND,Collection continues under the current ticker; no alias was inferred.
TUCLK,,No official historical ticker transition was present in V1 inputs.,,NO_OFFICIAL_TRANSITION_EVIDENCE,KAP_MARKETS,KAP_MARKET:4028328c550642950155066367d0001b:33E5FED802CC00EAE0530A4A622B2AEA:4028e4a146b4c4110147f3bb4e795ce5:TUCLK,https://www.kap.org.tr/tr/Pazarlar,NO_HISTORICAL_TICKER_FOUND,Collection continues under the current ticker; no alias was inferred.
TUKAS,,No official historical ticker transition was present in V1 inputs.,,NO_OFFICIAL_TRANSITION_EVIDENCE,KAP_MARKETS,KAP_MARKET:4028328c550642950155066367d0001b:4028328c6d92933b016e21b838963f42:4028e4a240f2ef470140f373b77f00ac:TUKAS,https://www.kap.org.tr/tr/Pazarlar,NO_HISTORICAL_TICKER_FOUND,Collection continues under the current ticker; no alias was inferred.
TUPRS,,No official historical ticker transition was present in V1 inputs.,,NO_OFFICIAL_TRANSITION_EVIDENCE,KAP_MARKETS,KAP_MARKET:4028328c550642950155066367d0001b:4028328c6d92933b016e21b838963f42:4028e4a140f2ed720140f37f139c01bc:TUPRS,https://www.kap.org.tr/tr/Pazarlar,NO_HISTORICAL_TICKER_FOUND,Collection continues under the current ticker; no alias was inferred.
TUREX,,No official historical ticker transition was present in V1 inputs.,,NO_OFFICIAL_TRANSITION_EVIDENCE,KAP_MARKETS,KAP_MARKET:4028328c550642950155066367d0001b:4028328c6d92933b016e21b838963f42:402821824bf524dd014d7babc2134829:TUREX,https://www.kap.org.tr/tr/Pazarlar,NO_HISTORICAL_TICKER_FOUND,Collection continues under the current ticker; no alias was inferred.
TURGG,,No official historical ticker transition was present in V1 inputs.,,NO_OFFICIAL_TRANSITION_EVIDENCE,KAP_MARKETS,KAP_MARKET:4028328c550642950155066367d0001b:33E5FED802CC00EAE0530A4A622B2AEA:4028e4a140f2ed720140f3440383018e:TURGG,https://www.kap.org.tr/tr/Pazarlar,NO_HISTORICAL_TICKER_FOUND,Collection continues under the current ticker; no alias was inferred.
TURSG,,No official historical ticker transition was present in V1 inputs.,,NO_OFFICIAL_TRANSITION_EVIDENCE,KAP_MARKETS,KAP_MARKET:4028328c550642950155066367d0001b:4028328c6d92933b016e21b838963f42:4028e4a140e95be70140ee2f466d0159:TURSG,https://www.kap.org.tr/tr/Pazarlar,NO_HISTORICAL_TICKER_FOUND,Collection continues under the current ticker; no alias was inferred.
UCAYM,,No official historical ticker transition was present in V1 inputs.,,NO_OFFICIAL_TRANSITION_EVIDENCE,KAP_MARKETS,KAP_MARKET:4028328c550642950155066367d0001b:4028328c6d92933b016e21b838963f42:8acae2c49b85f8ce019ba3efeb403292:UCAYM,https://www.kap.org.tr/tr/Pazarlar,NO_HISTORICAL_TICKER_FOUND,Collection continues under the current ticker; no alias was inferred.
UFUK,,No official historical ticker transition was present in V1 inputs.,,NO_OFFICIAL_TRANSITION_EVIDENCE,KAP_MARKETS,KAP_MARKET:4028328c550642950155066367d0001b:33E5FED802CC00EAE0530A4A622B2AEA:4028e4a24158e42201415afe28e760a4:UFUK,https://www.kap.org.tr/tr/Pazarlar,NO_HISTORICAL_TICKER_FOUND,Collection continues under the current ticker; no alias was inferred.
ULAS,,No official historical ticker transition was present in V1 inputs.,,NO_OFFICIAL_TRANSITION_EVIDENCE,KAP_MARKETS,KAP_MARKET:4028328c550642950155066367d0001b:4028328c6d92933b016e21b91b463f54:4028e4a240f2ef4c0140f38adfa1008d:ULAS,https://www.kap.org.tr/tr/Pazarlar,NO_HISTORICAL_TICKER_FOUND,Collection continues under the current ticker; no alias was inferred.
ULKER,,No official historical ticker transition was present in V1 inputs.,,NO_OFFICIAL_TRANSITION_EVIDENCE,KAP_MARKETS,KAP_MARKET:4028328c550642950155066367d0001b:4028328c6d92933b016e21b838963f42:4028e4a14184e9c901419801438a422b:ULKER,https://www.kap.org.tr/tr/Pazarlar,NO_HISTORICAL_TICKER_FOUND,Collection continues under the current ticker; no alias was inferred.
ULUFA,,No official historical ticker transition was present in V1 inputs.,,NO_OFFICIAL_TRANSITION_EVIDENCE,KAP_MARKETS,KAP_MARKET:4028328c550642950155066367d0001b:33E5FED802CC00EAE0530A4A622B2AEA:4028e4a1416e696301416f321c3d5ca7:ULUFA,https://www.kap.org.tr/tr/Pazarlar,NO_HISTORICAL_TICKER_FOUND,Collection continues under the current ticker; no alias was inferred.
ULUSE,,No official historical ticker transition was present in V1 inputs.,,NO_OFFICIAL_TRANSITION_EVIDENCE,KAP_MARKETS,KAP_MARKET:4028328c550642950155066367d0001b:33E5FED802CC00EAE0530A4A622B2AEA:4028e4a24a069620014a341cfac83419:ULUSE,https://www.kap.org.tr/tr/Pazarlar,NO_HISTORICAL_TICKER_FOUND,Collection continues under the current ticker; no alias was inferred.
ULUUN,,No official historical ticker transition was present in V1 inputs.,,NO_OFFICIAL_TRANSITION_EVIDENCE,KAP_MARKETS,KAP_MARKET:4028328c550642950155066367d0001b:33E5FED802CC00EAE0530A4A622B2AEA:4028e4a14371e09d0143c4d925022442:ULUUN,https://www.kap.org.tr/tr/Pazarlar,NO_HISTORICAL_TICKER_FOUND,Collection continues under the current ticker; no alias was inferred.
UMPAS,,No official historical ticker transition was present in V1 inputs.,,NO_OFFICIAL_TRANSITION_EVIDENCE,KAP_MARKETS,KAP_MARKET:4028328c550642950155066367d0001b:33E5FED802B000EAE0530A4A622B2AEA:4028e4a240f2ef4c0140f38be24f0091:UMPAS,https://www.kap.org.tr/tr/Pazarlar,NO_HISTORICAL_TICKER_FOUND,Collection continues under the current ticker; no alias was inferred.
UNLU,,No official historical ticker transition was present in V1 inputs.,,NO_OFFICIAL_TRANSITION_EVIDENCE,KAP_MARKETS,KAP_MARKET:4028328c550642950155066367d0001b:33E5FED802CC00EAE0530A4A622B2AEA:4028e4a24bcf2bca014be9def2a47203:UNLU,https://www.kap.org.tr/tr/Pazarlar,NO_HISTORICAL_TICKER_FOUND,Collection continues under the current ticker; no alias was inferred.
USAK,,No official historical ticker transition was present in V1 inputs.,,NO_OFFICIAL_TRANSITION_EVIDENCE,KAP_MARKETS,KAP_MARKET:4028328c550642950155066367d0001b:4028328c6d92933b016e21b838963f42:1DE05DAA843E073AE0530A4A622A2EBD:USAK,https://www.kap.org.tr/tr/Pazarlar,NO_HISTORICAL_TICKER_FOUND,Collection continues under the current ticker; no alias was inferred.
VAKBN,,No official historical ticker transition was present in V1 inputs.,,NO_OFFICIAL_TRANSITION_EVIDENCE,KAP_MARKETS,KAP_MARKET:4028328c550642950155066367d0001b:4028328c6d92933b016e21b838963f42:4028e4a1415f4d9b01415fe3340f36e4:VAKBN,https://www.kap.org.tr/tr/Pazarlar,NO_HISTORICAL_TICKER_FOUND,Collection continues under the current ticker; no alias was inferred.
VAKFA,,No official historical ticker transition was present in V1 inputs.,,NO_OFFICIAL_TRANSITION_EVIDENCE,KAP_MARKETS,KAP_MARKET:4028328c550642950155066367d0001b:4028328c6d92933b016e21b838963f42:4028e4a2422d9a7801426b0fb4db037d:VAKFA,https://www.kap.org.tr/tr/Pazarlar,NO_HISTORICAL_TICKER_FOUND,Collection continues under the current ticker; no alias was inferred.
VAKFN,,No official historical ticker transition was present in V1 inputs.,,NO_OFFICIAL_TRANSITION_EVIDENCE,KAP_MARKETS,KAP_MARKET:4028328c550642950155066367d0001b:4028328c6d92933b016e21b838963f42:4028e4a241462fd801414fa81cce2e75:VAKFN,https://www.kap.org.tr/tr/Pazarlar,NO_HISTORICAL_TICKER_FOUND,Collection continues under the current ticker; no alias was inferred.
VAKKO,,No official historical ticker transition was present in V1 inputs.,,NO_OFFICIAL_TRANSITION_EVIDENCE,KAP_MARKETS,KAP_MARKET:4028328c550642950155066367d0001b:4028328c6d92933b016e21b838963f42:4028e4a2422d9a6e014251b075f0227f:VAKKO,https://www.kap.org.tr/tr/Pazarlar,NO_HISTORICAL_TICKER_FOUND,Collection continues under the current ticker; no alias was inferred.
VANGD,,No official historical ticker transition was present in V1 inputs.,,NO_OFFICIAL_TRANSITION_EVIDENCE,KAP_MARKETS,KAP_MARKET:4028328c550642950155066367d0001b:4028328c6d92933b016e21b91b463f54:4028e4a1416e696301416ecfa3fb2ca4:VANGD,https://www.kap.org.tr/tr/Pazarlar,NO_HISTORICAL_TICKER_FOUND,Collection continues under the current ticker; no alias was inferred.
VBTYZ,,No official historical ticker transition was present in V1 inputs.,,NO_OFFICIAL_TRANSITION_EVIDENCE,KAP_MARKETS,KAP_MARKET:4028328c550642950155066367d0001b:33E5FED802CC00EAE0530A4A622B2AEA:8acae2c4794d3648017a420bdd4c4fa3:VBTYZ,https://www.kap.org.tr/tr/Pazarlar,NO_HISTORICAL_TICKER_FOUND,Collection continues under the current ticker; no alias was inferred.
VERTU,,No official historical ticker transition was present in V1 inputs.,,NO_OFFICIAL_TRANSITION_EVIDENCE,KAP_MARKETS,KAP_MARKET:4028328c550642950155066367d0001b:33E5FED802CC00EAE0530A4A622B2AEA:4028e4a2420327a4014209c59cc91457:VERTU,https://www.kap.org.tr/tr/Pazarlar,NO_HISTORICAL_TICKER_FOUND,Collection continues under the current ticker; no alias was inferred.
VERUS,,No official historical ticker transition was present in V1 inputs.,,NO_OFFICIAL_TRANSITION_EVIDENCE,KAP_MARKETS,KAP_MARKET:4028328c550642950155066367d0001b:33E5FED802CC00EAE0530A4A622B2AEA:4028e4a2422d9a78014275ba7f133b05:VERUS,https://www.kap.org.tr/tr/Pazarlar,NO_HISTORICAL_TICKER_FOUND,Collection continues under the current ticker; no alias was inferred.
VESBE,,No official historical ticker transition was present in V1 inputs.,,NO_OFFICIAL_TRANSITION_EVIDENCE,KAP_MARKETS,KAP_MARKET:4028328c550642950155066367d0001b:4028328c6d92933b016e21b838963f42:4028e4a140f2ed7201412c223c9707e6:VESBE,https://www.kap.org.tr/tr/Pazarlar,NO_HISTORICAL_TICKER_FOUND,Collection continues under the current ticker; no alias was inferred.
VESTL,,No official historical ticker transition was present in V1 inputs.,,NO_OFFICIAL_TRANSITION_EVIDENCE,KAP_MARKETS,KAP_MARKET:4028328c550642950155066367d0001b:4028328c6d92933b016e21b838963f42:4028e4a140f2ed7201412c2000c507db:VESTL,https://www.kap.org.tr/tr/Pazarlar,NO_HISTORICAL_TICKER_FOUND,Collection continues under the current ticker; no alias was inferred.
VKFYO,,No official historical ticker transition was present in V1 inputs.,,NO_OFFICIAL_TRANSITION_EVIDENCE,KAP_MARKETS,KAP_MARKET:4028328c550642950155066367d0001b:4028328c6d92933b016e21b91b463f54:4028e4a241462fd801414fa6227c2e62:VKFYO,https://www.kap.org.tr/tr/Pazarlar,NO_HISTORICAL_TICKER_FOUND,Collection continues under the current ticker; no alias was inferred.
VKGYO,,No official historical ticker transition was present in V1 inputs.,,NO_OFFICIAL_TRANSITION_EVIDENCE,KAP_MARKETS,KAP_MARKET:4028328c550642950155066367d0001b:4028328c6d92933b016e21b838963f42:4028e4a140f2ed72014101a0d3b501f7:VKGYO,https://www.kap.org.tr/tr/Pazarlar,NO_HISTORICAL_TICKER_FOUND,Collection continues under the current ticker; no alias was inferred.
VKING,,No official historical ticker transition was present in V1 inputs.,,NO_OFFICIAL_TRANSITION_EVIDENCE,KAP_MARKETS,KAP_MARKET:4028328c550642950155066367d0001b:33E5FED802CC00EAE0530A4A622B2AEA:4028e4a140f2ed72014101a2d00a01fe:VKING,https://www.kap.org.tr/tr/Pazarlar,NO_HISTORICAL_TICKER_FOUND,Collection continues under the current ticker; no alias was inferred.
VRGYO,,No official historical ticker transition was present in V1 inputs.,,NO_OFFICIAL_TRANSITION_EVIDENCE,KAP_MARKETS,KAP_MARKET:4028328c550642950155066367d0001b:33E5FED802CC00EAE0530A4A622B2AEA:8acae2c486d22a3a018b27e15c37493e:VRGYO,https://www.kap.org.tr/tr/Pazarlar,NO_HISTORICAL_TICKER_FOUND,Collection continues under the current ticker; no alias was inferred.
VSNMD,,No official historical ticker transition was present in V1 inputs.,,NO_OFFICIAL_TRANSITION_EVIDENCE,KAP_MARKETS,KAP_MARKET:4028328c550642950155066367d0001b:33E5FED802CC00EAE0530A4A622B2AEA:8acae2c59145e00e01949893374b244d:VSNMD,https://www.kap.org.tr/tr/Pazarlar,NO_HISTORICAL_TICKER_FOUND,Collection continues under the current ticker; no alias was inferred.
YAPRK,,No official historical ticker transition was present in V1 inputs.,,NO_OFFICIAL_TRANSITION_EVIDENCE,KAP_MARKETS,KAP_MARKET:4028328c550642950155066367d0001b:33E5FED802CC00EAE0530A4A622B2AEA:4028e4a1416e696501416eec8e443d62:YAPRK,https://www.kap.org.tr/tr/Pazarlar,NO_HISTORICAL_TICKER_FOUND,Collection continues under the current ticker; no alias was inferred.
YATAS,,No official historical ticker transition was present in V1 inputs.,,NO_OFFICIAL_TRANSITION_EVIDENCE,KAP_MARKETS,KAP_MARKET:4028328c550642950155066367d0001b:4028328c6d92933b016e21b838963f42:4028e4a140f2ed72014106c48768022e:YATAS,https://www.kap.org.tr/tr/Pazarlar,NO_HISTORICAL_TICKER_FOUND,Collection continues under the current ticker; no alias was inferred.
YAYLA,,No official historical ticker transition was present in V1 inputs.,,NO_OFFICIAL_TRANSITION_EVIDENCE,KAP_MARKETS,KAP_MARKET:4028328c550642950155066367d0001b:33E5FED802CC00EAE0530A4A622B2AEA:4028e4a1486ec80b0148c539d6721829:YAYLA,https://www.kap.org.tr/tr/Pazarlar,NO_HISTORICAL_TICKER_FOUND,Collection continues under the current ticker; no alias was inferred.
YBTAS,,No official historical ticker transition was present in V1 inputs.,,NO_OFFICIAL_TRANSITION_EVIDENCE,KAP_MARKETS,KAP_MARKET:4028328c550642950155066367d0001b:33E5FED802B000EAE0530A4A622B2AEA:4028e4a2416f888d01416f94bfb001ec:YBTAS,https://www.kap.org.tr/tr/Pazarlar,NO_HISTORICAL_TICKER_FOUND,Collection continues under the current ticker; no alias was inferred.
YEOTK,,No official historical ticker transition was present in V1 inputs.,,NO_OFFICIAL_TRANSITION_EVIDENCE,KAP_MARKETS,KAP_MARKET:4028328c550642950155066367d0001b:4028328c6d92933b016e21b838963f42:4028e4a140f2ed7101413af3da8c0440:YEOTK,https://www.kap.org.tr/tr/Pazarlar,NO_HISTORICAL_TICKER_FOUND,Collection continues under the current ticker; no alias was inferred.
YESIL,,No official historical ticker transition was present in V1 inputs.,,NO_OFFICIAL_TRANSITION_EVIDENCE,KAP_MARKETS,KAP_MARKET:4028328c550642950155066367d0001b:33E5FED802CC00EAE0530A4A622B2AEA:4028e4a2416e696c01416edc458b30f0:YESIL,https://www.kap.org.tr/tr/Pazarlar,NO_HISTORICAL_TICKER_FOUND,Collection continues under the current ticker; no alias was inferred.
YGGYO,,No official historical ticker transition was present in V1 inputs.,,NO_OFFICIAL_TRANSITION_EVIDENCE,KAP_MARKETS,KAP_MARKET:4028328c550642950155066367d0001b:4028328c6d92933b016e21b838963f42:4028e4a241733d4201417cda3f421321:YGGYO,https://www.kap.org.tr/tr/Pazarlar,NO_HISTORICAL_TICKER_FOUND,Collection continues under the current ticker; no alias was inferred.
YIGIT,,No official historical ticker transition was present in V1 inputs.,,NO_OFFICIAL_TRANSITION_EVIDENCE,KAP_MARKETS,KAP_MARKET:4028328c550642950155066367d0001b:33E5FED802CC00EAE0530A4A622B2AEA:8acae2c48c3efac0018fabe5e40b5043:YIGIT,https://www.kap.org.tr/tr/Pazarlar,NO_HISTORICAL_TICKER_FOUND,Collection continues under the current ticker; no alias was inferred.
YKBNK,,No official historical ticker transition was present in V1 inputs.,,NO_OFFICIAL_TRANSITION_EVIDENCE,KAP_MARKETS,KAP_MARKET:4028328c550642950155066367d0001b:4028328c6d92933b016e21b838963f42:4028e4a240f2ef4c01412ae6d6630538:YKBNK,https://www.kap.org.tr/tr/Pazarlar,NO_HISTORICAL_TICKER_FOUND,Collection continues under the current ticker; no alias was inferred.
YKSLN,,No official historical ticker transition was present in V1 inputs.,,NO_OFFICIAL_TRANSITION_EVIDENCE,KAP_MARKETS,KAP_MARKET:4028328c550642950155066367d0001b:33E5FED802CC00EAE0530A4A622B2AEA:8acae2c569cee403016a6e925a8b5bd8:YKSLN,https://www.kap.org.tr/tr/Pazarlar,NO_HISTORICAL_TICKER_FOUND,Collection continues under the current ticker; no alias was inferred.
YONGA,,No official historical ticker transition was present in V1 inputs.,,NO_OFFICIAL_TRANSITION_EVIDENCE,KAP_MARKETS,KAP_MARKET:4028328c550642950155066367d0001b:33E5FED802B000EAE0530A4A622B2AEA:4028e4a24158e42201415b0fde196300:YONGA,https://www.kap.org.tr/tr/Pazarlar,NO_HISTORICAL_TICKER_FOUND,Collection continues under the current ticker; no alias was inferred.
YUNSA,,No official historical ticker transition was present in V1 inputs.,,NO_OFFICIAL_TRANSITION_EVIDENCE,KAP_MARKETS,KAP_MARKET:4028328c550642950155066367d0001b:33E5FED802CC00EAE0530A4A622B2AEA:4028e4a240f2ef4c014101b726fa011d:YUNSA,https://www.kap.org.tr/tr/Pazarlar,NO_HISTORICAL_TICKER_FOUND,Collection continues under the current ticker; no alias was inferred.
YYAPI,,No official historical ticker transition was present in V1 inputs.,,NO_OFFICIAL_TRANSITION_EVIDENCE,KAP_MARKETS,KAP_MARKET:4028328c550642950155066367d0001b:33E5FED802BE00EAE0530A4A622B2AEA:4028e4a1416e696301416f35f8425ec3:YYAPI,https://www.kap.org.tr/tr/Pazarlar,NO_HISTORICAL_TICKER_FOUND,Collection continues under the current ticker; no alias was inferred.
YYLGD,,No official historical ticker transition was present in V1 inputs.,,NO_OFFICIAL_TRANSITION_EVIDENCE,KAP_MARKETS,KAP_MARKET:4028328c550642950155066367d0001b:4028328c6d92933b016e21b838963f42:4028e4a2420a2daf014213d4625d3edc:YYLGD,https://www.kap.org.tr/tr/Pazarlar,NO_HISTORICAL_TICKER_FOUND,Collection continues under the current ticker; no alias was inferred.
ZEDUR,,No official historical ticker transition was present in V1 inputs.,,NO_OFFICIAL_TRANSITION_EVIDENCE,KAP_MARKETS,KAP_MARKET:4028328c550642950155066367d0001b:33E5FED802CC00EAE0530A4A622B2AEA:4028e4a240f2ef470141164fd5f803a1:ZEDUR,https://www.kap.org.tr/tr/Pazarlar,NO_HISTORICAL_TICKER_FOUND,Collection continues under the current ticker; no alias was inferred.
ZERGY,,No official historical ticker transition was present in V1 inputs.,,NO_OFFICIAL_TRANSITION_EVIDENCE,KAP_MARKETS,KAP_MARKET:4028328c550642950155066367d0001b:4028328c6d92933b016e21b838963f42:8acae2c5998f25d7019aed48b7597a50:ZERGY,https://www.kap.org.tr/tr/Pazarlar,NO_HISTORICAL_TICKER_FOUND,Collection continues under the current ticker; no alias was inferred.
ZGYO,,No official historical ticker transition was present in V1 inputs.,,NO_OFFICIAL_TRANSITION_EVIDENCE,KAP_MARKETS,KAP_MARKET:4028328c550642950155066367d0001b:33E5FED802CC00EAE0530A4A622B2AEA:8acae2c5998f25d7019b732d4d683a5c:ZGYO,https://www.kap.org.tr/tr/Pazarlar,NO_HISTORICAL_TICKER_FOUND,Collection continues under the current ticker; no alias was inferred.
ZOREN,,No official historical ticker transition was present in V1 inputs.,,NO_OFFICIAL_TRANSITION_EVIDENCE,KAP_MARKETS,KAP_MARKET:4028328c550642950155066367d0001b:4028328c6d92933b016e21b838963f42:4028e4a140f2ed7201412c19687407a7:ZOREN,https://www.kap.org.tr/tr/Pazarlar,NO_HISTORICAL_TICKER_FOUND,Collection continues under the current ticker; no alias was inferred.
ZRGYO,,No official historical ticker transition was present in V1 inputs.,,NO_OFFICIAL_TRANSITION_EVIDENCE,KAP_MARKETS,KAP_MARKET:4028328c550642950155066367d0001b:4028328c6d92933b016e21b838963f42:8acae2c45835eb660158bfedd32d3332:ZRGYO,https://www.kap.org.tr/tr/Pazarlar,NO_HISTORICAL_TICKER_FOUND,Collection continues under the current ticker; no alias was inferred.
